series,label,maps_to,first_q,last_q,n,mean_1522,sd_1522,ar1,n_post,mean_2326,diff,y2023,y2024,y2025,y2026H1,last_yoy,source_url
WPU4561,US PPI commodity: IT technical support & consulting (partial = produced by software publishers only; == PCU513210513210506),"contract price, software-publisher support (not IT-services firms)",2009Q1,2026Q2,27,1.29,1.101,0.489,14,9.529,8.239,6.831,20.185,3.248,6.175,20.199,https://download.bls.gov/pub/time.series/wp/wp.data.30.Services
PCU513210513210506,"US PPI: software publishers - maintenance, tech support & related services",contract price,1998Q1,2026Q2,27,1.29,1.105,0.493,14,9.529,8.239,6.831,20.185,3.248,6.175,20.199,https://download.bls.gov/pub/time.series/pc/pc.data.53.Publishing
PCU518210518210,"US PPI: data processing, hosting & related (NAICS 518210)",contract price (per service),2001Q1,2026Q2,27,0.854,0.855,0.66,14,1.812,0.958,1.517,1.24,3.188,0.791,0.059,https://download.bls.gov/pub/time.series/pc/pc.data.56.ISPsSearchPortandDataProcess
PCU5182105182101,US PPI: 518210 - business process management services,contract price (per service),2001Q1,2026Q2,27,-0.772,2.17,0.789,14,0.183,0.955,0.25,0.243,0.144,0.006,0.004,https://download.bls.gov/pub/time.series/pc/pc.data.56.ISPsSearchPortandDataProcess
PCU541610541610,US PPI: management consulting (model pricing: hours x rates x realization),p/a (model),2006Q3,2026Q2,27,1.181,4.656,0.577,14,1.334,0.154,2.359,2.695,-0.086,-0.596,-0.913,https://download.bls.gov/pub/time.series/pc/pc.data.63.ProfessionalandTechnicalServ
CIU2025400000000I,"US ECI wages & salaries, private, professional/scientific/technical services industry",wage cost w,2006Q1,2026Q2,27,2.814,1.193,0.512,14,3.505,0.691,4.042,3.584,3.325,2.633,2.588,https://api.bls.gov/publicAPI/v1/timeseries/data/CIU2025400000000I
CIU2020000120000I,"US ECI wages & salaries, private, professional & related occupations",wage cost w,2006Q1,2026Q2,27,2.584,0.901,1.026,14,4.011,1.428,4.7,3.814,3.732,3.588,3.484,https://api.bls.gov/publicAPI/v1/timeseries/data/CIU2020000120000I
CEU6054150003,"US CES avg hourly earnings, all employees, NAICS 5415 computer systems design",wage cost w,2006Q2,2026Q2,27,3.47,1.869,0.865,14,3.597,0.126,1.47,4.38,5.298,2.882,2.263,https://api.bls.gov/publicAPI/v1/timeseries/data/CEU6054150003
HR6L,"UK SPPI J62 computer programming, consultancy & related (domestic, 2015=100)",p/a mostly (charge-out rates),2008Q4,2026Q2,27,2.028,1.242,0.716,14,2.741,0.713,4.022,2.721,0.549,4.602,5.221,https://www.ons.gov.uk/economy/inflationandpriceindices/timeseries/hr6l/sppi
HRFE,UK SPPI J6202 computer consultancy services,p/a mostly,1996Q1,2026Q2,27,1.773,0.982,0.732,14,2.659,0.886,3.519,3.916,0.701,2.338,3.305,https://www.ons.gov.uk/economy/inflationandpriceindices/timeseries/hrfe/sppi
HR6O,UK SPPI J6201 computer programming services,p/a (time-based),2018Q4,2026Q2,8,4.43,1.84,-0.343,14,3.122,-1.308,4.527,2.159,0.668,7.145,7.499,https://www.ons.gov.uk/economy/inflationandpriceindices/timeseries/hr6o/sppi
B985RG,"US BEA price index, private fixed investment in software (T5.3.4 l.17)",input-cost based (circular),1959Q1,2026Q2,27,-2.101,0.529,0.495,14,-0.707,1.394,0.032,0.708,-1.981,-2.469,-1.168,https://apps.bea.gov/national/Release/TXT/NipaDataQ.txt
