stmt_id,primary,secondary,note
TCS-00,B,,
DEM-TCS-001,E,,
DEM-TCS-002,E,A,growth reported despite sub-vertical weakness
DEM-TCS-003,E,,
DEM-TCS-004,E,,
DEM-TCS-005,E,,
DEM-TCS-006,A,,
DEM-TCS-007,E,,
DEM-TCS-008,A,,
TCS-01,B,,
TCS-02,B,,
DEM-TCS-009,E,,
DEM-TCS-010,E,,
DEM-TCS-011,E,A,
DEM-TCS-012,E,,
DEM-TCS-013,E,,
DEM-TCS-014,E,,
DEM-TCS-015,E,,
DEM-TCS-016,E,A,
DEM-TCS-017,E,,
DEM-TCS-018,E,,
DEM-TCS-019,E,,
TCS-03,E,,COLA increases = price increase
DEM-TCS-020,E,A,overall strength; India second-wave disruption
DEM-TCS-021,E,,
DEM-TCS-022,E,,
DEM-TCS-023,E,,
DEM-TCS-024,A,,
DEM-TCS-025,E,,
DEM-TCS-026,E,A,
DEM-TCS-027,E,,
TCS-04,D,,technological progress reprices renewals lower (counted as automation)
TCS-05,B,C,efficiency gains shared; portfolio pricing stable
TCS-06,C,,"offshoring mix deflation, not AI"
DEM-TCS-028,E,,
DEM-TCS-029,E,,
DEM-TCS-030,E,,
DEM-TCS-031,E,,
DEM-TCS-032,E,,
DEM-TCS-033,A,,
DEM-TCS-034,E,,
TCS-07,E,,
DEM-TCS-035,E,,
DEM-TCS-036,E,,
DEM-TCS-037,E,,
DEM-TCS-038,E,,
DEM-TCS-039,E,,
DEM-TCS-040,E,,
TCS-08,E,,
TCS-09,B,E,realization flat in quarter
DEM-TCS-041,E,,
DEM-TCS-042,A,,
DEM-TCS-043,E,,
DEM-TCS-044,E,,
DEM-TCS-045,E,,denies macro hit to tech spend
DEM-TCS-046,E,,
TCS-10,E,,
DEM-TCS-047,E,,
DEM-TCS-048,E,A,
DEM-TCS-049,E,,
DEM-TCS-050,E,,
DEM-TCS-051,E,A,
DEM-TCS-052,E,,
DEM-TCS-053,E,,
TCS-11,E,,
DEM-TCS-054,E,,
DEM-TCS-055,E,,
DEM-TCS-056,E,,
DEM-TCS-057,A,,
DEM-TCS-058,A,,
DEM-TCS-059,E,,
DEM-TCS-060,A,,
DEM-TCS-061,E,,
DEM-TCS-062,E,,
DEM-TCS-063,A,,
DEM-TCS-064,E,,hiring tied to demand visibility
DEM-TCS-065,E,A,
DEM-TCS-066,A,,
DEM-TCS-067,A,,
DEM-TCS-068,E,,
DEM-TCS-069,E,,
DEM-TCS-070,A,,
DEM-TCS-071,A,,
DEM-TCS-072,A,,
DEM-TCS-073,A,,
DEM-TCS-074,A,,
TCS-12,E,,"headcount/volume remark, no pricing claim"
TCS-13,B,,says GenAI not yet shaping contract pricing
DEM-TCS-075,A,,
DEM-TCS-076,A,E,
DEM-TCS-077,A,,
DEM-TCS-078,A,,
DEM-TCS-079,A,,
DEM-TCS-080,A,,
DEM-TCS-081,E,,
DEM-TCS-082,A,,
DEM-TCS-083,E,,
DEM-TCS-084,A,,
DEM-TCS-085,E,,
DEM-TCS-086,A,,
DEM-TCS-087,A,E,
DEM-TCS-088,A,,
DEM-TCS-089,E,A,
DEM-TCS-090,E,,furloughs described as normal
DEM-TCS-091,A,,
DEM-TCS-092,A,,
DEM-TCS-093,A,,
TCS-14,E,,margin walk
TCS-15,B,,
DEM-TCS-094,E,,
DEM-TCS-095,A,,
DEM-TCS-096,A,,
DEM-TCS-097,A,,
DEM-TCS-098,E,,
DEM-TCS-099,A,,
DEM-TCS-100,A,,
DEM-TCS-101,E,,
DEM-TCS-102,A,,
TCS-16,E,,
DEM-TCS-103,A,,
DEM-TCS-104,A,E,
DEM-TCS-105,A,E,
DEM-TCS-106,E,,
DEM-TCS-107,E,,
DEM-TCS-108,A,,
DEM-TCS-109,A,,
DEM-TCS-110,A,,
DEM-TCS-111,A,,
DEM-TCS-112,A,,
DEM-TCS-113,E,,
TCS-17,B,,
TCS-18,E,,AI productivity estimate; pass-through not stated
TCS-19,E,,AI productivity estimate; pass-through not stated
TCS-20,C,,"renewal productivity, no AI; scope offsets"
TCS-21,D,,
DEM-TCS-114,E,,
DEM-TCS-115,A,,
DEM-TCS-116,A,,
DEM-TCS-117,E,A,
DEM-TCS-118,E,,
DEM-TCS-119,A,,
DEM-TCS-120,E,,
DEM-TCS-121,A,,
DEM-TCS-122,E,,
DEM-TCS-123,A,,
DEM-TCS-124,A,,
DEM-TCS-125,A,,
DEM-TCS-126,E,A,
DEM-TCS-127,E,,
DEM-TCS-128,E,,
DEM-TCS-129,A,,
DEM-TCS-130,A,,
DEM-TCS-131,E,A,
DEM-TCS-132,A,,
DEM-TCS-133,E,A,near-term pressure is supply-side
DEM-TCS-134,A,,
DEM-TCS-135,E,,positive macro outlook
DEM-TCS-136,E,,
DEM-TCS-137,A,,
DEM-TCS-138,A,,
DEM-TCS-139,E,,
DEM-TCS-140,A,,
DEM-TCS-141,E,A,
DEM-TCS-142,A,,
DEM-TCS-143,A,,
TCS-22,B,,AI has not changed pricing model
DEM-TCS-144,E,,
DEM-TCS-145,E,A,
DEM-TCS-146,A,,
DEM-TCS-147,A,,
DEM-TCS-148,A,,
DEM-TCS-149,A,E,
DEM-TCS-150,A,,clients' tech-driven cost optimisation
DEM-TCS-151,E,,positive macro outlook
DEM-TCS-152,A,,
DEM-TCS-153,E,,
DEM-TCS-154,E,,deal cycles shortening
DEM-TCS-155,A,,
DEM-TCS-156,E,,
DEM-TCS-157,E,,
TCS-23,D,,
TCS-24,D,,AI savings given; net revenue positive
TCS-25,D,,
DEM-TCS-158,A,,
DEM-TCS-159,A,,
DEM-TCS-160,A,,
DEM-TCS-161,A,,
DEM-TCS-162,A,,
DEM-TCS-163,A,,
DEM-TCS-164,A,,
DEM-TCS-165,A,E,
DEM-TCS-166,E,,
DEM-TCS-167,E,,
DEM-TCS-168,A,E,
DEM-TCS-169,E,,
DEM-TCS-170,A,,
DEM-TCS-171,E,,
TCS-26,B,C,
TCS-27,D,,AI link from analyst question
DEM-TCS-172,A,,
DEM-TCS-173,A,,
DEM-TCS-174,E,,
DEM-TCS-175,A,,
DEM-TCS-176,E,,
DEM-TCS-177,A,,
DEM-TCS-178,A,,
DEM-TCS-179,A,,
DEM-TCS-180,E,A,
DEM-TCS-181,A,,
DEM-TCS-182,A,,
DEM-TCS-183,A,,
DEM-TCS-184,E,,
DEM-TCS-185,A,,
DEM-TCS-186,A,,
DEM-TCS-187,E,,
DEM-TCS-188,A,,
DEM-TCS-189,A,,
DEM-TCS-190,A,,
TCS-28,D,,
TCS-29,E,,delivery productivity; no price claim
TCS-30,E,,
DEM-TCS-191,E,,
DEM-TCS-192,A,,
DEM-TCS-193,A,,
DEM-TCS-194,E,,
DEM-TCS-195,E,,deferrals reduced
TCS-31,C,,explicitly non-AI renewal productivity
TCS-32,C,B,renewal productivity offset by volume
TCS-33,C,B,renewal productivity offset by volume
TCS-34,D,,
DEM-TCS-196,E,,
DEM-TCS-197,E,,
DEM-TCS-198,A,,
DEM-TCS-199,A,,
DEM-TCS-200,E,,
DEM-TCS-201,E,,
DEM-TCS-202,E,,
DEM-TCS-203,E,,decision-making faster
DEM-TCS-204,E,A,
DEM-TCS-205,E,,
TCS-35,E,,
TCS-36,E,,unclear
TCS-37,C,,firm chooses competitive pricing
TCS-38,D,,
DEM-TCS-206,E,,
DEM-TCS-207,A,,
DEM-TCS-208,E,A,
DEM-TCS-209,A,,
DEM-TCS-210,A,,
DEM-TCS-211,A,E,
DEM-TCS-212,E,,clients not deferring for AI models
DEM-TCS-213,E,,
DEM-TCS-214,E,A,impact limited to Middle East/travel
DEM-TCS-215,E,,
TCS-39,D,,AI link from analyst question
TCS-40,D,,AI link from same exchange
TCS-41,D,,
TCS-42,B,,denies AI-led deflation
TCS-43,C,,general productivity question; AI not named
TCS-44,E,,
DEM-TCS-216,A,,
DEM-TCS-217,A,,
DEM-TCS-218,A,E,
DEM-TCS-219,A,,
DEM-TCS-220,A,E,
DEM-TCS-221,A,,
DEM-TCS-222,A,,
DEM-TCS-223,E,,
DEM-TCS-224,A,,
DEM-TCS-225,E,,
DEM-TCS-226,E,,
DEM-Infosys-001,E,,
DEM-Infosys-002,E,,
DEM-Infosys-003,E,,
DEM-Infosys-004,E,A,
DEM-Infosys-005,A,,
DEM-Infosys-006,E,A,
DEM-Infosys-007,E,A,
DEM-Infosys-008,E,,
Infosys-00,E,,
DEM-Infosys-009,E,,
DEM-Infosys-010,E,,
DEM-Infosys-011,E,,
DEM-Infosys-012,E,,
DEM-Infosys-013,E,,
DEM-Infosys-014,A,,
DEM-Infosys-015,E,A,
DEM-Infosys-016,E,,
DEM-Infosys-017,E,,no impact from tax change
DEM-Infosys-018,E,,
Infosys-01,E,,
DEM-Infosys-019,E,,
DEM-Infosys-020,E,,
DEM-Infosys-021,E,,
DEM-Infosys-022,E,,
DEM-Infosys-023,E,,
DEM-Infosys-024,E,,
DEM-Infosys-025,E,,positive macro outlook
DEM-Infosys-026,E,,
DEM-Infosys-027,A,,
DEM-Infosys-028,E,,
Infosys-02,E,,
DEM-Infosys-029,E,,
DEM-Infosys-030,E,,
DEM-Infosys-031,E,,
DEM-Infosys-032,E,,
DEM-Infosys-033,E,,
DEM-Infosys-034,E,,
DEM-Infosys-035,E,,
DEM-Infosys-036,E,,
DEM-Infosys-037,E,,
Infosys-03,B,,
Infosys-04,C,,
DEM-Infosys-038,E,,
DEM-Infosys-039,E,,
DEM-Infosys-040,E,,
DEM-Infosys-041,E,,
DEM-Infosys-042,E,,
DEM-Infosys-043,E,,
DEM-Infosys-044,E,,
DEM-Infosys-045,E,,
Infosys-05,E,,margin walk
DEM-Infosys-046,E,,
DEM-Infosys-047,E,,
DEM-Infosys-048,E,,
DEM-Infosys-049,E,A,
DEM-Infosys-050,E,,one-off base effect; demand fine
DEM-Infosys-051,E,,no demand impact from macro
DEM-Infosys-052,E,,no demand impact from war
DEM-Infosys-053,E,,
Infosys-06,E,,margin walk
Infosys-07,E,,
Infosys-08,E,B,
DEM-Infosys-054,E,,
DEM-Infosys-055,E,,
DEM-Infosys-056,E,,
DEM-Infosys-057,A,E,
DEM-Infosys-058,E,,
DEM-Infosys-059,E,,
DEM-Infosys-060,A,,
Infosys-09,B,,
Infosys-10,E,,
DEM-Infosys-061,A,,
DEM-Infosys-062,A,,
DEM-Infosys-063,E,,
DEM-Infosys-064,E,,
DEM-Infosys-065,A,E,
DEM-Infosys-066,A,,
DEM-Infosys-067,A,,
DEM-Infosys-068,A,,
DEM-Infosys-069,E,,
DEM-Infosys-070,A,,
Infosys-11,B,E,
Infosys-12,C,,
DEM-Infosys-071,A,,
DEM-Infosys-072,E,,
DEM-Infosys-073,A,,furloughs and project closures
DEM-Infosys-074,A,,
DEM-Infosys-075,A,E,
DEM-Infosys-076,E,,
DEM-Infosys-077,A,,
DEM-Infosys-078,E,,
DEM-Infosys-079,E,,
DEM-Infosys-080,A,,
DEM-Infosys-081,A,,
Infosys-13,B,C,renewal discounts curbed
DEM-Infosys-082,A,,
DEM-Infosys-083,E,,
DEM-Infosys-084,A,,
DEM-Infosys-085,A,E,
DEM-Infosys-086,A,,
DEM-Infosys-087,A,,
DEM-Infosys-088,E,,
DEM-Infosys-089,A,,
DEM-Infosys-090,A,,
DEM-Infosys-091,A,,
DEM-Infosys-092,A,,
DEM-Infosys-093,A,E,
DEM-Infosys-094,A,,
DEM-Infosys-095,A,,
DEM-Infosys-096,A,,
Infosys-14,A,D,client cost-optimisation priority; AI asked
DEM-Infosys-097,A,,
DEM-Infosys-098,A,,
DEM-Infosys-099,E,,
DEM-Infosys-100,A,,
DEM-Infosys-101,A,E,
DEM-Infosys-102,A,,
DEM-Infosys-103,E,A,
DEM-Infosys-104,A,E,
DEM-Infosys-105,A,,
DEM-Infosys-106,A,,
DEM-Infosys-107,A,,
DEM-Infosys-108,A,,shift away from transformation spend
DEM-Infosys-109,A,,
DEM-Infosys-110,A,,
Infosys-15,E,,margin walk
Infosys-16,B,,
DEM-Infosys-111,A,,
DEM-Infosys-112,A,,
DEM-Infosys-113,A,E,
DEM-Infosys-114,A,,
DEM-Infosys-115,A,,
DEM-Infosys-116,A,E,
DEM-Infosys-117,A,,
DEM-Infosys-118,A,,
DEM-Infosys-119,A,,
DEM-Infosys-120,E,,
Infosys-17,B,,
DEM-Infosys-121,A,,
DEM-Infosys-122,A,E,
DEM-Infosys-123,A,,
DEM-Infosys-124,A,,
DEM-Infosys-125,A,,
DEM-Infosys-126,A,,
DEM-Infosys-127,E,,
DEM-Infosys-128,A,E,
DEM-Infosys-129,A,,
DEM-Infosys-130,A,,
Infosys-18,B,D,no AI rate change; more output for clients
DEM-Infosys-131,A,,
DEM-Infosys-132,A,,
DEM-Infosys-133,E,,
DEM-Infosys-134,A,,
DEM-Infosys-135,A,,
DEM-Infosys-136,A,,
DEM-Infosys-137,A,,
DEM-Infosys-138,A,,
DEM-Infosys-139,A,,
DEM-Infosys-140,A,,
DEM-Infosys-141,A,,
DEM-Infosys-142,E,,
Infosys-19,E,,
Infosys-20,E,,
DEM-Infosys-143,E,,
DEM-Infosys-144,A,,
DEM-Infosys-145,A,,
DEM-Infosys-146,A,E,
DEM-Infosys-147,A,E,
DEM-Infosys-148,A,E,
DEM-Infosys-149,A,,
DEM-Infosys-150,A,,
DEM-Infosys-151,A,,
DEM-Infosys-152,A,,
Infosys-21,E,,
Infosys-22,B,E,
DEM-Infosys-153,E,,
DEM-Infosys-154,A,,
DEM-Infosys-155,A,,
DEM-Infosys-156,A,,
DEM-Infosys-157,A,,
DEM-Infosys-158,A,,
DEM-Infosys-159,A,,
DEM-Infosys-160,E,,
DEM-Infosys-161,E,,
DEM-Infosys-162,E,,decision cycles unchanged
Infosys-23,E,,
Infosys-24,D,,
Infosys-25,D,,
DEM-Infosys-163,A,,
DEM-Infosys-164,E,,
DEM-Infosys-165,E,,positive macro outlook
DEM-Infosys-166,A,,
DEM-Infosys-167,E,,
DEM-Infosys-168,A,,
DEM-Infosys-169,A,,
DEM-Infosys-170,A,,
DEM-Infosys-171,E,,
DEM-Infosys-172,E,,
Infosys-26,B,,denies AI revenue deflation
Infosys-27,D,,
Infosys-28,D,,
DEM-Infosys-173,E,,
DEM-Infosys-174,E,,
DEM-Infosys-175,A,,
DEM-Infosys-176,A,,
DEM-Infosys-177,E,,
DEM-Infosys-178,A,,
DEM-Infosys-179,A,,
DEM-Infosys-180,A,,
DEM-Infosys-181,A,,
DEM-Infosys-182,A,,
DEM-Infosys-183,A,,
Infosys-29,E,,
Infosys-30,E,,
Infosys-31,D,,AI link from analyst question
Infosys-32,A,,
DEM-Infosys-184,A,,
DEM-Infosys-185,E,,
DEM-Infosys-186,A,E,
DEM-Infosys-187,A,,
DEM-Infosys-188,A,E,
DEM-Infosys-189,A,,
DEM-Infosys-190,A,,
DEM-Infosys-191,A,,
DEM-Infosys-192,A,,
DEM-Infosys-194,A,E,
DEM-Infosys-195,E,,
DEM-Infosys-196,E,,
DEM-Infosys-197,A,,
DEM-Infosys-198,E,,
Infosys-33,C,,"AI offsets deflation, does not cause it"
Infosys-34,E,,
Infosys-35,E,,unclear
DEM-Infosys-199,E,A,
DEM-Infosys-200,A,,
DEM-Infosys-201,A,E,
DEM-Infosys-202,E,,
DEM-Infosys-203,A,,
DEM-Infosys-204,A,,
DEM-Infosys-205,A,,
DEM-Infosys-206,A,E,
DEM-Infosys-207,A,,
DEM-Infosys-208,A,,
DEM-Infosys-209,E,,
DEM-Infosys-210,E,,
Infosys-36,C,,productivity-led compression; AI not named
Infosys-37,E,B,
Infosys-38,D,,AI link from analyst question
Infosys-39,D,,
DEM-Infosys-211,E,,
DEM-Infosys-212,E,,
DEM-Infosys-213,A,,
DEM-Infosys-214,E,,
DEM-Infosys-215,A,,
DEM-Infosys-216,A,E,
DEM-Infosys-217,E,,
DEM-Infosys-218,E,,
DEM-Infosys-219,E,,
DEM-Infosys-220,E,,
DEM-Infosys-221,A,E,
DEM-Infosys-222,A,C,clients seek productivity benefits; AI not named
DEM-Infosys-223,E,,positive macro outlook
Infosys-40,C,,margin guidance; pass-throughs not AI-linked
Infosys-41,A,,
Infosys-42,C,,
Infosys-43,D,,AI link from analyst question
Infosys-44,D,,AI link from analyst question
Infosys-45,B,,no re-opened productivity asks
Infosys-46,C,,deflation not attributed to AI
DEM-Infosys-224,A,,
DEM-Infosys-225,A,,
DEM-Infosys-226,E,,
DEM-Infosys-227,A,,
DEM-Infosys-228,E,A,
DEM-Infosys-229,A,,
DEM-Infosys-230,A,,
DEM-Infosys-231,A,,
DEM-Infosys-233,E,,
DEM-Infosys-234,E,,
DEM-Infosys-235,A,,
DEM-Infosys-236,E,,
DEM-Infosys-237,A,,
DEM-Infosys-238,A,,
Infosys-47,C,,
Infosys-48,D,,
Infosys-49,C,A,
Infosys-50,D,C,
Infosys-51,D,,
Infosys-52,D,,AI link from analyst question
Infosys-53,C,,
DEM-Infosys-239,A,,
DEM-Infosys-240,A,,
DEM-Infosys-241,A,,
DEM-Infosys-242,A,,
DEM-Infosys-243,A,,
DEM-Infosys-244,A,,
DEM-Infosys-245,A,,
DEM-Infosys-246,A,,
DEM-Infosys-247,A,,
DEM-Infosys-248,A,,
DEM-Infosys-249,E,,
DEM-Infosys-250,E,,
HCLTech-00,B,,
DEM-HCLTech-001,E,,
DEM-HCLTech-002,E,,pent-up demand returning
DEM-HCLTech-003,E,,
DEM-HCLTech-004,E,,
DEM-HCLTech-005,A,,
DEM-HCLTech-006,E,,
DEM-HCLTech-007,E,A,
DEM-HCLTech-008,E,,macro drives cost-transformation deals
HCLTech-01,C,,
DEM-HCLTech-009,E,A,
DEM-HCLTech-010,E,,
DEM-HCLTech-011,E,,
DEM-HCLTech-012,E,,
DEM-HCLTech-013,E,,
HCLTech-02,C,,
DEM-HCLTech-014,E,,
DEM-HCLTech-015,E,,
DEM-HCLTech-016,E,,
DEM-HCLTech-017,E,,
DEM-HCLTech-018,E,,
DEM-HCLTech-019,E,,
DEM-HCLTech-020,E,,
HCLTech-03,E,,
HCLTech-04,B,,
DEM-HCLTech-021,E,,
DEM-HCLTech-022,E,,
DEM-HCLTech-023,E,,
DEM-HCLTech-024,E,,
DEM-HCLTech-025,E,,
DEM-HCLTech-026,A,,
DEM-HCLTech-027,E,,
DEM-HCLTech-028,E,,
HCLTech-05,E,,
HCLTech-06,E,,
DEM-HCLTech-029,E,,
DEM-HCLTech-030,E,,
DEM-HCLTech-031,E,,
DEM-HCLTech-032,E,,
DEM-HCLTech-033,E,,
DEM-HCLTech-034,E,,slipped deals recovered
DEM-HCLTech-035,E,,
HCLTech-07,E,,
HCLTech-08,E,,
DEM-HCLTech-036,E,,geopolitics drives offshoring demand
DEM-HCLTech-037,E,,
DEM-HCLTech-038,E,,
DEM-HCLTech-039,E,,
DEM-HCLTech-040,E,,
DEM-HCLTech-041,E,,
HCLTech-09,E,,
HCLTech-10,C,,
HCLTech-11,E,,
HCLTech-12,E,,
HCLTech-13,E,,
DEM-HCLTech-042,E,,
DEM-HCLTech-043,E,,
DEM-HCLTech-044,E,,
DEM-HCLTech-045,E,,denies slowdown
DEM-HCLTech-046,E,,
HCLTech-14,E,,
HCLTech-15,E,,
HCLTech-16,E,,
HCLTech-17,E,,
DEM-HCLTech-047,E,,
DEM-HCLTech-048,A,,
DEM-HCLTech-049,E,,
DEM-HCLTech-050,E,,
DEM-HCLTech-051,E,,
DEM-HCLTech-052,A,,
DEM-HCLTech-053,E,,
DEM-HCLTech-054,E,A,
HCLTech-18,E,,
HCLTech-19,E,,
HCLTech-20,E,,
DEM-HCLTech-055,E,,
DEM-HCLTech-056,A,,
DEM-HCLTech-057,A,,
DEM-HCLTech-058,A,,
DEM-HCLTech-059,A,,
DEM-HCLTech-060,A,,
DEM-HCLTech-061,E,A,
DEM-HCLTech-062,E,,
DEM-HCLTech-063,A,,
DEM-HCLTech-064,A,,
DEM-HCLTech-065,E,,
HCLTech-21,B,,no price expansion; growth from volume
HCLTech-22,C,,
HCLTech-23,D,,
DEM-HCLTech-066,E,,
DEM-HCLTech-067,E,,
DEM-HCLTech-068,A,,fresher intake cut for market conditions
DEM-HCLTech-069,A,,
DEM-HCLTech-070,E,,
DEM-HCLTech-071,A,,
DEM-HCLTech-072,A,,
DEM-HCLTech-073,A,,
DEM-HCLTech-074,E,A,
DEM-HCLTech-075,A,,
DEM-HCLTech-076,E,A,
DEM-HCLTech-077,A,,
DEM-HCLTech-078,A,,
DEM-HCLTech-079,A,,
HCLTech-24,C,,
HCLTech-25,B,,GenAI not yet in contract terms
HCLTech-26,D,,forward-looking
DEM-HCLTech-080,A,,
DEM-HCLTech-081,E,A,
DEM-HCLTech-082,A,,
DEM-HCLTech-083,E,,
DEM-HCLTech-084,E,,
DEM-HCLTech-085,A,,
DEM-HCLTech-086,A,,
DEM-HCLTech-087,A,,
DEM-HCLTech-088,A,,
DEM-HCLTech-089,A,,
DEM-HCLTech-090,E,,
DEM-HCLTech-091,A,,
DEM-HCLTech-092,A,,
DEM-HCLTech-093,E,,
DEM-HCLTech-094,A,,
DEM-HCLTech-095,A,,
DEM-HCLTech-096,A,,
DEM-HCLTech-097,E,A,
DEM-HCLTech-098,E,,
DEM-HCLTech-099,E,,
DEM-HCLTech-100,E,A,
DEM-HCLTech-101,A,E,
HCLTech-27,C,,
HCLTech-28,C,,
HCLTech-29,C,,
DEM-HCLTech-102,E,,
DEM-HCLTech-103,A,,
DEM-HCLTech-104,A,,
DEM-HCLTech-105,E,,
DEM-HCLTech-106,A,,
DEM-HCLTech-107,A,,
DEM-HCLTech-108,E,A,
DEM-HCLTech-109,A,,
DEM-HCLTech-110,A,,clients cut services to fund software price rises
HCLTech-30,C,,
HCLTech-31,C,,"competition, not GenAI"
HCLTech-32,D,,
HCLTech-33,E,,AI productivity estimate; pass-through not stated
HCLTech-34,D,,ML automation benefit
DEM-HCLTech-111,A,,
DEM-HCLTech-112,E,,
DEM-HCLTech-113,E,,
DEM-HCLTech-114,A,,
DEM-HCLTech-115,E,,
DEM-HCLTech-116,A,,
DEM-HCLTech-117,E,,
DEM-HCLTech-118,A,,
DEM-HCLTech-119,A,,
HCLTech-35,D,,
DEM-HCLTech-120,A,,
DEM-HCLTech-121,E,,deal timelines unchanged
DEM-HCLTech-122,E,,
DEM-HCLTech-123,E,,
DEM-HCLTech-124,E,,
DEM-HCLTech-125,E,,
DEM-HCLTech-126,A,,
HCLTech-36,C,,
DEM-HCLTech-127,E,,
DEM-HCLTech-128,E,,
DEM-HCLTech-129,A,,
DEM-HCLTech-130,A,,
DEM-HCLTech-131,E,,
DEM-HCLTech-132,E,A,
DEM-HCLTech-133,E,A,
DEM-HCLTech-134,E,,
DEM-HCLTech-135,E,A,
DEM-HCLTech-136,A,,
DEM-HCLTech-137,A,,
DEM-HCLTech-138,A,,
DEM-HCLTech-139,E,,
HCLTech-37,D,,
HCLTech-38,D,,
HCLTech-39,D,,
HCLTech-40,C,,deflation not AI-linked in quote
DEM-HCLTech-140,A,,
DEM-HCLTech-141,E,,
DEM-HCLTech-142,A,,
DEM-HCLTech-143,A,,
DEM-HCLTech-144,A,,
DEM-HCLTech-145,A,,
DEM-HCLTech-146,E,,faster decisions
DEM-HCLTech-147,A,,
DEM-HCLTech-148,A,,
DEM-HCLTech-149,E,,
HCLTech-41,E,,
HCLTech-42,C,,
HCLTech-43,D,,
HCLTech-44,C,,
HCLTech-45,D,,
HCLTech-46,E,,client headcount cut; no pass-through claim
DEM-HCLTech-150,A,,
DEM-HCLTech-151,A,E,
DEM-HCLTech-152,E,,
DEM-HCLTech-153,E,,no tariff deterioration
DEM-HCLTech-154,A,,
DEM-HCLTech-155,E,A,
DEM-HCLTech-156,E,,
DEM-HCLTech-157,E,,
DEM-HCLTech-158,E,D,modernisation demand offsets GenAI deflation
HCLTech-47,D,,
HCLTech-48,D,,
HCLTech-49,D,,
DEM-HCLTech-159,E,,
DEM-HCLTech-160,E,,
DEM-HCLTech-161,E,,
DEM-HCLTech-162,A,,
DEM-HCLTech-163,E,,
DEM-HCLTech-164,E,A,
DEM-HCLTech-165,E,,
DEM-HCLTech-166,E,,ramp-downs normal
DEM-HCLTech-167,A,,
DEM-HCLTech-168,E,,
DEM-HCLTech-169,A,E,
DEM-HCLTech-170,E,,
DEM-HCLTech-171,A,,
DEM-HCLTech-172,E,,
DEM-HCLTech-173,E,,
DEM-HCLTech-174,A,,
DEM-HCLTech-175,E,,
HCLTech-50,D,,
HCLTech-51,D,,
HCLTech-52,D,,
HCLTech-53,D,,
HCLTech-54,D,,
HCLTech-55,D,,
HCLTech-56,C,,walked away from uneconomic deals
HCLTech-57,D,,
HCLTech-58,D,,
DEM-HCLTech-176,A,,
DEM-HCLTech-177,A,,
DEM-HCLTech-178,A,,
DEM-HCLTech-179,E,,
DEM-HCLTech-180,A,,
DEM-HCLTech-181,A,,
DEM-HCLTech-182,A,,
DEM-HCLTech-183,A,,
DEM-HCLTech-184,A,,
DEM-HCLTech-185,A,,
HCLTech-59,C,,
HCLTech-60,D,,
HCLTech-61,C,,
HCLTech-62,E,,
DEM-HCLTech-186,E,,
DEM-HCLTech-187,A,,
DEM-HCLTech-188,A,,
DEM-HCLTech-189,E,,
DEM-HCLTech-190,A,,
DEM-Wipro-001,E,,
DEM-Wipro-002,E,,
DEM-Wipro-003,E,,
DEM-Wipro-004,E,,
DEM-Wipro-005,E,,
DEM-Wipro-006,E,,
Wipro-00,B,C,normal pressure only
Wipro-01,B,C,normal pressure only
DEM-Wipro-007,E,,
DEM-Wipro-008,E,,
DEM-Wipro-009,E,,
DEM-Wipro-010,E,,
DEM-Wipro-011,A,C,legacy infra shrinking under cost pressure
DEM-Wipro-012,E,,
DEM-Wipro-013,E,,
Wipro-02,E,,
DEM-Wipro-014,E,,
DEM-Wipro-015,E,,
DEM-Wipro-016,E,A,
DEM-Wipro-017,E,,
DEM-Wipro-018,E,,
DEM-Wipro-019,E,,
DEM-Wipro-020,E,,
Wipro-03,B,,
Wipro-04,E,,
DEM-Wipro-021,E,,
DEM-Wipro-022,E,,
DEM-Wipro-023,E,A,
DEM-Wipro-024,E,,
DEM-Wipro-025,A,,
DEM-Wipro-026,E,,
DEM-Wipro-027,E,,
DEM-Wipro-028,E,,
DEM-Wipro-029,E,,
DEM-Wipro-030,E,,
DEM-Wipro-031,E,,
DEM-Wipro-032,E,,
DEM-Wipro-033,E,,
DEM-Wipro-034,E,,
DEM-Wipro-035,E,,
DEM-Wipro-036,E,,
DEM-Wipro-037,E,,
DEM-Wipro-038,E,,
DEM-Wipro-039,E,A,no signs of slowdown yet
DEM-Wipro-040,E,,
DEM-Wipro-041,A,,
Wipro-05,E,,
Wipro-06,B,,
Wipro-07,C,E,
DEM-Wipro-042,E,,
DEM-Wipro-043,E,,
DEM-Wipro-044,E,,
DEM-Wipro-045,E,,
DEM-Wipro-046,A,,
DEM-Wipro-047,E,,
DEM-Wipro-048,E,,no slowdown in Europe
Wipro-08,E,,
Wipro-09,E,,
Wipro-10,E,,
DEM-Wipro-049,A,,
DEM-Wipro-050,E,,
DEM-Wipro-051,A,,
DEM-Wipro-052,A,,
DEM-Wipro-053,A,,
DEM-Wipro-054,E,,
DEM-Wipro-055,E,,
DEM-Wipro-056,A,,
DEM-Wipro-057,A,,
DEM-Wipro-058,A,,
DEM-Wipro-059,E,,
DEM-Wipro-060,E,,
Wipro-11,E,,
DEM-Wipro-061,E,A,
DEM-Wipro-062,A,,
DEM-Wipro-063,E,,
DEM-Wipro-064,A,,
DEM-Wipro-065,A,,
DEM-Wipro-066,E,,
DEM-Wipro-067,E,,
DEM-Wipro-068,A,E,
DEM-Wipro-069,A,,
DEM-Wipro-070,E,,no slowdown in comms/BFSI
DEM-Wipro-071,A,,
DEM-Wipro-072,A,,
DEM-Wipro-073,A,,
DEM-Wipro-074,A,,
DEM-Wipro-075,A,,
DEM-Wipro-076,A,,
DEM-Wipro-077,A,,
DEM-Wipro-078,A,,
DEM-Wipro-079,E,A,
DEM-Wipro-080,E,,
Wipro-12,A,D,client cost optimisation via automation
Wipro-13,E,,client case study
Wipro-14,B,,
Wipro-15,D,,
DEM-Wipro-081,A,,
DEM-Wipro-082,A,,
DEM-Wipro-084,E,,
DEM-Wipro-085,A,,
DEM-Wipro-086,A,,
DEM-Wipro-087,E,,
DEM-Wipro-088,A,E,
DEM-Wipro-089,A,,
DEM-Wipro-090,A,,
DEM-Wipro-091,E,,
DEM-Wipro-092,A,,
DEM-Wipro-093,A,,
DEM-Wipro-094,A,,
DEM-Wipro-095,A,,
DEM-Wipro-096,A,,
DEM-Wipro-097,A,,
DEM-Wipro-098,A,,shift to cost-takeout deals
DEM-Wipro-099,A,,restructuring tied to macro
DEM-Wipro-100,A,,
DEM-Wipro-101,A,,
DEM-Wipro-102,A,,
DEM-Wipro-103,A,E,
DEM-Wipro-104,A,,
DEM-Wipro-105,A,,
DEM-Wipro-106,A,,
DEM-Wipro-107,A,,
DEM-Wipro-108,E,,
DEM-Wipro-109,A,,
DEM-Wipro-110,E,,
DEM-Wipro-111,E,,
DEM-Wipro-112,A,,
DEM-Wipro-113,A,E,
DEM-Wipro-114,E,,
DEM-Wipro-115,A,,
DEM-Wipro-116,E,,
DEM-Wipro-117,A,,
DEM-Wipro-118,A,,
DEM-Wipro-119,A,,
DEM-Wipro-120,A,,
DEM-Wipro-121,E,,
Wipro-16,C,,
Wipro-17,C,D,
DEM-Wipro-122,A,,
DEM-Wipro-123,E,,
DEM-Wipro-124,E,,
DEM-Wipro-125,A,,
DEM-Wipro-126,A,,
DEM-Wipro-127,A,,
DEM-Wipro-128,A,,
Wipro-18,C,,
DEM-Wipro-129,E,,
DEM-Wipro-130,A,,
DEM-Wipro-131,E,,
DEM-Wipro-132,A,,
DEM-Wipro-133,E,,
DEM-Wipro-134,E,,
DEM-Wipro-135,A,,
DEM-Wipro-136,E,,
DEM-Wipro-137,A,,
DEM-Wipro-138,E,,
DEM-Wipro-139,E,,
DEM-Wipro-140,E,,
DEM-Wipro-141,E,A,
DEM-Wipro-142,E,,
DEM-Wipro-143,E,,
DEM-Wipro-144,A,,
DEM-Wipro-145,E,,
DEM-Wipro-146,E,,
DEM-Wipro-147,E,,
Wipro-19,C,,
Wipro-20,D,,
DEM-Wipro-148,A,,
DEM-Wipro-149,A,,
DEM-Wipro-150,A,,
DEM-Wipro-151,A,,
DEM-Wipro-152,A,,
DEM-Wipro-153,A,,
DEM-Wipro-154,A,,
DEM-Wipro-155,A,,
DEM-Wipro-156,A,,
DEM-Wipro-157,E,,
DEM-Wipro-158,A,,
Wipro-21,C,,
Wipro-22,C,,
Wipro-23,E,,
DEM-Wipro-159,A,,
DEM-Wipro-160,E,,
DEM-Wipro-161,E,,
DEM-Wipro-162,E,,
DEM-Wipro-163,A,,
DEM-Wipro-164,E,,
DEM-Wipro-165,E,,
DEM-Wipro-166,A,,
DEM-Wipro-167,A,,
DEM-Wipro-168,E,,
DEM-Wipro-169,A,,
DEM-Wipro-170,A,,
DEM-Wipro-171,E,,
DEM-Wipro-172,A,,
Wipro-24,C,,
Wipro-25,E,,
Wipro-26,C,,
Wipro-27,C,,
Wipro-28,C,,
DEM-Wipro-173,E,,
DEM-Wipro-174,A,,
DEM-Wipro-175,E,,
DEM-Wipro-176,E,,
DEM-Wipro-177,E,,
DEM-Wipro-178,A,,client cost optimisation drives consolidation
DEM-Wipro-179,A,,
DEM-Wipro-180,E,,
DEM-Wipro-181,A,,
DEM-Wipro-182,A,,
DEM-Wipro-183,E,,
Wipro-29,A,,cost-optimisation demand mix
DEM-Wipro-184,E,,
DEM-Wipro-185,E,,
DEM-Wipro-186,A,E,
DEM-Wipro-187,A,,
DEM-Wipro-188,A,,
DEM-Wipro-190,A,,
DEM-Wipro-191,E,,
DEM-Wipro-192,A,,
Wipro-30,C,,
DEM-Wipro-193,E,A,
DEM-Wipro-194,A,,
DEM-Wipro-195,A,,
DEM-Wipro-196,E,,
DEM-Wipro-197,E,,
DEM-Wipro-198,E,,
DEM-Wipro-199,A,,
DEM-Wipro-200,A,,
DEM-Wipro-201,A,,
DEM-Wipro-202,E,A,
Wipro-31,E,,
Wipro-32,E,,
Wipro-33,D,,
Wipro-34,E,,
Wipro-35,A,,budgets compressed
Wipro-36,E,,
Wipro-37,D,C,
DEM-Wipro-203,E,A,
DEM-Wipro-204,A,,
DEM-Wipro-205,E,,
DEM-Wipro-206,A,,
DEM-Wipro-207,E,,
DEM-Wipro-208,E,A,
DEM-Wipro-209,A,,
DEM-Wipro-210,A,,
DEM-Wipro-211,A,,
DEM-Wipro-212,A,,
DEM-Wipro-213,A,,
DEM-Wipro-214,A,,
DEM-Wipro-215,E,,
TechM-00,D,,AI automation cannibalises revenue
DEM-TechM-001,E,,
DEM-TechM-002,E,,
DEM-TechM-003,E,,
DEM-TechM-004,A,,
DEM-TechM-005,E,,
DEM-TechM-006,E,A,
DEM-TechM-007,A,,
DEM-TechM-008,A,,
DEM-TechM-009,E,,
DEM-TechM-010,E,,
DEM-TechM-011,E,,
DEM-TechM-012,E,,
DEM-TechM-013,A,E,
DEM-TechM-014,E,,
DEM-TechM-015,E,,
DEM-TechM-016,E,,
DEM-TechM-017,A,,
DEM-TechM-018,E,,
DEM-TechM-019,E,,
DEM-TechM-020,E,,
DEM-TechM-021,E,,
DEM-TechM-022,E,,telco capex flat but repurposed
DEM-TechM-023,E,,
DEM-TechM-024,E,,
DEM-TechM-025,E,,
DEM-TechM-026,E,,
DEM-TechM-027,E,,
DEM-TechM-028,E,,
DEM-TechM-029,E,,
DEM-TechM-030,E,,
DEM-TechM-031,E,,
TechM-01,E,,
DEM-TechM-032,E,,
DEM-TechM-033,E,,
DEM-TechM-034,A,,furloughs
DEM-TechM-035,E,A,
DEM-TechM-036,A,,
DEM-TechM-037,E,,
TechM-02,E,,
TechM-03,E,,
DEM-TechM-038,E,,
DEM-TechM-039,E,,
DEM-TechM-040,E,A,
DEM-TechM-041,A,E,
DEM-TechM-042,E,,no macro impact on demand
DEM-TechM-043,E,,
TechM-04,E,,
TechM-05,E,,
TechM-06,E,,
DEM-TechM-044,E,,
DEM-TechM-045,E,,deal flows strong despite macro
DEM-TechM-046,E,,
DEM-TechM-047,E,,decision cycles unchanged
DEM-TechM-048,E,,
DEM-TechM-049,E,,no slowdown signal
DEM-TechM-050,E,,
DEM-TechM-051,E,,
DEM-TechM-052,E,,
DEM-TechM-053,E,,
TechM-07,E,,
TechM-08,E,,
TechM-09,E,,
DEM-TechM-054,A,,
DEM-TechM-055,A,,
DEM-TechM-056,E,,
DEM-TechM-057,E,,
DEM-TechM-058,A,,
DEM-TechM-059,E,A,
DEM-TechM-060,A,,
DEM-TechM-061,E,A,
DEM-TechM-062,A,,
DEM-TechM-063,E,,
TechM-10,B,,
DEM-TechM-064,A,E,
DEM-TechM-065,E,,
DEM-TechM-066,A,,
DEM-TechM-067,E,,
DEM-TechM-068,A,,
DEM-TechM-069,A,,
DEM-TechM-070,A,,
DEM-TechM-071,E,,
DEM-TechM-072,A,,
DEM-TechM-073,A,,
DEM-TechM-074,A,,
DEM-TechM-075,A,,
DEM-TechM-076,A,,
TechM-11,E,,
TechM-12,B,,little room for price increases
DEM-TechM-077,A,,
DEM-TechM-078,E,,
DEM-TechM-079,A,E,
DEM-TechM-080,A,E,
DEM-TechM-081,A,,
DEM-TechM-082,E,,
DEM-TechM-083,A,,
DEM-TechM-084,E,,
DEM-TechM-085,A,,
DEM-TechM-086,E,,
DEM-TechM-087,A,,
DEM-TechM-088,A,,
DEM-TechM-089,A,,
DEM-TechM-090,E,A,
DEM-TechM-091,A,,
DEM-TechM-092,A,,
DEM-TechM-093,A,,
DEM-TechM-094,A,,
DEM-TechM-095,A,,
DEM-TechM-096,A,,
DEM-TechM-097,A,,
DEM-TechM-098,A,,
DEM-TechM-099,A,,
DEM-TechM-100,A,,
DEM-TechM-101,E,,
DEM-TechM-102,A,,
TechM-13,E,,
TechM-14,E,,
TechM-15,B,,prices did not rise with wages
DEM-TechM-103,A,,
DEM-TechM-104,A,,
DEM-TechM-105,A,E,
DEM-TechM-106,A,,
DEM-TechM-107,E,,
TechM-16,E,,
TechM-17,B,,
DEM-TechM-108,A,,
DEM-TechM-109,E,,
DEM-TechM-110,E,,
DEM-TechM-111,A,,
DEM-TechM-112,E,,
DEM-TechM-113,E,A,
DEM-TechM-114,E,,
DEM-TechM-115,A,,
DEM-TechM-116,E,,
DEM-TechM-117,E,,
DEM-TechM-118,A,,
DEM-TechM-119,E,,no underlying weakness
TechM-18,E,,
TechM-19,D,,
TechM-20,E,,
DEM-TechM-120,A,,
DEM-TechM-121,A,,
DEM-TechM-122,A,,
DEM-TechM-123,A,,
DEM-TechM-124,E,,
DEM-TechM-125,E,,
DEM-TechM-126,A,,
DEM-TechM-127,A,,
DEM-TechM-128,E,A,
DEM-TechM-129,E,,
DEM-TechM-130,E,,
TechM-21,E,,product claim
TechM-22,D,,new technology benefits at renewal
DEM-TechM-131,E,,
DEM-TechM-132,A,,
DEM-TechM-133,A,E,
DEM-TechM-134,E,,
DEM-TechM-135,E,A,
DEM-TechM-136,E,,
DEM-TechM-137,E,,
TechM-23,E,,
DEM-TechM-138,A,,
DEM-TechM-139,A,,
DEM-TechM-140,E,,
DEM-TechM-141,E,,
DEM-TechM-142,A,,
DEM-TechM-143,A,,
DEM-TechM-144,A,,
DEM-TechM-145,A,,
DEM-TechM-146,A,,
DEM-TechM-147,A,,
DEM-TechM-148,A,,
DEM-TechM-149,E,,no cancellations or delays
DEM-TechM-150,E,,
TechM-24,C,,
DEM-TechM-151,E,,
DEM-TechM-152,A,,
DEM-TechM-153,A,,
DEM-TechM-154,A,,
DEM-TechM-155,E,,consolidation pipeline
DEM-TechM-156,A,E,
DEM-TechM-157,E,,
DEM-TechM-158,E,,
DEM-TechM-159,E,,
DEM-TechM-160,A,,
TechM-25,E,,
TechM-26,D,,AI link from analyst question
TechM-27,E,,
DEM-TechM-161,E,A,
DEM-TechM-162,E,,
DEM-TechM-163,A,,
DEM-TechM-164,A,,
DEM-TechM-165,E,,
DEM-TechM-166,A,,
DEM-TechM-167,A,,
DEM-TechM-168,A,,
DEM-TechM-169,E,,
DEM-TechM-170,A,,
DEM-TechM-171,E,,
TechM-28,A,C,furloughs plus annual productivity
TechM-29,A,C,furloughs plus annual productivity
TechM-30,C,,
TechM-31,E,,
DEM-TechM-173,E,,
DEM-TechM-174,E,,
DEM-TechM-175,A,,
DEM-TechM-176,A,,
DEM-TechM-177,E,,
DEM-TechM-178,E,,
DEM-TechM-179,E,,
DEM-TechM-180,E,,
DEM-TechM-181,E,,
TechM-32,E,,denies past tech-wave deflation
TechM-33,E,,
TechM-34,D,,
TechM-35,E,,
TechM-36,E,,AI productivity kept in fixed price
TechM-37,E,,
TechM-38,D,,
TechM-39,E,,
DEM-TechM-182,A,E,
DEM-TechM-183,A,,
DEM-TechM-184,E,,
DEM-TechM-185,E,,
DEM-TechM-186,A,E,
DEM-TechM-187,E,,
DEM-TechM-188,A,,
DEM-TechM-189,E,,
DEM-TechM-190,A,,
DEM-TechM-191,E,A,
DEM-TechM-192,E,,no AI-driven deal delays seen
DEM-TechM-193,E,,
DEM-TechM-194,E,,
DEM-TechM-195,E,,
TechM-40,E,,
TechM-41,E,,client case study
TechM-42,E,,
TechM-43,C,D,"AI implied, not named"
TechM-44,E,,hardware price inflation
TechM-45,D,C,AI link from analyst question
TechM-46,E,,"internal AI productivity, no pass-through"
DEM-TechM-196,E,,
DEM-TechM-197,E,A,
DEM-TechM-198,E,,
DEM-TechM-199,E,,
DEM-TechM-200,A,,
DEM-TechM-201,A,,insourcing after client takeover
DEM-TechM-202,E,A,
DEM-TechM-203,E,,
DEM-TechM-204,A,,
DEM-TechM-205,E,,
DEM-TechM-206,E,,no outsized delays
DEM-TechM-207,E,,
DEM-TechM-208,E,,
DEM-TechM-209,E,A,
LTIMindtree-00,B,C,ambiguous
DEM-LTIMindtree-001,E,,
DEM-LTIMindtree-002,E,,
DEM-LTIMindtree-003,A,,
DEM-LTIMindtree-004,E,,
DEM-LTIMindtree-005,A,,
DEM-LTIMindtree-006,E,,
LTIMindtree-01,B,,
LTIMindtree-02,B,,
DEM-LTIMindtree-007,A,,
DEM-LTIMindtree-008,E,,
DEM-LTIMindtree-009,A,E,
DEM-LTIMindtree-010,E,,
DEM-LTIMindtree-011,A,,
DEM-LTIMindtree-012,E,,
DEM-LTIMindtree-013,E,,
LTIMindtree-03,D,,
DEM-LTIMindtree-014,E,,
DEM-LTIMindtree-015,E,,
DEM-LTIMindtree-016,E,,
DEM-LTIMindtree-017,E,,
DEM-LTIMindtree-018,E,,
DEM-LTIMindtree-019,E,,demand cycle accelerated
DEM-LTIMindtree-020,A,,
DEM-LTIMindtree-021,E,,
DEM-LTIMindtree-022,E,,
LTIMindtree-04,E,,
LTIMindtree-05,B,,
DEM-LTIMindtree-023,E,,
DEM-LTIMindtree-024,E,,
DEM-LTIMindtree-025,E,,
DEM-LTIMindtree-026,E,,
DEM-LTIMindtree-027,E,,
DEM-LTIMindtree-028,E,,
DEM-LTIMindtree-029,E,,
DEM-LTIMindtree-030,E,A,
DEM-LTIMindtree-031,E,,
DEM-LTIMindtree-032,E,,
DEM-LTIMindtree-033,E,,
DEM-LTIMindtree-034,E,,
DEM-LTIMindtree-035,E,,
LTIMindtree-06,B,E,
DEM-LTIMindtree-036,E,,
DEM-LTIMindtree-037,E,,
DEM-LTIMindtree-038,E,,
DEM-LTIMindtree-039,E,,
DEM-LTIMindtree-040,E,,
DEM-LTIMindtree-041,A,,
DEM-LTIMindtree-042,E,,
LTIMindtree-07,E,,
DEM-LTIMindtree-043,E,,
DEM-LTIMindtree-044,E,,
DEM-LTIMindtree-045,E,,
DEM-LTIMindtree-046,E,,
DEM-LTIMindtree-047,E,,
DEM-LTIMindtree-048,E,A,no slowdown yet; caution noted
DEM-LTIMindtree-049,E,,
DEM-LTIMindtree-050,E,,
DEM-LTIMindtree-051,E,,
LTIMindtree-08,E,,
DEM-LTIMindtree-052,E,,
DEM-LTIMindtree-053,E,A,caution pulls spend forward
DEM-LTIMindtree-054,E,,
DEM-LTIMindtree-055,E,,
DEM-LTIMindtree-056,E,,
DEM-LTIMindtree-057,E,,
DEM-LTIMindtree-058,E,,
DEM-LTIMindtree-059,A,,
DEM-LTIMindtree-060,E,,
DEM-LTIMindtree-061,A,,
LTIMindtree-09,C,,
DEM-LTIMindtree-062,A,,
DEM-LTIMindtree-063,A,,decision cycles normalising
DEM-LTIMindtree-064,E,,
DEM-LTIMindtree-065,A,E,
DEM-LTIMindtree-066,E,,
DEM-LTIMindtree-067,E,,
DEM-LTIMindtree-068,E,,
DEM-LTIMindtree-069,E,,
LTIMindtree-10,E,,
LTIMindtree-11,E,,
DEM-LTIMindtree-070,A,,
DEM-LTIMindtree-071,A,,
DEM-LTIMindtree-072,A,,
DEM-LTIMindtree-073,A,,
DEM-LTIMindtree-074,A,,
DEM-LTIMindtree-075,E,A,
DEM-LTIMindtree-076,E,,
DEM-LTIMindtree-077,E,,
DEM-LTIMindtree-078,A,,
DEM-LTIMindtree-079,E,,
DEM-LTIMindtree-080,A,,hiring restrained by macro caution
DEM-LTIMindtree-081,A,,
DEM-LTIMindtree-082,A,,
DEM-LTIMindtree-083,E,,
DEM-LTIMindtree-084,A,,
DEM-LTIMindtree-085,E,,
LTIMindtree-12,B,,
DEM-LTIMindtree-086,A,E,
DEM-LTIMindtree-087,A,,
DEM-LTIMindtree-088,A,E,
DEM-LTIMindtree-089,E,,
DEM-LTIMindtree-090,A,,
DEM-LTIMindtree-091,E,,
DEM-LTIMindtree-092,A,,
DEM-LTIMindtree-093,E,,
DEM-LTIMindtree-094,A,,
DEM-LTIMindtree-095,A,,
DEM-LTIMindtree-096,A,E,
DEM-LTIMindtree-097,A,,
LTIMindtree-13,E,,
DEM-LTIMindtree-098,E,,
DEM-LTIMindtree-099,A,,
DEM-LTIMindtree-100,E,,
DEM-LTIMindtree-101,E,A,
DEM-LTIMindtree-102,A,,
DEM-LTIMindtree-103,E,,
DEM-LTIMindtree-104,E,,
DEM-LTIMindtree-105,A,,
DEM-LTIMindtree-106,A,,
DEM-LTIMindtree-107,A,,
DEM-LTIMindtree-108,A,,
DEM-LTIMindtree-109,A,,
DEM-LTIMindtree-110,E,,
LTIMindtree-14,D,,
LTIMindtree-15,A,,furloughs and cost takeout
DEM-LTIMindtree-111,A,,
DEM-LTIMindtree-112,E,,
DEM-LTIMindtree-113,E,,
DEM-LTIMindtree-114,E,,
DEM-LTIMindtree-115,A,,
DEM-LTIMindtree-116,A,E,
DEM-LTIMindtree-117,E,,
DEM-LTIMindtree-118,A,,
DEM-LTIMindtree-119,A,,
DEM-LTIMindtree-120,A,,
DEM-LTIMindtree-121,E,,
DEM-LTIMindtree-122,A,,
DEM-LTIMindtree-123,A,,
DEM-LTIMindtree-124,A,,
DEM-LTIMindtree-125,A,,
DEM-LTIMindtree-126,A,,
DEM-LTIMindtree-127,A,,
DEM-LTIMindtree-128,A,,
DEM-LTIMindtree-129,E,,
DEM-LTIMindtree-130,A,,
DEM-LTIMindtree-131,A,,
DEM-LTIMindtree-132,E,,
DEM-LTIMindtree-133,A,,
DEM-LTIMindtree-134,A,,
DEM-LTIMindtree-135,A,,
DEM-LTIMindtree-136,E,,
LTIMindtree-16,A,,
LTIMindtree-17,E,,
DEM-LTIMindtree-137,A,,
DEM-LTIMindtree-138,A,,
DEM-LTIMindtree-139,A,,
DEM-LTIMindtree-140,A,,
DEM-LTIMindtree-141,E,,
DEM-LTIMindtree-143,A,,
DEM-LTIMindtree-144,A,,
DEM-LTIMindtree-145,A,,
DEM-LTIMindtree-146,E,,
DEM-LTIMindtree-147,E,,
DEM-LTIMindtree-148,E,,
DEM-LTIMindtree-149,E,,
DEM-LTIMindtree-150,E,,paused programmes resuming
DEM-LTIMindtree-151,E,,
DEM-LTIMindtree-152,E,,
DEM-LTIMindtree-153,E,A,
DEM-LTIMindtree-154,E,,
DEM-LTIMindtree-155,E,,
DEM-LTIMindtree-156,E,A,
DEM-LTIMindtree-157,E,,
DEM-LTIMindtree-158,A,,
DEM-LTIMindtree-159,E,,
DEM-LTIMindtree-160,A,,
DEM-LTIMindtree-161,A,,
LTIMindtree-18,D,,
LTIMindtree-19,D,,
LTIMindtree-20,D,,
LTIMindtree-21,D,,
LTIMindtree-22,D,,
LTIMindtree-23,D,,
DEM-LTIMindtree-162,E,,
DEM-LTIMindtree-163,A,,
DEM-LTIMindtree-164,E,D,AI productivity headwind noted
DEM-LTIMindtree-165,E,A,
DEM-LTIMindtree-166,E,,
DEM-LTIMindtree-167,A,C,clients want more for less
DEM-LTIMindtree-168,E,,
DEM-LTIMindtree-169,E,,
DEM-LTIMindtree-170,A,,
LTIMindtree-24,D,,
LTIMindtree-25,D,,
DEM-LTIMindtree-171,A,,
DEM-LTIMindtree-172,E,,
DEM-LTIMindtree-173,E,A,
DEM-LTIMindtree-174,A,,
DEM-LTIMindtree-175,E,,
DEM-LTIMindtree-176,A,,headcount cut after building for growth
DEM-LTIMindtree-177,A,,
DEM-LTIMindtree-178,A,,
DEM-LTIMindtree-179,E,,
DEM-LTIMindtree-180,A,,
LTIMindtree-26,D,,AI link from analyst question
LTIMindtree-27,D,,AI link from analyst question
DEM-LTIMindtree-181,E,,
DEM-LTIMindtree-182,E,,
DEM-LTIMindtree-183,A,,
DEM-LTIMindtree-184,A,,clients reallocating spend to AI
DEM-LTIMindtree-185,A,,
DEM-LTIMindtree-186,A,,
DEM-LTIMindtree-187,E,,
DEM-LTIMindtree-188,A,,
DEM-LTIMindtree-189,E,,
LTIMindtree-28,D,,
LTIMindtree-29,D,,
LTIMindtree-30,C,,
LTIMindtree-31,D,,same answer attributes pressure to AI
LTIMindtree-32,E,,AI productivity retained
LTIMindtree-33,E,,client case study
LTIMindtree-34,D,,
DEM-LTIMindtree-191,E,,
DEM-LTIMindtree-192,D,,"attributes pressure to AI, not macro"
DEM-LTIMindtree-193,E,,
DEM-LTIMindtree-194,E,,
DEM-LTIMindtree-195,E,,furloughs normal
DEM-LTIMindtree-196,E,,
LTIMindtree-35,D,,
LTIMindtree-36,E,,
LTIMindtree-37,C,,vendor consolidation at renewal
DEM-LTIMindtree-197,A,,
DEM-LTIMindtree-198,E,,
DEM-LTIMindtree-200,A,,
DEM-LTIMindtree-201,E,,
DEM-LTIMindtree-202,A,E,
DEM-LTIMindtree-203,A,,
DEM-LTIMindtree-204,E,,
LTIMindtree-38,C,,margin; AI not named
LTIMindtree-39,D,,
LTIMindtree-40,D,,
LTIMindtree-41,D,,
LTIMindtree-42,D,,
DEM-LTIMindtree-205,E,,
DEM-LTIMindtree-206,E,,
DEM-LTIMindtree-207,A,,
DEM-LTIMindtree-208,E,,
LTIMindtree-43,D,,
LTIMindtree-44,E,,
LTIMindtree-45,D,,
LTIMindtree-46,D,,
LTIMindtree-47,D,,
LTIMindtree-48,D,,
LTIMindtree-49,D,,
DEM-LTIMindtree-209,A,,
DEM-LTIMindtree-210,E,,
DEM-LTIMindtree-211,E,,
DEM-LTIMindtree-212,A,,
DEM-LTIMindtree-213,A,,
DEM-LTIMindtree-214,E,,
DEM-LTIMindtree-215,A,,
DEM-LTIMindtree-216,A,,
DEM-LTIMindtree-217,E,,
DEM-LTIMindtree-218,E,A,
Cognizant-00,E,,unclear
DEM-Cognizant-001,E,,
DEM-Cognizant-002,A,E,
DEM-Cognizant-003,A,,
DEM-Cognizant-004,A,,
DEM-Cognizant-005,E,,
DEM-Cognizant-006,E,,
DEM-Cognizant-007,E,,
DEM-Cognizant-008,E,,
DEM-Cognizant-009,E,,
DEM-Cognizant-010,A,E,
DEM-Cognizant-011,E,,
DEM-Cognizant-012,E,,
DEM-Cognizant-013,A,E,insourcing at global banks
DEM-Cognizant-014,E,,
DEM-Cognizant-015,E,,
Cognizant-01,E,,
Cognizant-02,C,,
DEM-Cognizant-016,E,,
DEM-Cognizant-017,A,E,
DEM-Cognizant-018,E,,
DEM-Cognizant-019,E,,
DEM-Cognizant-020,E,,
DEM-Cognizant-021,E,,
DEM-Cognizant-022,E,,
Cognizant-03,E,,
Cognizant-04,E,,
DEM-Cognizant-023,E,,
DEM-Cognizant-024,E,,
DEM-Cognizant-025,E,,
DEM-Cognizant-026,E,,
DEM-Cognizant-028,E,,
Cognizant-05,C,,
Cognizant-06,B,E,
Cognizant-07,C,D,renewal price combat; automation mentioned
DEM-Cognizant-029,E,,
DEM-Cognizant-030,E,,
DEM-Cognizant-031,E,,
DEM-Cognizant-032,E,,
DEM-Cognizant-034,E,,
DEM-Cognizant-035,E,,
Cognizant-08,E,,
Cognizant-09,E,,
Cognizant-10,E,,
Cognizant-11,E,,off-cycle rate increases
DEM-Cognizant-036,E,,
DEM-Cognizant-037,E,,
DEM-Cognizant-038,E,,
DEM-Cognizant-039,E,A,
DEM-Cognizant-040,E,,
DEM-Cognizant-041,E,,
DEM-Cognizant-042,E,,
DEM-Cognizant-043,E,,
DEM-Cognizant-044,E,,monitoring risks; no impact yet
DEM-Cognizant-045,E,,no demand impact from war
DEM-Cognizant-046,E,,
Cognizant-12,E,,
Cognizant-13,E,,
DEM-Cognizant-047,E,A,no slowdown yet
DEM-Cognizant-048,E,,
DEM-Cognizant-049,E,,
DEM-Cognizant-050,E,,
DEM-Cognizant-051,E,,
DEM-Cognizant-052,A,,
Cognizant-14,E,,
DEM-Cognizant-053,A,,
DEM-Cognizant-054,A,,
DEM-Cognizant-055,E,,
DEM-Cognizant-056,A,,
DEM-Cognizant-057,A,,
DEM-Cognizant-058,A,,
DEM-Cognizant-059,A,,
DEM-Cognizant-060,A,,
Cognizant-15,E,,
Cognizant-16,D,,
DEM-Cognizant-061,E,,
DEM-Cognizant-062,A,E,
DEM-Cognizant-063,A,,
DEM-Cognizant-064,A,,
DEM-Cognizant-065,A,,
DEM-Cognizant-066,A,,
DEM-Cognizant-067,A,,
DEM-Cognizant-068,A,E,
DEM-Cognizant-069,E,,
Cognizant-17,C,A,
Cognizant-18,D,,
DEM-Cognizant-070,A,E,
DEM-Cognizant-071,E,,
DEM-Cognizant-072,E,,
DEM-Cognizant-073,A,,
DEM-Cognizant-074,E,,
DEM-Cognizant-075,A,,
DEM-Cognizant-076,A,,
DEM-Cognizant-077,A,,
DEM-Cognizant-078,A,,
Cognizant-19,C,,
Cognizant-20,D,,AI link from analyst question
Cognizant-21,C,,
DEM-Cognizant-079,A,,
DEM-Cognizant-080,A,,
DEM-Cognizant-081,A,,
DEM-Cognizant-082,E,A,
DEM-Cognizant-083,E,A,
DEM-Cognizant-084,A,,
DEM-Cognizant-085,A,,
DEM-Cognizant-086,A,,
DEM-Cognizant-087,A,,
Cognizant-22,C,,
DEM-Cognizant-088,A,,
DEM-Cognizant-089,A,,client cost focus
DEM-Cognizant-090,A,,
DEM-Cognizant-091,A,,
DEM-Cognizant-092,A,,
DEM-Cognizant-093,A,,
DEM-Cognizant-094,E,A,
DEM-Cognizant-095,A,,
DEM-Cognizant-096,A,,
DEM-Cognizant-097,E,,
Cognizant-23,D,,
Cognizant-24,D,,
Cognizant-25,B,,
DEM-Cognizant-098,A,,
DEM-Cognizant-099,A,,
DEM-Cognizant-100,A,,
DEM-Cognizant-101,A,,
DEM-Cognizant-102,A,,
DEM-Cognizant-103,A,,
DEM-Cognizant-104,E,,
DEM-Cognizant-105,A,,
DEM-Cognizant-106,A,,
DEM-Cognizant-107,E,,
Cognizant-26,C,A,
DEM-Cognizant-108,A,,
DEM-Cognizant-109,A,,
DEM-Cognizant-110,A,E,
DEM-Cognizant-111,E,,
DEM-Cognizant-112,A,,
DEM-Cognizant-113,A,,
DEM-Cognizant-114,A,,
DEM-Cognizant-115,E,,
DEM-Cognizant-116,A,,
DEM-Cognizant-117,A,,
DEM-Cognizant-118,E,,
DEM-Cognizant-119,E,,
Cognizant-27,D,,
DEM-Cognizant-120,A,,
DEM-Cognizant-121,E,,
DEM-Cognizant-122,E,,
DEM-Cognizant-123,E,,
DEM-Cognizant-124,E,,
DEM-Cognizant-125,A,,
DEM-Cognizant-126,E,,
DEM-Cognizant-127,A,,
DEM-Cognizant-128,E,A,
DEM-Cognizant-129,E,,
DEM-Cognizant-130,E,,
DEM-Cognizant-131,E,,
DEM-Cognizant-132,E,,
Cognizant-28,D,,
Cognizant-29,D,,
Cognizant-30,C,A,
Cognizant-31,D,,
Cognizant-32,D,,
DEM-Cognizant-133,E,,
DEM-Cognizant-134,E,,
DEM-Cognizant-135,A,,
DEM-Cognizant-136,A,,
DEM-Cognizant-137,A,,
DEM-Cognizant-138,A,,
DEM-Cognizant-139,A,,
DEM-Cognizant-140,E,,
DEM-Cognizant-141,A,C,clients want more for less
DEM-Cognizant-142,E,,
Cognizant-33,D,,
DEM-Cognizant-143,E,,
DEM-Cognizant-144,E,,
DEM-Cognizant-145,E,A,
DEM-Cognizant-146,E,,
DEM-Cognizant-147,A,,
DEM-Cognizant-148,A,,
DEM-Cognizant-149,E,,
DEM-Cognizant-150,E,,
DEM-Cognizant-151,E,,
DEM-Cognizant-152,E,,positive macro outlook
DEM-Cognizant-153,E,,
Cognizant-34,D,,
Cognizant-35,C,,
Cognizant-36,C,,
DEM-Cognizant-154,E,A,
DEM-Cognizant-155,E,,
DEM-Cognizant-156,A,,
DEM-Cognizant-157,E,,
DEM-Cognizant-158,E,,no macro impact in quarter
DEM-Cognizant-159,A,,
DEM-Cognizant-160,A,,
DEM-Cognizant-161,E,A,
DEM-Cognizant-162,A,,
DEM-Cognizant-163,A,,
DEM-Cognizant-164,A,,
DEM-Cognizant-165,E,,
Cognizant-37,D,,AI link from analyst question
Cognizant-38,C,,
Cognizant-39,E,,
DEM-Cognizant-166,E,D,AI-driven cost savings win deals
DEM-Cognizant-167,A,E,
DEM-Cognizant-168,E,,
DEM-Cognizant-169,A,,
DEM-Cognizant-170,A,E,
DEM-Cognizant-171,E,,
DEM-Cognizant-172,A,,
DEM-Cognizant-173,E,,
DEM-Cognizant-174,E,,
DEM-Cognizant-175,E,,
Cognizant-40,D,,
Cognizant-41,D,,
Cognizant-42,B,C,
DEM-Cognizant-176,A,,
DEM-Cognizant-177,A,,
DEM-Cognizant-178,E,,
DEM-Cognizant-179,E,,
DEM-Cognizant-180,E,A,
DEM-Cognizant-181,E,A,
DEM-Cognizant-182,A,,
DEM-Cognizant-183,E,,
DEM-Cognizant-184,E,,
DEM-Cognizant-185,E,,
DEM-Cognizant-186,E,,
Cognizant-43,C,,
Cognizant-44,D,,
Cognizant-45,D,,
DEM-Cognizant-187,E,,
DEM-Cognizant-188,A,D,clients re-baseline for productivity gains
DEM-Cognizant-189,E,,
DEM-Cognizant-190,A,,
DEM-Cognizant-191,A,,
DEM-Cognizant-192,E,,
DEM-Cognizant-193,A,,
DEM-Cognizant-194,E,,
DEM-Cognizant-195,A,E,
DEM-Cognizant-196,E,,
DEM-Cognizant-197,A,,
Cognizant-46,D,,
Cognizant-47,D,,
Cognizant-48,D,C,
Cognizant-49,E,,
DEM-Cognizant-198,A,,
DEM-Cognizant-199,A,,
DEM-Cognizant-200,E,,
DEM-Cognizant-201,A,,
DEM-Cognizant-202,E,,
DEM-Cognizant-203,A,,
DEM-Cognizant-204,E,,
DEM-Cognizant-205,A,,
DEM-Cognizant-206,A,,
DEM-Cognizant-207,E,,
DEM-Cognizant-208,A,,
DEM-Cognizant-209,E,,
DEM-Cognizant-210,E,,
Cognizant-50,D,,
Cognizant-51,D,,
Cognizant-52,D,,
Cognizant-53,D,,
Cognizant-54,E,,
DEM-Cognizant-211,A,,
DEM-Cognizant-212,E,,
DEM-Cognizant-213,E,,
DEM-Cognizant-214,E,,
DEM-Cognizant-215,A,,
DEM-Cognizant-216,A,E,
DEM-Cognizant-217,A,,
DEM-Cognizant-218,E,,
DEM-Cognizant-219,A,,
DEM-Cognizant-220,A,,
DEM-Cognizant-221,E,,
DEM-Cognizant-222,E,,furloughs lower
Accenture-00,C,B,
DEM-Accenture-001,E,A,
DEM-Accenture-002,E,,
DEM-Accenture-003,E,,
DEM-Accenture-004,E,,
DEM-Accenture-005,A,,
DEM-Accenture-006,E,,
Accenture-01,C,,
DEM-Accenture-007,E,,
DEM-Accenture-008,E,,
DEM-Accenture-009,E,,
DEM-Accenture-010,E,,
DEM-Accenture-011,E,,
DEM-Accenture-012,E,,
DEM-Accenture-013,E,,
DEM-Accenture-014,E,,
DEM-Accenture-015,E,,
Accenture-02,E,,
Accenture-03,E,,
DEM-Accenture-016,E,,
DEM-Accenture-017,E,,
DEM-Accenture-018,E,,
DEM-Accenture-019,E,,
DEM-Accenture-020,E,,
DEM-Accenture-021,E,,macro uncertainty drives efficiency demand
DEM-Accenture-022,E,,
DEM-Accenture-023,E,,
Accenture-04,E,,
Accenture-05,E,,
Accenture-06,E,,client case study
DEM-Accenture-024,E,,
DEM-Accenture-025,E,,clients calm on macro
DEM-Accenture-026,E,,
DEM-Accenture-027,E,,
DEM-Accenture-028,E,,
DEM-Accenture-029,E,,
DEM-Accenture-030,E,,
Accenture-07,E,,
DEM-Accenture-031,E,,
DEM-Accenture-032,E,,all strategies lead to tech
DEM-Accenture-033,E,,
DEM-Accenture-034,E,,
DEM-Accenture-035,E,,
DEM-Accenture-036,E,,
DEM-Accenture-037,E,,no change in decision-making
DEM-Accenture-038,A,,consumer goods shift to cost focus
DEM-Accenture-039,E,,no weakness in Europe
Accenture-08,E,,
Accenture-09,E,,
DEM-Accenture-040,E,,
DEM-Accenture-041,E,,
DEM-Accenture-042,A,,
DEM-Accenture-043,E,,
DEM-Accenture-044,E,,
DEM-Accenture-045,E,,
DEM-Accenture-046,E,,
Accenture-10,E,,
Accenture-11,E,,
DEM-Accenture-047,A,E,
DEM-Accenture-048,A,,shift to cost-focused pipeline
DEM-Accenture-049,E,,
DEM-Accenture-050,A,,
DEM-Accenture-051,A,,
DEM-Accenture-052,A,,
DEM-Accenture-053,E,,
DEM-Accenture-054,A,,
DEM-Accenture-055,E,,
DEM-Accenture-056,E,,
Accenture-12,B,,
DEM-Accenture-057,E,,uncertainty drives more change
DEM-Accenture-058,E,,
DEM-Accenture-059,E,,
DEM-Accenture-060,A,E,
DEM-Accenture-061,A,,
DEM-Accenture-062,A,,
DEM-Accenture-063,E,,
DEM-Accenture-064,E,,
DEM-Accenture-065,E,A,
DEM-Accenture-066,A,,
Accenture-13,C,B,
Accenture-14,D,,
DEM-Accenture-067,A,,
DEM-Accenture-068,A,,
DEM-Accenture-069,A,,
DEM-Accenture-070,A,,
DEM-Accenture-071,A,,
DEM-Accenture-072,E,,
DEM-Accenture-073,E,,
DEM-Accenture-074,A,,
DEM-Accenture-075,A,,
DEM-Accenture-076,E,,
DEM-Accenture-077,A,,
DEM-Accenture-078,A,,
DEM-Accenture-079,A,,
DEM-Accenture-080,E,,
DEM-Accenture-081,A,,
DEM-Accenture-082,A,,
DEM-Accenture-083,A,,
DEM-Accenture-084,A,,
DEM-Accenture-085,E,,
DEM-Accenture-086,A,,
DEM-Accenture-087,A,,
DEM-Accenture-088,A,,
DEM-Accenture-089,A,,
DEM-Accenture-090,E,,
DEM-Accenture-091,E,,
DEM-Accenture-092,E,,
DEM-Accenture-093,A,,
DEM-Accenture-094,A,,
DEM-Accenture-095,A,,
DEM-Accenture-096,A,E,
DEM-Accenture-097,E,,
DEM-Accenture-098,A,,
DEM-Accenture-099,A,,
DEM-Accenture-100,E,,
DEM-Accenture-101,A,,
Accenture-15,C,,
Accenture-16,C,,
DEM-Accenture-102,A,,
DEM-Accenture-103,A,,
DEM-Accenture-104,E,,
DEM-Accenture-105,A,,
DEM-Accenture-106,E,,
DEM-Accenture-107,E,,
DEM-Accenture-108,E,,
Accenture-17,E,,client case study
DEM-Accenture-109,A,,
DEM-Accenture-110,E,,
DEM-Accenture-111,E,,
DEM-Accenture-112,A,,
DEM-Accenture-113,A,,
DEM-Accenture-114,E,,
DEM-Accenture-115,A,,IT savings redirected to GenAI
DEM-Accenture-116,A,,
DEM-Accenture-117,E,,
DEM-Accenture-118,E,,
Accenture-18,C,,
DEM-Accenture-119,A,,
DEM-Accenture-120,E,,
DEM-Accenture-121,E,,
DEM-Accenture-122,E,A,
DEM-Accenture-123,A,,
DEM-Accenture-124,A,,
Accenture-19,B,,
DEM-Accenture-126,A,,
DEM-Accenture-127,A,,
DEM-Accenture-128,A,,
DEM-Accenture-129,E,,
DEM-Accenture-130,E,,
DEM-Accenture-131,E,,no pauses seen
DEM-Accenture-132,A,,
DEM-Accenture-133,A,,
DEM-Accenture-134,A,,
DEM-Accenture-135,A,,
DEM-Accenture-136,E,,
DEM-Accenture-137,E,,
Accenture-20,D,,
Accenture-21,E,,
DEM-Accenture-138,A,,
DEM-Accenture-139,A,,
DEM-Accenture-140,E,,
DEM-Accenture-141,E,,pause was short-lived
DEM-Accenture-142,A,,
DEM-Accenture-143,E,,
DEM-Accenture-144,E,,
Accenture-22,B,,denies AI deflation
Accenture-23,D,,
Accenture-24,E,,
DEM-Accenture-145,E,A,
DEM-Accenture-146,E,,
DEM-Accenture-147,E,,
DEM-Accenture-148,E,,
DEM-Accenture-149,E,,
DEM-Accenture-150,E,,
DEM-Accenture-151,A,E,
DEM-Accenture-152,E,,
Accenture-25,E,,
Accenture-26,E,,
Accenture-27,D,,technology/RPA productivity passed on
DEM-Accenture-153,E,,
DEM-Accenture-154,A,,
DEM-Accenture-155,E,,
DEM-Accenture-156,A,,
DEM-Accenture-157,E,,
Accenture-28,E,,
Accenture-29,E,,
Accenture-30,E,C,
DEM-Accenture-158,E,,
DEM-Accenture-159,A,,
DEM-Accenture-160,E,,no significant impact yet
DEM-Accenture-161,E,,
DEM-Accenture-162,E,,
Accenture-31,E,,
DEM-Accenture-163,A,,
DEM-Accenture-164,A,,
DEM-Accenture-165,A,,
DEM-Accenture-166,A,,
DEM-Accenture-167,E,,
DEM-Accenture-168,A,,
DEM-Accenture-169,A,,
DEM-Accenture-170,E,,
DEM-Accenture-171,A,,
DEM-Accenture-172,A,,
Accenture-32,D,,
Accenture-33,E,,
Accenture-34,B,C,
Accenture-35,D,,AI link from analyst question
Accenture-36,D,,
DEM-Accenture-173,A,E,
DEM-Accenture-174,E,,
DEM-Accenture-175,A,,
DEM-Accenture-176,E,,
DEM-Accenture-177,E,,
DEM-Accenture-178,E,,
DEM-Accenture-179,A,,
