cal_q,gR_pilot_median,gL_pilot_median,gR_pilot_mean,gL_pilot_mean,gR_pilot_revw,gL_pilot_revw,gR_dedup_median,gL_dedup_median,gR_dedup_mean,gL_dedup_mean,gR_dedup_revw,gL_dedup_revw,gR_chain_median,gL_chain_median,gR_chain_mean,gL_chain_mean,gR_chain_revw,gL_chain_revw,acn_gR,acn_gL,ctsh_gR,ctsh_gL
2015Q2,12.487,10.714,12.027,10.502,12.402,9.145,12.487,10.714,12.027,10.502,12.402,9.145,12.508,10.714,11.911,10.502,12.401,9.145,9.531,,,15.125
2015Q3,11.998,10.003,11.335,9.842,11.406,9.148,11.998,10.003,11.335,9.842,11.406,9.148,11.998,10.003,11.335,9.842,11.406,9.148,11.333,,,9.362
2015Q4,9.166,7.863,9.055,8.118,9.304,8.553,9.166,7.863,9.055,8.118,9.304,8.553,9.166,7.863,9.055,8.118,9.304,8.553,9.531,15.601,,4.71
2016Q1,8.841,9.654,9.792,6.832,10.107,8.184,8.841,9.654,9.792,6.832,10.107,8.184,8.841,9.654,9.792,6.832,10.107,8.184,11.333,14.194,,6.792
2016Q2,10.616,6.338,10.432,5.171,10.139,7.778,10.616,6.338,10.432,5.171,10.139,7.778,10.616,3.36,10.432,5.415,10.163,7.759,9.531,11.085,,11.39
2016Q3,7.092,5.061,8.079,4.047,7.987,7.23,7.092,5.061,8.079,4.047,7.987,7.23,7.092,6.115,8.079,5.013,7.971,7.226,8.618,6.803,,15.396
2016Q4,9.027,5.068,9.229,4.207,8.64,6.892,9.027,5.068,9.229,4.207,8.64,6.892,9.027,6.89,9.229,5.345,8.659,6.891,6.766,5.631,,16.013
2017Q1,8.472,5.369,8.921,6.048,8.038,7.317,8.472,5.369,8.921,6.048,8.038,7.317,8.472,7.192,8.921,6.797,8.064,7.315,5.827,7.341,11.154,11.425
2017Q2,6.11,6.348,7.646,6.141,6.652,5.108,6.11,6.348,7.646,6.141,6.652,5.108,6.11,7.103,7.646,5.837,6.73,5.106,6.766,9.139,9.44,4.99
2017Q3,6.859,4.172,7.052,4.707,6.242,3.381,6.859,4.172,7.052,4.707,6.242,3.381,6.859,4.212,7.052,4.129,6.326,3.379,7.696,10.214,8.158,0.117
2017Q4,6.015,3.219,8.082,3.675,6.419,2.189,6.015,3.219,8.082,3.675,6.419,2.189,6.015,2.09,8.082,2.748,6.575,2.187,9.531,9.963,8.984,-0.077
2018Q1,6.953,1.988,8.13,2.974,6.449,1.17,6.953,1.988,8.13,2.974,6.449,1.17,6.953,1.919,8.13,1.781,6.645,1.168,9.531,9.653,7.881,0.077
2018Q2,8.158,5.243,9.174,5.396,7.308,3.622,8.158,5.243,9.174,5.396,7.308,3.622,8.158,4.537,9.174,4.139,7.565,3.622,10.436,8.679,7.881,4.604
2018Q3,9.985,7.351,10.851,8.543,9.325,6.784,9.985,7.351,10.851,8.543,9.325,6.784,9.985,7.255,10.851,7.529,9.542,6.784,10.436,7.735,8.618,6.829
2018Q4,11.422,10.372,11.753,10.399,10.595,8.667,11.422,10.372,11.753,10.399,10.595,8.667,11.422,9.268,11.753,9.583,10.752,8.667,9.075,7.418,8.434,7.981
2019Q1,11.956,11.124,12.011,10.675,11.422,9.293,11.956,11.124,12.011,10.675,11.422,9.293,11.956,9.138,12.011,10.107,11.514,9.293,8.618,7.617,6.579,8.924
2019Q2,10.882,9.751,9.827,10.829,10.225,9.873,10.882,9.751,9.827,10.829,10.225,9.873,10.882,9.471,9.827,10.608,10.259,9.873,7.696,7.062,4.593,6.932
2019Q3,9.431,9.204,9.921,10.399,9.811,9.589,9.431,9.204,9.921,10.399,9.811,9.589,9.431,9.861,9.921,10.134,9.837,9.592,6.953,6.963,4.974,5.568
2019Q4,9.075,7.976,9.473,8.997,8.429,8.196,9.075,7.976,9.473,8.997,8.429,8.196,9.075,7.986,9.473,8.803,8.524,8.196,8.618,7.328,4.114,3.798
2020Q1,6.204,6.472,8.086,7.077,5.856,6.31,6.204,6.472,8.086,7.077,5.856,6.31,6.204,6.265,8.086,6.672,6.059,6.309,7.696,6.505,3.44,2.043
2020Q2,-0.411,4.343,-0.044,3.439,-2.336,2.87,-0.411,4.343,-0.044,3.439,-2.336,2.87,-0.411,4.121,-0.044,3.064,-2.117,2.868,0.995,6.37,-2.532,-2.459
2020Q3,-1.723,2.067,0.334,1.399,-1.217,1.186,-1.723,2.067,0.334,1.399,-1.217,1.186,-1.723,1.814,0.334,1.06,-1.025,1.185,-1.005,2.694,-0.702,-2.374
2020Q4,0.747,2.898,1.382,2.767,1.299,3.297,0.747,2.898,1.382,2.767,1.299,3.297,0.747,3.655,1.382,2.415,1.4,3.294,1.98,1.914,-3.046,-1.031
2021Q1,4.15,7.964,4.054,7.568,4.797,7.762,4.15,7.964,4.054,7.568,4.797,7.762,4.15,8.188,4.054,7.127,4.833,7.759,4.879,5.374,2.372,1.632
2021Q2,15.401,14.365,14.635,14.15,14.838,13.054,15.401,14.365,14.635,14.15,14.838,13.054,15.401,14.056,14.635,13.042,14.866,13.055,14.842,10.268,11.333,6.871
2021Q3,16.07,17.814,17.426,19.867,16.292,16.851,16.07,17.814,17.426,19.867,16.292,16.851,16.07,16.579,17.426,18.314,16.416,16.851,19.062,21.057,10.436,11.751
2021Q4,17.801,19.667,19.215,22.025,17.497,18.535,17.801,19.667,19.215,22.025,17.497,18.535,17.801,18.533,19.215,20.31,17.668,18.539,23.902,27.093,13.54,13.275
2022Q1,19.553,21.198,19.25,23.855,17.095,20.527,19.553,21.198,19.25,23.855,17.095,20.527,19.553,20.938,19.25,22.259,17.262,20.535,24.686,26.359,10.346,13.807
2022Q2,17.549,22.387,17.831,22.615,16.472,20.214,17.549,22.387,17.831,22.615,16.472,20.214,17.549,22.291,17.831,21.676,16.616,20.235,23.902,22.247,9.075,12.499
2022Q3,15.099,17.782,15.573,18.655,15.0,17.4,15.099,17.092,15.573,18.252,15.0,17.191,15.099,16.349,15.573,17.579,15.096,17.201,19.885,14.458,5.449,9.291
2022Q4,12.487,12.01,12.461,12.372,12.333,12.236,12.487,12.01,12.461,12.372,12.333,12.236,12.487,12.01,12.461,12.372,12.333,12.236,13.976,8.985,4.018,7.205
2023Q1,9.209,6.097,8.942,5.583,9.018,5.747,9.209,6.097,8.942,5.583,9.018,5.747,9.209,6.097,8.942,5.583,9.018,5.747,8.618,5.52,1.489,3.209
2023Q2,5.112,-0.61,4.177,-0.861,4.754,0.262,5.112,-0.61,4.177,-0.861,4.754,0.262,5.112,-0.61,4.177,-0.861,4.754,0.262,4.879,2.973,-0.1,1.252
2023Q3,2.615,-4.439,0.313,-4.127,1.179,-3.195,2.615,-4.439,0.313,-4.127,1.179,-3.195,2.615,-4.439,0.313,-4.127,1.179,-3.195,3.922,1.573,-0.2,-0.805
2023Q4,0.34,-5.931,-0.793,-4.781,-0.118,-4.005,0.34,-5.931,-0.793,-4.781,-0.118,-4.005,0.34,-5.931,-0.793,-4.781,-0.118,-4.005,0.995,0.719,-2.429,-2.162
2024Q1,0.596,-4.075,-0.708,-4.684,0.431,-4.3,0.596,-4.075,-0.708,-4.684,0.431,-4.3,0.596,-4.075,-0.708,-4.684,0.431,-4.3,0.0,0.564,-1.207,-2.041
2024Q2,3.051,-1.169,1.604,-2.445,2.454,-2.659,3.051,-1.169,1.604,-2.445,2.454,-2.659,3.051,-1.169,1.604,-2.445,2.454,-2.659,0.995,2.474,-0.501,-2.728
2024Q3,3.776,0.845,2.965,-0.26,3.658,-0.521,3.776,0.845,2.965,-0.26,3.658,-0.521,3.776,0.845,2.965,-0.26,3.658,-0.521,4.879,5.506,2.664,-1.893
2024Q4,4.21,1.11,3.397,1.247,3.889,0.666,4.21,1.11,3.397,1.247,3.889,0.666,4.21,1.11,3.397,1.247,3.889,0.666,7.696,7.234,6.485,-3.185
2025Q1,2.664,1.742,2.536,1.715,2.616,1.452,2.664,1.742,2.536,1.715,2.616,1.452,2.664,1.742,2.536,1.715,2.616,1.452,8.158,7.621,7.881,-2.38
2025Q2,1.314,1.345,0.865,1.406,0.25,1.437,1.314,1.345,0.865,1.406,0.25,1.437,1.314,1.345,0.865,1.406,0.25,1.437,6.766,5.257,6.953,2.206
2025Q3,1.279,1.517,0.895,1.129,0.167,0.66,1.279,1.517,0.895,1.129,0.167,0.66,1.279,1.517,0.895,1.129,0.167,0.66,4.402,0.64,6.297,2.812
2025Q4,1.489,1.92,1.482,1.179,0.532,0.448,1.489,1.92,1.482,1.179,0.532,0.448,1.489,1.92,1.482,1.179,0.532,0.448,4.879,-1.907,3.73,4.3
2026Q1,2.372,1.604,2.454,1.077,1.648,-0.106,2.372,1.604,2.454,1.077,1.648,-0.106,2.372,1.604,2.454,1.077,1.648,-0.106,3.922,-1.848,3.826,6.141
2026Q2,2.858,0.821,3.597,1.006,3.019,-0.091,2.858,0.821,3.597,1.006,3.019,-0.091,2.858,0.821,3.597,1.006,3.019,-0.091,2.956,1.045,4.018,3.683
