firm,cal_q,fiscal_q,column,dimension,old_value,new_value,action,reason,source_url,source_loc,evidence,basis,unit,period_type,doc_date
accenture,2017Q4,Q1FY18,gR_usd,total,14.9059,11.1843,replace,"ASC 606 basis mix: tidy rev_usd for FY18 quarters is the restated post-ASC 606 vintage (incl. reimbursements, from FY19 releases) while the FY17 base is net revenues; gR_usd = log(gross_FY18/net_FY17) overstates USD growth by ~3.5-4pp. Replaced by the like-for-like log change of net revenues printed in the same FY18 release (current and prior-year columns). Applied at yoy level because no single level series is consistent across FY18 (FY19 growth needs the gross FY18 level).",https://www.sec.gov/Archives/edgar/data/1467373/000146737317000505/fy18q1earnings8-kexhibit.htm,"Summary of Revenues (three months), current and prior-year columns",net revenues Q1FY18 9523.222 vs Q1FY17 8515.517 USD mn (release reports USD growth 12%); tidy rev_usd Q1FY18 = 9884.313 (post-ASC 606 restated),,,,
accenture,2018Q1,Q2FY18,gR_usd,total,17.5085,14.1863,replace,"ASC 606 basis mix: tidy rev_usd for FY18 quarters is the restated post-ASC 606 vintage (incl. reimbursements, from FY19 releases) while the FY17 base is net revenues; gR_usd = log(gross_FY18/net_FY17) overstates USD growth by ~3.5-4pp. Replaced by the like-for-like log change of net revenues printed in the same FY18 release (current and prior-year columns). Applied at yoy level because no single level series is consistent across FY18 (FY19 growth needs the gross FY18 level).",https://www.sec.gov/Archives/edgar/data/1467373/000146737318000138/fy18q2earnings8-kexhibit.htm,"Summary of Revenues (three months), current and prior-year columns",net revenues Q2FY18 9585.442 vs Q2FY17 8317.671 USD mn (release reports USD growth 15%); tidy rev_usd Q2FY18 = 9909.238 (post-ASC 606 restated),,,,
accenture,2018Q2,Q3FY18,gR_usd,total,18.7435,15.1258,replace,"ASC 606 basis mix: tidy rev_usd for FY18 quarters is the restated post-ASC 606 vintage (incl. reimbursements, from FY19 releases) while the FY17 base is net revenues; gR_usd = log(gross_FY18/net_FY17) overstates USD growth by ~3.5-4pp. Replaced by the like-for-like log change of net revenues printed in the same FY18 release (current and prior-year columns). Applied at yoy level because no single level series is consistent across FY18 (FY19 growth needs the gross FY18 level).",https://www.sec.gov/Archives/edgar/data/1467373/000146737318000225/fy18q3earnings8-kexhibit.htm,"Summary of Revenues (three months), current and prior-year columns",net revenues Q3FY18 10314.999 vs Q3FY17 8867.036 USD mn (release reports USD growth 16%); tidy rev_usd Q3FY18 = 10694.996 (post-ASC 606 restated),,,,
accenture,2018Q3,Q4FY18,gR_usd,total,13.8006,10.3703,replace,"ASC 606 basis mix: tidy rev_usd for FY18 quarters is the restated post-ASC 606 vintage (incl. reimbursements, from FY19 releases) while the FY17 base is net revenues; gR_usd = log(gross_FY18/net_FY17) overstates USD growth by ~3.5-4pp. Replaced by the like-for-like log change of net revenues printed in the same FY18 release (current and prior-year columns). Applied at yoy level because no single level series is consistent across FY18 (FY19 growth needs the gross FY18 level).",https://www.sec.gov/Archives/edgar/data/1467373/000146737318000288/acn-83120188xkexhibit.htm,"Summary of Revenues (three months), current and prior-year columns",net revenues Q4FY18 10149.787 vs Q4FY17 9149.958 USD mn (release reports USD growth 11%); tidy rev_usd Q4FY18 = 10503.987 (post-ASC 606 restated),,,,
wipro,2018Q3,Q2FY19,headcount,total,171451,,flag_only,"Level step of ~9,000 employees transferred with the Alight deal (rebadging, company says not inorganic); raises Wipro gL by ~5pp in 2018Q3-2019Q2. Value is correct as reported; not adjusted (no DIVEST-style adjustment exists for inflows).",https://www.wipro.com/content/dam/nexus/en/investor/quarterly-results/2018-2019/q2fy19/transcripts-conference-call-q2-fy19.pdf,p15 (CFO/analyst Q&A),"'There is no inorganic component, it is all organic. About 9000 employees come for the large deal which we had won from Alight'",,,,
hcltech,2024Q3,Q2FY25,gR,total,6.0154,,flag_only,"Reported cc YoY includes the revenue effect of the Q1/Q2FY25 divestiture (base not adjusted), while gL has the D10 base adjustment: gR and gL are on different perimeters for these 4 quarters, so gRPE/resid are biased down by the (unquantified) divested revenue share.",https://www.hcltech.com/sites/default/files/documents/investor-reports/HCLTech_Q4_FY25_Investor_Release.pdf,"p15, footnote to vertical mix table","'Financial Services includes the impact of a divestiture in Q2 FY25'; headcount: Q1FY25 release p3 'Reduction in headcount due to divestiture (7,398)'",,,,
hcltech,2024Q4,Q3FY25,gR,total,4.0182,,flag_only,"Reported cc YoY includes the revenue effect of the Q1/Q2FY25 divestiture (base not adjusted), while gL has the D10 base adjustment: gR and gL are on different perimeters for these 4 quarters, so gRPE/resid are biased down by the (unquantified) divested revenue share.",https://www.hcltech.com/sites/default/files/documents/investor-reports/HCLTech_Q4_FY25_Investor_Release.pdf,"p15, footnote to vertical mix table","'Financial Services includes the impact of a divestiture in Q2 FY25'; headcount: Q1FY25 release p3 'Reduction in headcount due to divestiture (7,398)'",,,,
hcltech,2025Q1,Q4FY25,gR,total,2.8587,,flag_only,"Reported cc YoY includes the revenue effect of the Q1/Q2FY25 divestiture (base not adjusted), while gL has the D10 base adjustment: gR and gL are on different perimeters for these 4 quarters, so gRPE/resid are biased down by the (unquantified) divested revenue share.",https://www.hcltech.com/sites/default/files/documents/investor-reports/HCLTech_Q4_FY25_Investor_Release.pdf,"p15, footnote to vertical mix table","'Financial Services includes the impact of a divestiture in Q2 FY25'; headcount: Q1FY25 release p3 'Reduction in headcount due to divestiture (7,398)'",,,,
hcltech,2025Q2,Q1FY26,gR,total,3.6332,,flag_only,"Reported cc YoY includes the revenue effect of the Q1/Q2FY25 divestiture (base not adjusted), while gL has the D10 base adjustment: gR and gL are on different perimeters for these 4 quarters, so gRPE/resid are biased down by the (unquantified) divested revenue share.",https://www.hcltech.com/sites/default/files/documents/investor-reports/HCLTech_Q4_FY25_Investor_Release.pdf,"p15, footnote to vertical mix table","'Financial Services includes the impact of a divestiture in Q2 FY25'; headcount: Q1FY25 release p3 'Reduction in headcount due to divestiture (7,398)'",,,,
cognizant,2024Q4,2024Q4,gR,total,6.4851,,flag_only,"Inorganic: Belcan (and Thirdera) add ~4pp to YoY revenue growth (D12, not adjusted). Comparator growth gap vs Indian firms is biased.",https://www.sec.gov/Archives/edgar/data/1058290/000105829025000007/exhibit99212312024.htm,earnings supplement (Ex.99.2) revenue footnote,Q2 2025: 'revenue from our recently completed acquisition of Belcan contributed approximately 4 percentage points to year-over-year revenue growth'; Q1 2025: 'Belcan and Thirdera contributed approximately 4 percentage points',,,,
cognizant,2025Q1,2025Q1,gR,total,7.8811,,flag_only,"Inorganic: Belcan (and Thirdera) add ~4pp to YoY revenue growth (D12, not adjusted). Comparator growth gap vs Indian firms is biased.",https://www.sec.gov/Archives/edgar/data/1058290/000105829025000124/exhibit9923312025.htm,earnings supplement (Ex.99.2) revenue footnote,Q2 2025: 'revenue from our recently completed acquisition of Belcan contributed approximately 4 percentage points to year-over-year revenue growth'; Q1 2025: 'Belcan and Thirdera contributed approximately 4 percentage points',,,,
cognizant,2025Q2,2025Q2,gR,total,6.9526,,flag_only,"Inorganic: Belcan (and Thirdera) add ~4pp to YoY revenue growth (D12, not adjusted). Comparator growth gap vs Indian firms is biased.",https://www.sec.gov/Archives/edgar/data/1058290/000105829025000266/exhibit9926302025.htm,earnings supplement (Ex.99.2) footnote 1,Q2 2025: 'revenue from our recently completed acquisition of Belcan contributed approximately 4 percentage points to year-over-year revenue growth'; Q1 2025: 'Belcan and Thirdera contributed approximately 4 percentage points',,,,
lti,2017Q2,Q1FY18,segment_growth_qoq,Enterprise Solutions,2.7,-2.7,replace,"Sign error: the document prints a negative growth as '(x.x)%', which parse_num in scripts/extract/ltim_parse_tables.py reads as positive (it only recognises '(x)' and '(x%)').",https://www.ltm.com/content/dam/ltimcorporatewebsite/uploads/investors/2017/07/LTI-Q1Y18-Earnings-Release-and-Factsheet_Final-Upload-4-20-PM.pdf,p10; table 'Constant Currency Reporting'; row 'Enterprise Solutions'; col qoq,printed token '(2.7)%' in the cited table row,cc,pct,quarter,2017-07-24
lti,2017Q2,Q1FY18,segment_growth_qoq,Europe,4.5,-4.5,replace,"Sign error: the document prints a negative growth as '(x.x)%', which parse_num in scripts/extract/ltim_parse_tables.py reads as positive (it only recognises '(x)' and '(x%)').",https://www.ltm.com/content/dam/ltimcorporatewebsite/uploads/investors/2017/07/LTI-Q1Y18-Earnings-Release-and-Factsheet_Final-Upload-4-20-PM.pdf,p10; table 'Constant Currency Reporting'; row 'Europe'; col qoq,printed token '(4.5)%' in the cited table row,cc,pct,quarter,2017-07-24
lti,2017Q2,Q1FY18,segment_growth_qoq,Manufacturing,13.3,-13.3,replace,"Sign error: the document prints a negative growth as '(x.x)%', which parse_num in scripts/extract/ltim_parse_tables.py reads as positive (it only recognises '(x)' and '(x%)').",https://www.ltm.com/content/dam/ltimcorporatewebsite/uploads/investors/2017/07/LTI-Q1Y18-Earnings-Release-and-Factsheet_Final-Upload-4-20-PM.pdf,p10; table 'Constant Currency Reporting'; row 'Manufacturing'; col qoq,printed token '(13.3)%' in the cited table row,cc,pct,quarter,2017-07-24
lti,2017Q2,Q1FY18,segment_growth_qoq,Platform Based Solutions,4.2,-4.2,replace,"Sign error: the document prints a negative growth as '(x.x)%', which parse_num in scripts/extract/ltim_parse_tables.py reads as positive (it only recognises '(x)' and '(x%)').",https://www.ltm.com/content/dam/ltimcorporatewebsite/uploads/investors/2017/07/LTI-Q1Y18-Earnings-Release-and-Factsheet_Final-Upload-4-20-PM.pdf,p10; table 'Constant Currency Reporting'; row 'Platform Based Solutions'; col qoq,printed token '(4.2)%' in the cited table row,cc,pct,quarter,2017-07-24
lti,2017Q2,Q1FY18,segment_growth_qoq,Testing,0.9,-0.9,replace,"Sign error: the document prints a negative growth as '(x.x)%', which parse_num in scripts/extract/ltim_parse_tables.py reads as positive (it only recognises '(x)' and '(x%)').",https://www.ltm.com/content/dam/ltimcorporatewebsite/uploads/investors/2017/07/LTI-Q1Y18-Earnings-Release-and-Factsheet_Final-Upload-4-20-PM.pdf,p10; table 'Constant Currency Reporting'; row 'Service Offering Testing'; col qoq,printed token '(0.9)%' in the cited table row,cc,pct,quarter,2017-07-24
lti,2017Q2,Q1FY18,segment_growth_yoy,RoW,2.5,-2.5,replace,"Sign error: the document prints a negative growth as '(x.x)%', which parse_num in scripts/extract/ltim_parse_tables.py reads as positive (it only recognises '(x)' and '(x%)').",https://www.ltm.com/content/dam/ltimcorporatewebsite/uploads/investors/2017/07/LTI-Q1Y18-Earnings-Release-and-Factsheet_Final-Upload-4-20-PM.pdf,p10; table 'Constant Currency Reporting'; row 'RoW'; col yoy,printed token '(2.5)%' in the cited table row,cc,pct,quarter,2017-07-24
mindtree,2016Q3,Q2FY17,revenue_growth_qoq,total,3.0,-3.0,replace,"Sign error: the document prints a negative growth as '(x.x)%', which parse_num in scripts/extract/ltim_parse_tables.py reads as positive (it only recognises '(x)' and '(x%)').",https://nsearchives.nseindia.com/corporate/118LettertoSEsonQtr2resultsintimationasperRegulation33ofLODR_21102016163303.zip,PDF inside NSE zip; p21; table 'Q2 Q1 Q2 Growth (%) [USD]'; row 'Revenue'; col qoq,printed token '(3.0)%' in the cited table row,reported,pct,quarter,2016-10-21
mindtree,2016Q4,Q3FY17,revenue_growth_qoq,total,0.4,-0.4,replace,"Sign error: the document prints a negative growth as '(x.x)%', which parse_num in scripts/extract/ltim_parse_tables.py reads as positive (it only recognises '(x)' and '(x%)').",https://nsearchives.nseindia.com/corporate/164reg33Q3_19012017160733.zip,PDF inside NSE zip; p21; table 'Q3 Q2 Q3 Growth (%) [USD]'; row 'Revenue'; col qoq,printed token '(0.4)%' in the cited table row,reported,pct,quarter,2017-01-19
mindtree,2020Q3,Q2FY21,revenue_growth_yoy,total,3.7,-3.7,replace,"Sign error: the document prints a negative growth as '(x.x)%', which parse_num in scripts/extract/ltim_parse_tables.py reads as positive (it only recognises '(x)' and '(x%)').",https://nsearchives.nseindia.com/corporate/201LetteronQtr2resultsOct152020_15102020163206.zip,PDF inside NSE zip; p25; table '($ million) [USD]'; row 'Revenue'; col yoy,printed token '(3.7)%' in the cited table row,reported,pct,quarter,2020-10-15
mindtree,2020Q4,Q3FY21,revenue_growth_yoy,total,0.4,-0.4,replace,"Sign error: the document prints a negative growth as '(x.x)%', which parse_num in scripts/extract/ltim_parse_tables.py reads as positive (it only recognises '(x)' and '(x%)').",https://nsearchives.nseindia.com/corporate/247LettertoSEsonQtr3resultsintimationasperRegulatio33ofLODR_18012021154325.zip,PDF inside NSE zip; p25; table '($ million) [USD]'; row 'Revenue'; col yoy,printed token '(0.4)%' in the cited table row,reported,pct,quarter,2021-01-18
mindtree,2021Q4,Q3FY22,segment_growth_qoq,UK and Ireland,7.1,-7.1,replace,"Sign error: the document prints a negative growth as '(x.x)%', which parse_num in scripts/extract/ltim_parse_tables.py reads as positive (it only recognises '(x)' and '(x%)').",https://nsearchives.nseindia.com/corporate/129LetterQ3Results_13012022155113.pdf,p12; table 'Revenue by Geography'; row 'UK and Ireland'; col qoq,printed token '(7.1)%' in the cited table row,reported,pct,quarter,2022-01-13
mindtree,2022Q1,Q4FY22,segment_growth_qoq,"Retail, CPG & Manufacturing",2.4,-2.4,replace,"Sign error: the document prints a negative growth as '(x.x)%', which parse_num in scripts/extract/ltim_parse_tables.py reads as positive (it only recognises '(x)' and '(x%)').",https://nsearchives.nseindia.com/corporate/10LetterQ4Results_18042022163758.pdf,"p14; table 'Revenue by Industry'; row 'Retail, CPG & Manufacturing'; col qoq",printed token '(2.4)%' in the cited table row,reported,pct,quarter,2022-04-18
mindtree,2022Q1,Q4FY22,segment_growth_qoq,UK and Ireland,6.0,-6.0,replace,"Sign error: the document prints a negative growth as '(x.x)%', which parse_num in scripts/extract/ltim_parse_tables.py reads as positive (it only recognises '(x)' and '(x%)').",https://nsearchives.nseindia.com/corporate/10LetterQ4Results_18042022163758.pdf,p14; table 'Revenue by Geography'; row 'UK and Ireland'; col qoq,printed token '(6.0)%' in the cited table row,reported,pct,quarter,2022-04-18
mindtree,2022Q2,Q1FY23,segment_growth_qoq,Continental Europe,9.2,-9.2,replace,"Sign error: the document prints a negative growth as '(x.x)%', which parse_num in scripts/extract/ltim_parse_tables.py reads as positive (it only recognises '(x)' and '(x%)').",https://nsearchives.nseindia.com/corporate/MINDTREE_13072022155715_50LetterQ1Results.pdf,p12; table 'Revenue by Geography'; row 'Continental Europe'; col qoq,printed token '(9.2)%' in the cited table row,reported,pct,quarter,2022-07-13
mindtree,2022Q2,Q1FY23,segment_growth_qoq,Customer Success,1.1,-1.1,replace,"Sign error: the document prints a negative growth as '(x.x)%', which parse_num in scripts/extract/ltim_parse_tables.py reads as positive (it only recognises '(x)' and '(x%)').",https://nsearchives.nseindia.com/corporate/MINDTREE_13072022155715_50LetterQ1Results.pdf,p12; table 'Revenue by Service Lines'; row 'Customer Success'; col qoq,printed token '(1.1)%' in the cited table row,reported,pct,quarter,2022-07-13
mindtree,2022Q2,Q1FY23,segment_growth_qoq,"Retail, CPG & Manufacturing",8.7,-8.7,replace,"Sign error: the document prints a negative growth as '(x.x)%', which parse_num in scripts/extract/ltim_parse_tables.py reads as positive (it only recognises '(x)' and '(x%)').",https://nsearchives.nseindia.com/corporate/MINDTREE_13072022155715_50LetterQ1Results.pdf,"p12; table 'Revenue by Industry'; row 'Retail, CPG & Manufacturing'; col qoq",printed token '(8.7)%' in the cited table row,reported,pct,quarter,2022-07-13
mindtree,2022Q2,Q1FY23,segment_growth_qoq,UK and Ireland,18.7,-18.7,replace,"Sign error: the document prints a negative growth as '(x.x)%', which parse_num in scripts/extract/ltim_parse_tables.py reads as positive (it only recognises '(x)' and '(x%)').",https://nsearchives.nseindia.com/corporate/MINDTREE_13072022155715_50LetterQ1Results.pdf,p12; table 'Revenue by Geography'; row 'UK and Ireland'; col qoq,printed token '(18.7)%' in the cited table row,reported,pct,quarter,2022-07-13
mindtree,2022Q3,Q2FY23,segment_growth_qoq,Continental Europe,9.1,-9.1,replace,"Sign error: the document prints a negative growth as '(x.x)%', which parse_num in scripts/extract/ltim_parse_tables.py reads as positive (it only recognises '(x)' and '(x%)').",https://nsearchives.nseindia.com/corporate/MINDTREE_13102022161548_98LetterQ2results.pdf,p13; table 'Revenue by Geography'; row 'Continental Europe'; col qoq,printed token '(9.1)%' in the cited table row,reported,pct,quarter,2022-10-13
mindtree,2022Q3,Q2FY23,segment_growth_qoq,"Retail, CPG & Manufacturing",0.8,-0.8,replace,"Sign error: the document prints a negative growth as '(x.x)%', which parse_num in scripts/extract/ltim_parse_tables.py reads as positive (it only recognises '(x)' and '(x%)').",https://nsearchives.nseindia.com/corporate/MINDTREE_13102022161548_98LetterQ2results.pdf,"p13; table 'Revenue by Industry'; row 'Retail, CPG & Manufacturing'; col qoq",printed token '(0.8)%' in the cited table row,reported,pct,quarter,2022-10-13
mindtree,2022Q3,Q2FY23,segment_growth_yoy,Continental Europe,6.6,-6.6,replace,"Sign error: the document prints a negative growth as '(x.x)%', which parse_num in scripts/extract/ltim_parse_tables.py reads as positive (it only recognises '(x)' and '(x%)').",https://nsearchives.nseindia.com/corporate/MINDTREE_13102022161548_98LetterQ2results.pdf,p13; table 'Revenue by Geography'; row 'Continental Europe'; col yoy,printed token '(6.6)%' in the cited table row,reported,pct,quarter,2022-10-13
mindtree,2022Q3,Q2FY23,segment_growth_yoy,"Retail, CPG & Manufacturing",11.5,-11.5,replace,"Sign error: the document prints a negative growth as '(x.x)%', which parse_num in scripts/extract/ltim_parse_tables.py reads as positive (it only recognises '(x)' and '(x%)').",https://nsearchives.nseindia.com/corporate/MINDTREE_13102022161548_98LetterQ2results.pdf,"p13; table 'Revenue by Industry'; row 'Retail, CPG & Manufacturing'; col yoy",printed token '(11.5)%' in the cited table row,reported,pct,quarter,2022-10-13
mindtree,2022Q3,Q2FY23,segment_growth_yoy,UK and Ireland,26.7,-26.7,replace,"Sign error: the document prints a negative growth as '(x.x)%', which parse_num in scripts/extract/ltim_parse_tables.py reads as positive (it only recognises '(x)' and '(x%)').",https://nsearchives.nseindia.com/corporate/MINDTREE_13102022161548_98LetterQ2results.pdf,p13; table 'Revenue by Geography'; row 'UK and Ireland'; col yoy,printed token '(26.7)%' in the cited table row,reported,pct,quarter,2022-10-13
