firm,cal_q,fiscal_q,column,dimension,old_value,new_value,action,reason,source_url,source_loc,evidence
mindtree,2022Q1,Q4FY22,"segment_growth_qoq (raw, basis=reported)","Retail, CPG & Manufacturing",2.4,-2.4,replace,"Sign lost: Mindtree releases print negatives in parentheses, e.g. ""(3.7)%""; parser stored them as positive. Systematic: all 211 Mindtree growth rows in ltim.csv are >=0; 16 verified negatives found (4 total-revenue, 12 segment).",https://nsearchives.nseindia.com/corporate/10LetterQ4Results_18042022163758.pdf,<pandas.core.indexing._LocIndexer object at 0x110906fd0>,"source table prints (2.4)% for row ""Retail, CPG & Manufacturing"" in the Q-o-Q growth column"
mindtree,2022Q1,Q4FY22,"segment_growth_qoq (raw, basis=reported)",UK and Ireland,6.0,-6.0,replace,"Sign lost: Mindtree releases print negatives in parentheses, e.g. ""(3.7)%""; parser stored them as positive. Systematic: all 211 Mindtree growth rows in ltim.csv are >=0; 16 verified negatives found (4 total-revenue, 12 segment).",https://nsearchives.nseindia.com/corporate/10LetterQ4Results_18042022163758.pdf,<pandas.core.indexing._LocIndexer object at 0x1109070c0>,"source table prints (6.0)% for row ""UK and Ireland"" in the Q-o-Q growth column"
mindtree,2021Q4,Q3FY22,"segment_growth_qoq (raw, basis=reported)",UK and Ireland,7.1,-7.1,replace,"Sign lost: Mindtree releases print negatives in parentheses, e.g. ""(3.7)%""; parser stored them as positive. Systematic: all 211 Mindtree growth rows in ltim.csv are >=0; 16 verified negatives found (4 total-revenue, 12 segment).",https://nsearchives.nseindia.com/corporate/129LetterQ3Results_13012022155113.pdf,<pandas.core.indexing._LocIndexer object at 0x1109071b0>,"source table prints (7.1)% for row ""UK and Ireland"" in the Q-o-Q growth column"
mindtree,2022Q2,Q1FY23,"segment_growth_qoq (raw, basis=reported)",Continental Europe,9.2,-9.2,replace,"Sign lost: Mindtree releases print negatives in parentheses, e.g. ""(3.7)%""; parser stored them as positive. Systematic: all 211 Mindtree growth rows in ltim.csv are >=0; 16 verified negatives found (4 total-revenue, 12 segment).",https://nsearchives.nseindia.com/corporate/MINDTREE_13072022155715_50LetterQ1Results.pdf,<pandas.core.indexing._LocIndexer object at 0x1109072f0>,"source table prints (9.2)% for row ""Continental Europe"" in the Q-o-Q growth column"
mindtree,2022Q2,Q1FY23,"segment_growth_qoq (raw, basis=reported)",Customer Success,1.1,-1.1,replace,"Sign lost: Mindtree releases print negatives in parentheses, e.g. ""(3.7)%""; parser stored them as positive. Systematic: all 211 Mindtree growth rows in ltim.csv are >=0; 16 verified negatives found (4 total-revenue, 12 segment).",https://nsearchives.nseindia.com/corporate/MINDTREE_13072022155715_50LetterQ1Results.pdf,<pandas.core.indexing._LocIndexer object at 0x110907430>,"source table prints (1.1)% for row ""Customer Success"" in the Q-o-Q growth column"
mindtree,2022Q2,Q1FY23,"segment_growth_qoq (raw, basis=reported)","Retail, CPG & Manufacturing",8.7,-8.7,replace,"Sign lost: Mindtree releases print negatives in parentheses, e.g. ""(3.7)%""; parser stored them as positive. Systematic: all 211 Mindtree growth rows in ltim.csv are >=0; 16 verified negatives found (4 total-revenue, 12 segment).",https://nsearchives.nseindia.com/corporate/MINDTREE_13072022155715_50LetterQ1Results.pdf,<pandas.core.indexing._LocIndexer object at 0x110907570>,"source table prints (8.7)% for row ""Retail, CPG & Manufacturing"" in the Q-o-Q growth column"
mindtree,2022Q2,Q1FY23,"segment_growth_qoq (raw, basis=reported)",UK and Ireland,18.7,-18.7,replace,"Sign lost: Mindtree releases print negatives in parentheses, e.g. ""(3.7)%""; parser stored them as positive. Systematic: all 211 Mindtree growth rows in ltim.csv are >=0; 16 verified negatives found (4 total-revenue, 12 segment).",https://nsearchives.nseindia.com/corporate/MINDTREE_13072022155715_50LetterQ1Results.pdf,<pandas.core.indexing._LocIndexer object at 0x1109076b0>,"source table prints (18.7)% for row ""UK and Ireland"" in the Q-o-Q growth column"
mindtree,2022Q3,Q2FY23,"segment_growth_qoq (raw, basis=reported)",Continental Europe,9.1,-9.1,replace,"Sign lost: Mindtree releases print negatives in parentheses, e.g. ""(3.7)%""; parser stored them as positive. Systematic: all 211 Mindtree growth rows in ltim.csv are >=0; 16 verified negatives found (4 total-revenue, 12 segment).",https://nsearchives.nseindia.com/corporate/MINDTREE_13102022161548_98LetterQ2results.pdf,<pandas.core.indexing._LocIndexer object at 0x1109077f0>,"source table prints (9.1)% for row ""Continental Europe"" in the Q-o-Q growth column"
mindtree,2022Q3,Q2FY23,"segment_growth_qoq (raw, basis=reported)","Retail, CPG & Manufacturing",0.8,-0.8,replace,"Sign lost: Mindtree releases print negatives in parentheses, e.g. ""(3.7)%""; parser stored them as positive. Systematic: all 211 Mindtree growth rows in ltim.csv are >=0; 16 verified negatives found (4 total-revenue, 12 segment).",https://nsearchives.nseindia.com/corporate/MINDTREE_13102022161548_98LetterQ2results.pdf,<pandas.core.indexing._LocIndexer object at 0x110907930>,"source table prints (0.8)% for row ""Retail, CPG & Manufacturing"" in the Q-o-Q growth column"
mindtree,2022Q3,Q2FY23,"segment_growth_yoy (raw, basis=reported)",Continental Europe,6.6,-6.6,replace,"Sign lost: Mindtree releases print negatives in parentheses, e.g. ""(3.7)%""; parser stored them as positive. Systematic: all 211 Mindtree growth rows in ltim.csv are >=0; 16 verified negatives found (4 total-revenue, 12 segment).",https://nsearchives.nseindia.com/corporate/MINDTREE_13102022161548_98LetterQ2results.pdf,<pandas.core.indexing._LocIndexer object at 0x110907a70>,"source table prints (6.6)% for row ""Continental Europe"" in the Y-o-Y growth column"
mindtree,2022Q3,Q2FY23,"segment_growth_yoy (raw, basis=reported)","Retail, CPG & Manufacturing",11.5,-11.5,replace,"Sign lost: Mindtree releases print negatives in parentheses, e.g. ""(3.7)%""; parser stored them as positive. Systematic: all 211 Mindtree growth rows in ltim.csv are >=0; 16 verified negatives found (4 total-revenue, 12 segment).",https://nsearchives.nseindia.com/corporate/MINDTREE_13102022161548_98LetterQ2results.pdf,<pandas.core.indexing._LocIndexer object at 0x110907bb0>,"source table prints (11.5)% for row ""Retail, CPG & Manufacturing"" in the Y-o-Y growth column"
mindtree,2022Q3,Q2FY23,"segment_growth_yoy (raw, basis=reported)",UK and Ireland,26.7,-26.7,replace,"Sign lost: Mindtree releases print negatives in parentheses, e.g. ""(3.7)%""; parser stored them as positive. Systematic: all 211 Mindtree growth rows in ltim.csv are >=0; 16 verified negatives found (4 total-revenue, 12 segment).",https://nsearchives.nseindia.com/corporate/MINDTREE_13102022161548_98LetterQ2results.pdf,<pandas.core.indexing._LocIndexer object at 0x110907cf0>,"source table prints (26.7)% for row ""UK and Ireland"" in the Y-o-Y growth column"
mindtree,2016Q3,Q2FY17,"revenue_growth_qoq (raw, basis=reported)",total,3.0,-3.0,replace,"Sign lost: Mindtree releases print negatives in parentheses, e.g. ""(3.7)%""; parser stored them as positive. Systematic: all 211 Mindtree growth rows in ltim.csv are >=0; 16 verified negatives found (4 total-revenue, 12 segment).",https://nsearchives.nseindia.com/corporate/118LettertoSEsonQtr2resultsintimationasperRegulation33ofLODR_21102016163303.zip,<pandas.core.indexing._LocIndexer object at 0x110907e30>,"""Revenue 179.7 199.0 193.0 (3.0)% 7.4%"" ($ million table); text: ""Revenue at $193 million (decline of 3% q-o-q / growth of 7.4% y-o-y)"""
mindtree,2016Q4,Q3FY17,"revenue_growth_qoq (raw, basis=reported)",total,0.4,-0.4,replace,"Sign lost: Mindtree releases print negatives in parentheses, e.g. ""(3.7)%""; parser stored them as positive. Systematic: all 211 Mindtree growth rows in ltim.csv are >=0; 16 verified negatives found (4 total-revenue, 12 segment).",https://nsearchives.nseindia.com/corporate/164reg33Q3_19012017160733.zip,<pandas.core.indexing._LocIndexer object at 0x110907f70>,"""Revenue 183.6 193.0 192.2 (0.4)% 4.7%""; text: ""decline of 0.4% q-o-q* / growth of 4.7% y-o-y"""
mindtree,2020Q3,Q2FY21,"revenue_growth_yoy (raw, basis=reported)",total,3.7,-3.7,replace,"Sign lost: Mindtree releases print negatives in parentheses, e.g. ""(3.7)%""; parser stored them as positive. Systematic: all 211 Mindtree growth rows in ltim.csv are >=0; 16 verified negatives found (4 total-revenue, 12 segment).",https://nsearchives.nseindia.com/corporate/201LetteronQtr2resultsOct152020_15102020163206.zip,<pandas.core.indexing._LocIndexer object at 0x1109140f0>,"""Revenue 271.0 253.2 261.0 3.1% (3.7)%"" ($ million table, Key Financial Metrics)"
mindtree,2020Q4,Q3FY21,"revenue_growth_yoy (raw, basis=reported)",total,0.4,-0.4,replace,"Sign lost: Mindtree releases print negatives in parentheses, e.g. ""(3.7)%""; parser stored them as positive. Systematic: all 211 Mindtree growth rows in ltim.csv are >=0; 16 verified negatives found (4 total-revenue, 12 segment).",https://nsearchives.nseindia.com/corporate/247LettertoSEsonQtr3resultsintimationasperRegulatio33ofLODR_18012021154325.zip,<pandas.core.indexing._LocIndexer object at 0x110914230>,"""Revenue 275.2 261.0 274.1 5.0% (0.4)%""; text: ""growth of 5.0% q-o-q / decline of 0.4% y-o-y"""
mindtree,2020Q3,Q2FY21,rev_rep_yoy,total,3.7,-3.7,replace,Propagated from the raw sign error above (USD reported YoY growth). Levels confirm: 261.0 vs 271.0 = -3.7%; 274.1 vs 275.2 = -0.4%.,https://nsearchives.nseindia.com/corporate/201LetteronQtr2resultsOct152020_15102020163206.zip,PDF inside NSE zip; p25; ($ million) table; Revenue row; Y-o-Y col,"""Revenue 271.0 253.2 261.0 3.1% (3.7)%"" ($ million table, Key Financial Metrics)"
mindtree,2020Q4,Q3FY21,rev_rep_yoy,total,0.4,-0.4,replace,Propagated from the raw sign error above (USD reported YoY growth). Levels confirm: 261.0 vs 271.0 = -3.7%; 274.1 vs 275.2 = -0.4%.,https://nsearchives.nseindia.com/corporate/247LettertoSEsonQtr3resultsintimationasperRegulatio33ofLODR_18012021154325.zip,PDF inside NSE zip; p25; ($ million) table; Revenue row; Y-o-Y col,"""Revenue 275.2 261.0 274.1 5.0% (0.4)%""; text: ""growth of 5.0% q-o-q / decline of 0.4% y-o-y"""
cognizant,2021Q2,2021Q2,attrition,total,29.0,18.0,replace,"Pipeline mixes definitions: for 2020Q1-2021Q4 panel_long holds both TTM (period_type=ltm) and quarterly-annualized (quarter) voluntary attrition under dimension 'total'; pick() keeps an arbitrary one (unstable sort, period_type not ranked). 6 of 8 quarters got TTM, these 2 got quarterly-annualized. Replace with TTM for a consistent series (or rank ltm before quarter in pick()).",https://www.sec.gov/Archives/edgar/data/1058290/000105829023000019/exhibit99312312022.htm,slide 13: Employee Metrics,Slide 13 Employee Metrics: Trailing 12-Month Voluntary Attrition Q1'20..Q4'22 = 17% 15% 13% 12% 13% 18% 24% 28% 29% 32% 29% 26%; Quarterly Annualized Voluntary Attrition = 13% 11% 10% 16% 18% 29% 33% 31% 26% 31% 29% 19%
cognizant,2021Q3,2021Q3,attrition,total,33.0,24.0,replace,"Pipeline mixes definitions: for 2020Q1-2021Q4 panel_long holds both TTM (period_type=ltm) and quarterly-annualized (quarter) voluntary attrition under dimension 'total'; pick() keeps an arbitrary one (unstable sort, period_type not ranked). 6 of 8 quarters got TTM, these 2 got quarterly-annualized. Replace with TTM for a consistent series (or rank ltm before quarter in pick()).",https://www.sec.gov/Archives/edgar/data/1058290/000105829023000019/exhibit99312312022.htm,slide 13: Employee Metrics,Slide 13 Employee Metrics: Trailing 12-Month Voluntary Attrition Q1'20..Q4'22 = 17% 15% 13% 12% 13% 18% 24% 28% 29% 32% 29% 26%; Quarterly Annualized Voluntary Attrition = 13% 11% 10% 16% 18% 29% 33% 31% 26% 31% 29% 19%
tcs,2007Q1,Q4FY07,rev_usd,total,1183.89,,set_missing,"Not reported USD revenue: INR revenue (51,464 mn) converted at the period-end rate Rs 43.47/USD (convenience translation). All later TCS quarters are average-rate USD. Feeds gR_usd 2008Q1 (24.8 log pts).",https://web.archive.org/web/20140123005927/http://www.tcs.com/investors/Documents/Presentations/TCS_Analysts_Q4_07.PDF (local copy data/sources/gfc/tcs/TCS_Analysts_Q4FY07.pdf),p11 and p15 footnote,"""INR numbers of Q4 FY07 are converted to USD on convenience translation basis @ Rupees 43.47 per USD"""
wipro,2007Q1,Q4FY07,headcount,total,67818,,set_missing,"Old perimeter (Global IT business: IT Services 50,354 + BPO 17,464; excludes India/Middle East IT). From Q1FY09 Wipro restated to IT Services incl. India/ME IT and BPO (e.g. 2007Q2: 72,137 old vs 82,565 restated). 2007Q2+ in core are on the new perimeter; 2007Q1 has no restated value. Feeds gL 2008Q1 (+34 log pts).",https://www.sec.gov/Archives/edgar/data/1123799/000095013407015826/f32110exv99w3.htm ; https://www.sec.gov/Archives/edgar/data/1123799/000095013408013325/f42331exv99w3.htm,"Key Operating Metrics - People (No of people, quarter end)","Q1FY08 deck: ""IT Services 53,073 50,354 ... BPO Services 19,064 17,464 ... Total 72,137 67,818""; Q1FY09 deck: ""IT Services 61,345 62,070 53,390 | BPO Services 20,837 20,445 19,064 | India / Middle East IT Services 13,493 13,052 10,111 | Total 95,675 95,567 82,565"""
accenture,2017Q4..2018Q3,Q1FY18..Q4FY18,rev_usd,total,9884.313; 9909.238; 10694.996; 10503.987,,flag_only,"Latest-vintage rule picks the FY19 releases' ASC 606 restated prior-year columns for FY18, while FY17 (2016Q4-2017Q3) and earlier remain pre-ASC 606 ""net revenues"". gR_usd 2017Q4-2018Q3 therefore compares different revenue definitions (+3.7 to +4.6 pp vs the reported USD growth of 12/15/16/11%). gR (local currency) is unaffected. Fix: use original FY18 net-revenue vintage for the gR_usd base, or set gR_usd missing for 2017Q4-2018Q3.",https://www.sec.gov/Archives/edgar/data/1467373/000146737317000505/fy18q1earnings8-kexhibit.htm ; https://www.sec.gov/Archives/edgar/data/1467373/000146737318000420/fy19q1earnings8-kexhibit.htm,Summary of Revenues; Q1FY18 release text,"Q1FY18 release: ""Revenues before reimbursements ('net revenues') for the first quarter of fiscal 2018 were $9.52 billion""; Q1FY19 release: ""Revenues for the first quarter of fiscal 2019 were $10.61 billion, compared with $9.88 billion for the first quarter of fiscal 2018"""
wipro,2017Q2..2018Q1,Q1FY18..Q4FY18,headcount; rev_usd,total; IT Services,"161439,159300,158865,159923 (headcount)",,flag_only,"ISRE carve-out restatement (Q3FY19) reaches back only to Q1FY18; FY17 quarters (2016Q2-2017Q1) stay on the old perimeter. gL and gR_usd for 2017Q2-2018Q1 compare ex-ISRE vs incl-ISRE (headcount: Q1FY18 166,790 as first reported vs 161,439 restated, ~-3 pp on gL).",https://www.wipro.com/content/dam/nexus/en/investor/quarterly-results/2018-2019/q3fy19/analyst-data-sheet-q3-fy19.pdf,p1 Note 1; p2 Closing Employee Count row,"""Note 1: All numbers for the previous quarters (except guidance) have been restated for carve out of India State Run Enterprise (ISRE) business.""; row ""Closing Employee Count 172,379 171,451 160,846 159,923 159,923 158,865 159,300 161,439"""
wipro,2018Q3,Q2FY19,headcount,total,171451,,flag_only,"Unlogged step: ~9,000 employees taken over with the Alight large deal (rebadging) in Q2FY19 (+6.6% QoQ). Not a definition change, but non-hiring growth inside gL for 2018Q3-2019Q2.",https://www.wipro.com/content/dam/nexus/en/investor/quarterly-results/2018-2019/q2fy19/transcripts-conference-call-q2-fy19.pdf,p15 Q&A (Saurabh Govil),"""There is no inorganic component, it is all organic. About 9000 employees come for the large deal which we had won from Alight"""
tcs,2009Q1,Q4FY09,headcount,total,143761,,flag_only,"Perimeter break: total includes TCS e-Serve and Diligenta from Q4FY09; Q3FY09 total excluded 12,459 e-Serve employees. gL 2009Q1-2009Q4 (GFC episode) is inflated by consolidation, not hiring.",https://web.archive.org/web/20090126153439/http://www.tcs.com:80/investors/Documents/presentations/TCS_Analysts_Q3_08-09.pdf ; https://web.archive.org/web/20090521050525/http://www.tcs.com:80/sitecollectiondocuments/investors/presentations/TCS_Analysts_Q4_09.pdf,Q3FY09 deck p16 HR slide; Q4FY09 deck p19 HR slide (local copies data/sources/gfc/tcs/),"Q3FY09: ""Total Employees : 130,343 / TCS : 126,613 (Excluding 12,459 TCS e-Serve employees)""; Q4FY09: ""* CMC, WTI, TCS e-Serve, Diligenta & others. Diligenta employees are now shown under subsidiaries"""
tcs,2007Q1..2010Q2,Q4FY07..Q1FY11,rev_rep_yoy,total,INR-terms growth (e.g. 2008Q1 18.43),,flag_only,gfc.csv labels INR-terms growth basis=reported; tcs.csv uses basis=reported_inr for the same concept and rev_rep_yoy for every other firm-quarter is USD growth. 2010Q3-2011Q2 are USD-terms. Not used in gR (cc) but mislabels rev_rep_yoy.,https://web.archive.org/web/20110304162702/http://www.tcs.com:80/investors/Documents/Presentations/TCS_Analysts_Q4_2008.PDF,p8 US GAAP Revenue Growth - Quarterly (image slide; read visually from local copy data/sources/gfc/tcs/TCS_Analysts_Q4FY08.pdf),"Table header ""Consolidated US GAAP (INR Million)""; ""Total Revenue 60,947 59,241 51,464 ... % Growth Y-o-Y 18.43%"""
techm,2007Q1..2012Q1,Q4FY07..Q4FY12,rev_rep_yoy,total,INR consolidated growth (e.g. 2008Q4 17),,flag_only,GFC TechM rev_rep_yoy are INR headline growth (rounded) labelled basis=reported; post-2015 TechM rev_rep_yoy are USD.,https://web.archive.org/web/20120327144710/http://techmahindra.com/Documents/Financials/financialchart/09_q3/TechM_Q3_F09_Consolidated.pdf,p1 headline,"""Consolidated Revenues at Rs.11,322 million for the quarter, up 17% over previous year"""
