row,group,entity_set,cal_window,n_cal_quarters,indian_fiscal_window,indian_FY_quarter_counts,accenture_fiscal_window,cognizant_window,gR,gL,gRPE,du,resid,n_firms_gR,n_firms_gL,n_firms_du,n_firmq_gR,n_firmq_gL,n_firmq_du,gR_minus_gL,firms_gL
FY16–FY22 ex-COVID (Q1FY16–Q4FY22),Indian,pilot,2015Q2–2022Q1 ex 2020Q2–2021Q2,23,Q1FY16–Q4FY22,"FY16:4, FY17:4, FY18:4, FY19:4, FY20:4, FY22:3",Q3FY15–Q2FY22 (Accenture FY ends Aug),2015Q2–2022Q1 (calendar FY),11.268328902613206,9.266739239987484,1.377563111212961,0.9677912834249637,1.8676388465859504,7,7,7,120,142,121,2.0015896626257224,"hcltech,infosys,lti,mindtree,tcs,techm,wipro"
FY16–FY22 ex-COVID (Q1FY16–Q4FY22),Indian,clean6,2015Q2–2022Q1 ex 2020Q2–2021Q2,23,Q1FY16–Q4FY22,"FY16:4, FY17:4, FY18:4, FY19:4, FY20:4, FY22:3",Q3FY15–Q2FY22 (Accenture FY ends Aug),2015Q2–2022Q1 (calendar FY),11.06523401895092,8.754729014570227,1.410174523833426,0.7859980036597763,1.9002502592064154,6,6,6,119,123,103,2.3105050043806923,"hcltech,infosys,ltim_chain,tcs,techm,wipro"
FY16–FY22 ex-COVID (Q1FY16–Q4FY22),accenture,single firm,2015Q2–2022Q1 ex 2020Q2–2021Q2,23,Q1FY16–Q4FY22,"FY16:4, FY17:4, FY18:4, FY19:4, FY20:4, FY22:3",Q3FY15–Q2FY22 (Accenture FY ends Aug),2015Q2–2022Q1 (calendar FY),10.572645571369623,11.116021921005837,-0.529976129083525,0.056006941746503,-0.585983070830028,1,1,1,23,21,21,-0.5433763496362136,accenture
FY16–FY22 ex-COVID (Q1FY16–Q4FY22),cognizant,single firm,2015Q2–2022Q1 ex 2020Q2–2021Q2,23,Q1FY16–Q4FY22,"FY16:4, FY17:4, FY18:4, FY19:4, FY20:4, FY22:3",Q3FY15–Q2FY22 (Accenture FY ends Aug),2015Q2–2022Q1 (calendar FY),8.03580901086492,7.862230498145129,1.6580858579039033,0.3273412582834995,0.11001459592122764,1,1,1,16,23,12,0.17357851271979108,cognizant
FY23 (Q1–Q4FY23),Indian,pilot,2022Q2–2023Q1,4,Q1FY23–Q4FY23,FY23:4,Q3FY22–Q2FY23 (Accenture FY ends Aug),2022Q2–2023Q1 (calendar FY),14.276649529589575,16.95926749830051,-0.03454257874124278,-3.4542393113309564,3.298484446872851,7,8,6,24,28,20,-2.682617968710934,"hcltech,infosys,lti,ltim,mindtree,tcs,techm,wipro"
FY23 (Q1–Q4FY23),Indian,clean6,2022Q2–2023Q1,4,Q1FY23–Q4FY23,FY23:4,Q3FY22–Q2FY23 (Accenture FY ends Aug),2022Q2–2023Q1 (calendar FY),13.701655152288453,14.30238721121219,-0.6007320589237396,-3.9531230678448717,2.816094045987438,6,6,4,24,24,16,-0.6007320589237377,"hcltech,infosys,ltim_chain,tcs,techm,wipro"
FY23 (Q1–Q4FY23),accenture,single firm,2022Q2–2023Q1,4,Q1FY23–Q4FY23,FY23:4,Q3FY22–Q2FY23 (Accenture FY ends Aug),2022Q2–2023Q1 (calendar FY),16.595184945796902,12.802626768372104,3.7925581774247994,-1.3631799558244206,5.155738133249219,1,1,1,4,4,4,3.792558177424798,accenture
FY23 (Q1–Q4FY23),cognizant,single firm,2022Q2–2023Q1,4,Q1FY23–Q4FY23,FY23:4,Q3FY22–Q2FY23 (Accenture FY ends Aug),2022Q2–2023Q1 (calendar FY),5.00782376697791,8.05094839770523,-3.043124630727322,-2.140380750370552,-0.90274388035677,1,1,1,4,4,4,-3.0431246307273208,cognizant
FY24 (Q1–Q4FY24),Indian,pilot,2023Q2–2024Q1,4,Q1FY24–Q4FY24,FY24:4,Q3FY23–Q2FY24 (Accenture FY ends Aug),2023Q2–2024Q1 (calendar FY),0.747393777923957,-3.6133302362817843,4.360724014205742,2.5299638438981584,2.251435720424377,6,6,4,24,24,16,4.360724014205742,"hcltech,infosys,ltim,tcs,techm,wipro"
FY24 (Q1–Q4FY24),Indian,clean6,2023Q2–2024Q1,4,Q1FY24–Q4FY24,FY24:4,Q3FY23–Q2FY24 (Accenture FY ends Aug),2023Q2–2024Q1 (calendar FY),0.747393777923957,-3.6133302362817843,4.360724014205742,2.5299638438981584,2.251435720424377,6,6,4,24,24,16,4.360724014205742,"hcltech,infosys,ltim_chain,tcs,techm,wipro"
FY24 (Q1–Q4FY24),accenture,single firm,2023Q2–2024Q1,4,Q1FY24–Q4FY24,FY24:4,Q3FY23–Q2FY24 (Accenture FY ends Aug),2023Q2–2024Q1 (calendar FY),2.449030204397035,1.4572349683834314,0.9917952360136033,0.27322676330475576,0.7185684727088475,1,1,1,4,4,4,0.9917952360136035,accenture
FY24 (Q1–Q4FY24),cognizant,single firm,2023Q2–2024Q1,4,Q1FY24–Q4FY24,FY24:4,Q3FY23–Q2FY24 (Accenture FY ends Aug),2023Q2–2024Q1 (calendar FY),-0.9841944201892603,-0.938856052788024,-0.04533836740123631,-3.0681700007477613,3.0228316333465246,1,1,1,4,4,4,-0.04533836740123631,cognizant
FY25 (Q1–Q4FY25),Indian,pilot,2024Q2–2025Q1,4,Q1FY25–Q4FY25,FY25:4,Q3FY24–Q2FY25 (Accenture FY ends Aug),2024Q2–2025Q1 (calendar FY),2.625465603852024,0.06417264642060494,2.561292957431419,1.0914293163155204,1.0610161308813384,6,6,4,24,24,16,2.5612929574314194,"hcltech,infosys,ltim,tcs,techm,wipro"
FY25 (Q1–Q4FY25),Indian,clean6,2024Q2–2025Q1,4,Q1FY25–Q4FY25,FY25:4,Q3FY24–Q2FY25 (Accenture FY ends Aug),2024Q2–2025Q1 (calendar FY),2.625465603852024,0.06417264642060494,2.561292957431419,1.0914293163155204,1.0610161308813384,6,6,4,24,24,16,2.5612929574314194,"hcltech,infosys,ltim_chain,tcs,techm,wipro"
FY25 (Q1–Q4FY25),accenture,single firm,2024Q2–2025Q1,4,Q1FY25–Q4FY25,FY25:4,Q3FY24–Q2FY25 (Accenture FY ends Aug),2024Q2–2025Q1 (calendar FY),5.432038078778782,5.708664988443755,-0.27662690966497255,0.2732267633047536,-0.5498536729697261,1,1,1,4,4,4,-0.27662690966497294,accenture
FY25 (Q1–Q4FY25),cognizant,single firm,2024Q2–2025Q1,4,Q1FY25–Q4FY25,FY25:4,Q3FY24–Q2FY25 (Accenture FY ends Aug),2024Q2–2025Q1 (calendar FY),4.1322885466695745,-2.546525347625712,6.678813894295287,0.905647769279053,5.773166125016234,1,1,1,4,4,4,6.678813894295287,cognizant
FY26 (Q1–Q4FY26),Indian,pilot,2025Q2–2026Q1,4,Q1FY26–Q4FY26,FY26:4,Q3FY25–Q2FY26 (Accenture FY ends Aug),2025Q2–2026Q1 (calendar FY),1.4240813331340172,1.1977729194207052,0.2263084137133117,-0.7055319286057277,0.6473345533555772,6,6,4,24,24,16,0.226308413713312,"hcltech,infosys,ltim,tcs,techm,wipro"
FY26 (Q1–Q4FY26),Indian,clean6,2025Q2–2026Q1,4,Q1FY26–Q4FY26,FY26:4,Q3FY25–Q2FY26 (Accenture FY ends Aug),2025Q2–2026Q1 (calendar FY),1.4240813331340172,1.1977729194207052,0.2263084137133117,-0.7055319286057277,0.6473345533555772,6,6,4,24,24,16,0.226308413713312,"hcltech,infosys,ltim_chain,tcs,techm,wipro"
FY26 (Q1–Q4FY26),accenture,single firm,2025Q2–2026Q1,4,Q1FY26–Q4FY26,FY26:4,Q3FY25–Q2FY26 (Accenture FY ends Aug),2025Q2–2026Q1 (calendar FY),4.992160280332561,0.535413923364666,4.456746356967894,1.357272234425683,3.0994741225422118,1,1,1,4,4,4,4.456746356967895,accenture
FY26 (Q1–Q4FY26),cognizant,single firm,2025Q2–2026Q1,4,Q1FY26–Q4FY26,FY26:4,Q3FY25–Q2FY26 (Accenture FY ends Aug),2025Q2–2026Q1 (calendar FY),5.201383966769648,3.864866319246558,1.3365176475230895,1.1941616718266557,0.14235597569643388,1,1,1,4,4,4,1.33651764752309,cognizant
Q1FY27,Indian,pilot,2026Q2–2026Q2,1,Q1FY27–Q1FY27,FY27:1,Q3FY26–Q3FY26 (Accenture FY ends Aug),2026Q2–2026Q2 (calendar FY),3.5965233076640364,1.0055180432418656,2.591005264422171,-0.38876009893925445,2.1301932597949134,6,6,4,6,6,4,2.591005264422171,"hcltech,infosys,ltim,tcs,techm,wipro"
Q1FY27,Indian,clean6,2026Q2–2026Q2,1,Q1FY27–Q1FY27,FY27:1,Q3FY26–Q3FY26 (Accenture FY ends Aug),2026Q2–2026Q2 (calendar FY),3.5965233076640364,1.0055180432418656,2.591005264422171,-0.38876009893925445,2.1301932597949134,6,6,4,6,6,4,2.591005264422171,"hcltech,infosys,ltim_chain,tcs,techm,wipro"
Q1FY27,accenture,single firm,2026Q2–2026Q2,1,Q1FY27–Q1FY27,FY27:1,Q3FY26–Q3FY26 (Accenture FY ends Aug),2026Q2–2026Q2 (calendar FY),2.95588022415444,1.0452434357877811,1.9106367883666588,1.0810916104215675,0.8295451779450913,1,1,1,1,1,1,1.9106367883666588,accenture
Q1FY27,cognizant,single firm,2026Q2–2026Q2,1,Q1FY27–Q1FY27,FY27:1,Q3FY26–Q3FY26 (Accenture FY ends Aug),2026Q2–2026Q2 (calendar FY),4.018178963283183,3.6834999416096936,0.3346790216734892,0.0,0.3346790216734892,1,1,1,1,1,1,0.3346790216734892,cognizant
FY25–Q1FY27 (= REPORT 'FY25–27' row),Indian,pilot,2024Q2–2026Q2,9,Q1FY25–Q1FY27,"FY25:4, FY26:4, FY27:1",Q3FY24–Q3FY26 (Accenture FY ends Aug),2024Q2–2026Q2 (calendar FY),2.199412339512022,0.6725889229563452,1.5268234165556775,0.12831438354443517,0.9959551107491751,6,6,4,54,54,36,1.5268234165556769,"hcltech,infosys,ltim,tcs,techm,wipro"
FY25–Q1FY27 (= REPORT 'FY25–27' row),Indian,clean6,2024Q2–2026Q2,9,Q1FY25–Q1FY27,"FY25:4, FY26:4, FY27:1",Q3FY24–Q3FY26 (Accenture FY ends Aug),2024Q2–2026Q2 (calendar FY),2.199412339512022,0.6725889229563452,1.5268234165556775,0.12831438354443517,0.9959551107491751,6,6,4,54,54,36,1.5268234165556769,"hcltech,infosys,ltim_chain,tcs,techm,wipro"
FY25–Q1FY27 (= REPORT 'FY25–27' row),accenture,single firm,2024Q2–2026Q2,9,Q1FY25–Q1FY27,"FY25:4, FY26:4, FY27:1",Q3FY24–Q3FY26 (Accenture FY ends Aug),2024Q2–2026Q2 (calendar FY),4.96140818451109,2.8912843425579404,2.0701238419531496,0.8447875112603682,1.2253363306927816,1,1,1,9,9,9,2.070123841953149,accenture
FY25–Q1FY27 (= REPORT 'FY25–27' row),cognizant,single firm,2024Q2–2026Q2,9,Q1FY25–Q1FY27,"FY25:4, FY26:4, FY27:1",Q3FY24–Q3FY26 (Accenture FY ends Aug),2024Q2–2026Q2 (calendar FY),4.594763224115564,0.9952070920103419,3.5995561321052216,0.9332486404914262,2.666307491613795,1,1,1,9,9,9,3.599556132105222,cognizant
