cal_q,indian_fq,indian_FY,accenture_fq_assigned,cognizant_q,covid_excluded,report_rows,n_report_rows
2015Q2,Q1FY16,FY16,Q3FY15,2015Q2,False,2015–22 (ex-COVID); pre-COVID 2015–19,2
2015Q3,Q2FY16,FY16,Q4FY15,2015Q3,False,2015–22 (ex-COVID); pre-COVID 2015–19,2
2015Q4,Q3FY16,FY16,Q1FY16,2015Q4,False,2015–22 (ex-COVID); pre-COVID 2015–19,2
2016Q1,Q4FY16,FY16,Q2FY16,2016Q1,False,2015–22 (ex-COVID); pre-COVID 2015–19,2
2016Q2,Q1FY17,FY17,Q3FY16,2016Q2,False,2015–22 (ex-COVID); pre-COVID 2015–19,2
2016Q3,Q2FY17,FY17,Q4FY16,2016Q3,False,2015–22 (ex-COVID); pre-COVID 2015–19,2
2016Q4,Q3FY17,FY17,Q1FY17,2016Q4,False,2015–22 (ex-COVID); pre-COVID 2015–19,2
2017Q1,Q4FY17,FY17,Q2FY17,2017Q1,False,2015–22 (ex-COVID); pre-COVID 2015–19,2
2017Q2,Q1FY18,FY18,Q3FY17,2017Q2,False,2015–22 (ex-COVID); pre-COVID 2015–19,2
2017Q3,Q2FY18,FY18,Q4FY17,2017Q3,False,2015–22 (ex-COVID); pre-COVID 2015–19,2
2017Q4,Q3FY18,FY18,Q1FY18,2017Q4,False,2015–22 (ex-COVID); pre-COVID 2015–19,2
2018Q1,Q4FY18,FY18,Q2FY18,2018Q1,False,2015–22 (ex-COVID); pre-COVID 2015–19,2
2018Q2,Q1FY19,FY19,Q3FY18,2018Q2,False,2015–22 (ex-COVID); pre-COVID 2015–19,2
2018Q3,Q2FY19,FY19,Q4FY18,2018Q3,False,2015–22 (ex-COVID); pre-COVID 2015–19,2
2018Q4,Q3FY19,FY19,Q1FY19,2018Q4,False,2015–22 (ex-COVID); pre-COVID 2015–19,2
2019Q1,Q4FY19,FY19,Q2FY19,2019Q1,False,2015–22 (ex-COVID); pre-COVID 2015–19,2
2019Q2,Q1FY20,FY20,Q3FY19,2019Q2,False,2015–22 (ex-COVID); pre-COVID 2015–19,2
2019Q3,Q2FY20,FY20,Q4FY19,2019Q3,False,2015–22 (ex-COVID); pre-COVID 2015–19,2
2019Q4,Q3FY20,FY20,Q1FY20,2019Q4,False,2015–22 (ex-COVID); pre-COVID 2015–19,2
2020Q1,Q4FY20,FY20,Q2FY20,2020Q1,False,2015–22 (ex-COVID); pre-COVID 2015–19,2
2020Q2,Q1FY21,FY21,Q3FY20,2020Q2,True,COVID (2020Q2–Q4),1
2020Q3,Q2FY21,FY21,Q4FY20,2020Q3,True,COVID (2020Q2–Q4),1
2020Q4,Q3FY21,FY21,Q1FY21,2020Q4,True,COVID (2020Q2–Q4),1
2021Q1,Q4FY21,FY21,Q2FY21,2021Q1,True,(none),0
2021Q2,Q1FY22,FY22,Q3FY21,2021Q2,True,(none),0
2021Q3,Q2FY22,FY22,Q4FY21,2021Q3,False,2015–22 (ex-COVID),1
2021Q4,Q3FY22,FY22,Q1FY22,2021Q4,False,2015–22 (ex-COVID),1
2022Q1,Q4FY22,FY22,Q2FY22,2022Q1,False,2015–22 (ex-COVID),1
2022Q2,Q1FY23,FY23,Q3FY22,2022Q2,False,2015–22 (ex-COVID),1
2022Q3,Q2FY23,FY23,Q4FY22,2022Q3,False,2015–22 (ex-COVID),1
2022Q4,Q3FY23,FY23,Q1FY23,2022Q4,False,2015–22 (ex-COVID),1
2023Q1,Q4FY23,FY23,Q2FY23,2023Q1,False,FY24 slowdown (2023Q1–2024Q1),1
2023Q2,Q1FY24,FY24,Q3FY23,2023Q2,False,FY24 slowdown (2023Q1–2024Q1),1
2023Q3,Q2FY24,FY24,Q4FY23,2023Q3,False,FY24 slowdown (2023Q1–2024Q1),1
2023Q4,Q3FY24,FY24,Q1FY24,2023Q4,False,FY24 slowdown (2023Q1–2024Q1),1
2024Q1,Q4FY24,FY24,Q2FY24,2024Q1,False,FY24 slowdown (2023Q1–2024Q1),1
2024Q2,Q1FY25,FY25,Q3FY24,2024Q2,False,FY25–27 (2024Q2–2026Q2),1
2024Q3,Q2FY25,FY25,Q4FY24,2024Q3,False,FY25–27 (2024Q2–2026Q2),1
2024Q4,Q3FY25,FY25,Q1FY25,2024Q4,False,FY25–27 (2024Q2–2026Q2),1
2025Q1,Q4FY25,FY25,Q2FY25,2025Q1,False,FY25–27 (2024Q2–2026Q2),1
2025Q2,Q1FY26,FY26,Q3FY25,2025Q2,False,FY25–27 (2024Q2–2026Q2),1
2025Q3,Q2FY26,FY26,Q4FY25,2025Q3,False,FY25–27 (2024Q2–2026Q2),1
2025Q4,Q3FY26,FY26,Q1FY26,2025Q4,False,FY25–27 (2024Q2–2026Q2),1
2026Q1,Q4FY26,FY26,Q2FY26,2026Q1,False,FY25–27 (2024Q2–2026Q2),1
2026Q2,Q1FY27,FY27,Q3FY26,2026Q2,False,FY25–27 (2024Q2–2026Q2),1
