report_row,indian_FY,n_quarters,fiscal_quarters,accenture_quarters
2015–22 (ex-COVID),FY16,4,"Q1FY16,Q2FY16,Q3FY16,Q4FY16","Q3FY15,Q4FY15,Q1FY16,Q2FY16"
2015–22 (ex-COVID),FY17,4,"Q1FY17,Q2FY17,Q3FY17,Q4FY17","Q3FY16,Q4FY16,Q1FY17,Q2FY17"
2015–22 (ex-COVID),FY18,4,"Q1FY18,Q2FY18,Q3FY18,Q4FY18","Q3FY17,Q4FY17,Q1FY18,Q2FY18"
2015–22 (ex-COVID),FY19,4,"Q1FY19,Q2FY19,Q3FY19,Q4FY19","Q3FY18,Q4FY18,Q1FY19,Q2FY19"
2015–22 (ex-COVID),FY20,4,"Q1FY20,Q2FY20,Q3FY20,Q4FY20","Q3FY19,Q4FY19,Q1FY20,Q2FY20"
2015–22 (ex-COVID),FY22,3,"Q2FY22,Q3FY22,Q4FY22","Q4FY21,Q1FY22,Q2FY22"
2015–22 (ex-COVID),FY23,3,"Q1FY23,Q2FY23,Q3FY23","Q3FY22,Q4FY22,Q1FY23"
pre-COVID 2015–19,FY16,4,"Q1FY16,Q2FY16,Q3FY16,Q4FY16","Q3FY15,Q4FY15,Q1FY16,Q2FY16"
pre-COVID 2015–19,FY17,4,"Q1FY17,Q2FY17,Q3FY17,Q4FY17","Q3FY16,Q4FY16,Q1FY17,Q2FY17"
pre-COVID 2015–19,FY18,4,"Q1FY18,Q2FY18,Q3FY18,Q4FY18","Q3FY17,Q4FY17,Q1FY18,Q2FY18"
pre-COVID 2015–19,FY19,4,"Q1FY19,Q2FY19,Q3FY19,Q4FY19","Q3FY18,Q4FY18,Q1FY19,Q2FY19"
pre-COVID 2015–19,FY20,4,"Q1FY20,Q2FY20,Q3FY20,Q4FY20","Q3FY19,Q4FY19,Q1FY20,Q2FY20"
COVID (2020Q2–Q4),FY21,3,"Q1FY21,Q2FY21,Q3FY21","Q3FY20,Q4FY20,Q1FY21"
FY24 slowdown (2023Q1–2024Q1),FY23,1,Q4FY23,Q2FY23
FY24 slowdown (2023Q1–2024Q1),FY24,4,"Q1FY24,Q2FY24,Q3FY24,Q4FY24","Q3FY23,Q4FY23,Q1FY24,Q2FY24"
FY25–27 (2024Q2–2026Q2),FY25,4,"Q1FY25,Q2FY25,Q3FY25,Q4FY25","Q3FY24,Q4FY24,Q1FY25,Q2FY25"
FY25–27 (2024Q2–2026Q2),FY26,4,"Q1FY26,Q2FY26,Q3FY26,Q4FY26","Q3FY25,Q4FY25,Q1FY26,Q2FY26"
FY25–27 (2024Q2–2026Q2),FY27,1,Q1FY27,Q3FY26
