firm,metric,first_cal_q,last_cal_q,last_own_fiscal_label
accenture,gR,2007Q1,2026Q2,Q3FY26
accenture,gL,2008Q3,2026Q2,Q3FY26
cognizant,gR,2017Q1,2026Q2,2026Q2
cognizant,gL,2008Q4,2026Q2,2026Q2
hcltech,gR,2007Q4,2026Q2,Q1FY27
hcltech,gL,2008Q1,2026Q2,Q1FY27
infosys,gR,2007Q2,2026Q2,Q1FY27
infosys,gL,2008Q1,2026Q2,Q1FY27
lti,gR,2016Q2,2022Q3,Q2FY23
lti,gL,2016Q2,2022Q3,Q2FY23
ltim,gR,2022Q4,2026Q2,Q1FY27
ltim,gL,2022Q2,2026Q2,Q1FY27
mindtree,gR,2015Q2,2015Q2,Q1FY16
mindtree,gL,2016Q2,2022Q3,Q2FY23
tcs,gR,2015Q2,2026Q2,Q1FY27
tcs,gL,2008Q1,2026Q2,Q1FY27
techm,gR,2016Q3,2026Q2,Q1FY27
techm,gL,2008Q1,2026Q2,Q1FY27
wipro,gR,2014Q2,2026Q2,Q1FY27
wipro,gL,2008Q1,2026Q2,Q1FY27
