rule,firm,cal_q,series,value,explanation,source
QoQ level jump >6%,accenture,2015Q3,headcount,6.45,"organic hiring per filing: 'Based on current and projected future demand, we have increased our headcount ... to approximately 373,000 as of November 30, 2015 ... approximately 319,000 as of November 30, 2014'","Accenture 10-Q for quarter ended 2015-11-30 (sec.gov/Archives/edgar/data/1467373, local data/sources/accenture/10q/2015-12-17_10-Q_acn-20151130x10q.htm), MD&A 'Overview'; same wording in 10-K FY15 for 336k->358k"
|YoY|>15 outside 2021-22,accenture,2015Q4,gL,15.6,"organic hiring per filing: 'Based on current and projected future demand, we have increased our headcount ... to approximately 373,000 as of November 30, 2015 ... approximately 319,000 as of November 30, 2014'","Accenture 10-Q for quarter ended 2015-11-30 (sec.gov/Archives/edgar/data/1467373, local data/sources/accenture/10q/2015-12-17_10-Q_acn-20151130x10q.htm), MD&A 'Overview'; same wording in 10-K FY15 for 336k->358k"
QoQ level jump >6%,accenture,2017Q2,rev_usd,6.4,"Accenture fiscal-quarter seasonality in USD levels (Dec-Feb quarter seasonally low, Mar-May / Sep-Nov high) plus FX; YoY series show no break",data/tidy/core_quarterly.csv (pattern recurs every year); YoY cc growth in Accenture 8-K releases continuous
QoQ level jump >6%,accenture,2017Q4,rev_usd,7.72,"ASC 606 basis mix: FY18 levels in the tidy panel are the restated post-ASC 606 vintage (incl. reimbursements, from FY19 releases) while FY17 levels are net revenues; gR_usd overstated by ~4pp; gR (cc, as reported) unaffected",data/raw/accenture.csv revenue rows for Q1FY17-Q4FY18 (notes column: 'Net revenues' vs 'Revenues (post ASC 606)'); Accenture 8-K Ex.99 for Q1FY19-Q4FY19 (prior-year columns)
|YoY|>15 outside 2021-22,accenture,2018Q1,gR_usd,17.51,"ASC 606 basis mix: FY18 levels in the tidy panel are the restated post-ASC 606 vintage (incl. reimbursements, from FY19 releases) while FY17 levels are net revenues; gR_usd overstated by ~4pp; gR (cc, as reported) unaffected",data/raw/accenture.csv revenue rows for Q1FY17-Q4FY18 (notes column: 'Net revenues' vs 'Revenues (post ASC 606)'); Accenture 8-K Ex.99 for Q1FY19-Q4FY19 (prior-year columns)
QoQ level jump >6%,accenture,2018Q2,rev_usd,7.63,"ASC 606 basis mix: FY18 levels in the tidy panel are the restated post-ASC 606 vintage (incl. reimbursements, from FY19 releases) while FY17 levels are net revenues; gR_usd overstated by ~4pp; gR (cc, as reported) unaffected",data/raw/accenture.csv revenue rows for Q1FY17-Q4FY18 (notes column: 'Net revenues' vs 'Revenues (post ASC 606)'); Accenture 8-K Ex.99 for Q1FY19-Q4FY19 (prior-year columns)
|YoY|>15 outside 2021-22,accenture,2018Q2,gR_usd,18.74,"ASC 606 basis mix: FY18 levels in the tidy panel are the restated post-ASC 606 vintage (incl. reimbursements, from FY19 releases) while FY17 levels are net revenues; gR_usd overstated by ~4pp; gR (cc, as reported) unaffected",data/raw/accenture.csv revenue rows for Q1FY17-Q4FY18 (notes column: 'Net revenues' vs 'Revenues (post ASC 606)'); Accenture 8-K Ex.99 for Q1FY19-Q4FY19 (prior-year columns)
QoQ level jump >6%,accenture,2020Q4,rev_usd,8.21,"Accenture fiscal-quarter seasonality in USD levels (Dec-Feb quarter seasonally low, Mar-May / Sep-Nov high) plus FX; YoY series show no break",data/tidy/core_quarterly.csv (pattern recurs every year); YoY cc growth in Accenture 8-K releases continuous
QoQ level jump >6%,accenture,2021Q2,rev_usd,9.28,2021-22 hiring/revenue boom (no definitional break identified),-
QoQ level jump >6%,accenture,2021Q3,headcount,9.32,inside 2021-22 boom (Accenture reported hiring to demand); not a definitional break,Accenture 10-Q MD&A (not re-read for this quarter)
QoQ level jump >6%,accenture,2021Q4,headcount,7.71,inside 2021-22 boom (Accenture reported hiring to demand); not a definitional break,Accenture 10-Q MD&A (not re-read for this quarter)
QoQ level jump >6%,accenture,2021Q4,rev_usd,10.9,2021-22 hiring/revenue boom (no definitional break identified),-
QoQ level jump >6%,accenture,2022Q2,rev_usd,7.13,2021-22 hiring/revenue boom (no definitional break identified),-
QoQ level jump >6%,accenture,2024Q4,rev_usd,7.53,"Accenture fiscal-quarter seasonality in USD levels (Dec-Feb quarter seasonally low, Mar-May / Sep-Nov high) plus FX; YoY series show no break",data/tidy/core_quarterly.csv (pattern recurs every year); YoY cc growth in Accenture 8-K releases continuous
QoQ level jump >6%,accenture,2025Q1,rev_usd,-6.0,"Accenture fiscal-quarter seasonality in USD levels (Dec-Feb quarter seasonally low, Mar-May / Sep-Nov high) plus FX; YoY series show no break",data/tidy/core_quarterly.csv (pattern recurs every year); YoY cc growth in Accenture 8-K releases continuous
QoQ level jump >6%,accenture,2025Q2,rev_usd,6.22,"Accenture fiscal-quarter seasonality in USD levels (Dec-Feb quarter seasonally low, Mar-May / Sep-Nov high) plus FX; YoY series show no break",data/tidy/core_quarterly.csv (pattern recurs every year); YoY cc growth in Accenture 8-K releases continuous
QoQ level jump >6%,accenture,2025Q4,rev_usd,6.31,"Accenture fiscal-quarter seasonality in USD levels (Dec-Feb quarter seasonally low, Mar-May / Sep-Nov high) plus FX; YoY series show no break",data/tidy/core_quarterly.csv (pattern recurs every year); YoY cc growth in Accenture 8-K releases continuous
|YoY|>15 outside 2021-22,cognizant,2015Q2,gR_usd,20.35,"TriZetto acquisition (Nov 2014): 'TriZetto, which contributed revenue of approximately $169.0 million and was the primary driver of the 42.7% revenue growth in our Healthcare segment' (Q1 2015); gR (cc) not available before 2017 so the correlation is unaffected","Cognizant 10-Q Q1 2015 (filed 2015-05-04), MD&A 'Overview' (local data/sources/cognizant/txt/2015-05-04_10-Q_ctsh2015331-10q.htm.txt)"
|YoY|>15 outside 2021-22,cognizant,2015Q2,gL,15.12,same TriZetto acquisition (headcount acquired not quantified in the collected text),as above
|YoY|>15 outside 2021-22,cognizant,2015Q3,gR_usd,21.09,"TriZetto acquisition (Nov 2014): 'TriZetto, which contributed revenue of approximately $169.0 million and was the primary driver of the 42.7% revenue growth in our Healthcare segment' (Q1 2015); gR (cc) not available before 2017 so the correlation is unaffected","Cognizant 10-Q Q1 2015 (filed 2015-05-04), MD&A 'Overview' (local data/sources/cognizant/txt/2015-05-04_10-Q_ctsh2015331-10q.htm.txt)"
|YoY|>15 outside 2021-22,cognizant,2015Q4,gR_usd,16.45,"TriZetto acquisition (Nov 2014): 'TriZetto, which contributed revenue of approximately $169.0 million and was the primary driver of the 42.7% revenue growth in our Healthcare segment' (Q1 2015); gR (cc) not available before 2017 so the correlation is unaffected","Cognizant 10-Q Q1 2015 (filed 2015-05-04), MD&A 'Overview' (local data/sources/cognizant/txt/2015-05-04_10-Q_ctsh2015331-10q.htm.txt)"
|YoY|>15 outside 2021-22,cognizant,2016Q3,gL,15.4,organic: filing attributes margin pressure to 'headcount growth outpacing revenue growth'; no acquisition of that size in 2016,"Cognizant 10-Q Q3 2016 (filed 2016-11-07), MD&A segment discussion"
|YoY|>15 outside 2021-22,cognizant,2016Q4,gL,16.01,organic: filing attributes margin pressure to 'headcount growth outpacing revenue growth'; no acquisition of that size in 2016,"Cognizant 10-Q Q3 2016 (filed 2016-11-07), MD&A segment discussion"
QoQ level jump >6%,hcltech,2016Q2,rev_usd,6.32,not explained in collected documents,-
|YoY|>15 outside 2021-22,hcltech,2019Q2,gR,15.7,"IBM select-products acquisition ($1.8bn) closed 30 Jun 2019, revenue from Q2FY20 (2019Q3); 2019Q2 growth includes earlier IBM IP-partnership deals and FY19 acquisitions (not quantified in the release)","HCLTech Q1FY20 investor release p3, p7; Q2FY20 release p6 ('Current quarter financials include revenue from the previously announced $1.8 bn acquisition')"
|YoY|>15 outside 2021-22,hcltech,2019Q3,gR,18.65,"IBM select-products acquisition ($1.8bn) closed 30 Jun 2019, revenue from Q2FY20 (2019Q3); 2019Q2 growth includes earlier IBM IP-partnership deals and FY19 acquisitions (not quantified in the release)","HCLTech Q1FY20 investor release p3, p7; Q2FY20 release p6 ('Current quarter financials include revenue from the previously announced $1.8 bn acquisition')"
|YoY|>15 outside 2021-22,hcltech,2019Q3,gR_usd,16.92,"IBM select-products acquisition ($1.8bn) closed 30 Jun 2019, revenue from Q2FY20 (2019Q3); 2019Q2 growth includes earlier IBM IP-partnership deals and FY19 acquisitions (not quantified in the release)","HCLTech Q1FY20 investor release p3, p7; Q2FY20 release p6 ('Current quarter financials include revenue from the previously announced $1.8 bn acquisition')"
|YoY|>15 outside 2021-22,hcltech,2019Q4,gR,15.19,"IBM select-products acquisition ($1.8bn) closed 30 Jun 2019, revenue from Q2FY20 (2019Q3); 2019Q2 growth includes earlier IBM IP-partnership deals and FY19 acquisitions (not quantified in the release)","HCLTech Q1FY20 investor release p3, p7; Q2FY20 release p6 ('Current quarter financials include revenue from the previously announced $1.8 bn acquisition')"
QoQ level jump >6%,hcltech,2020Q2,rev_usd,-7.67,COVID quarter (revenue drop / rebound),-
QoQ level jump >6%,hcltech,2020Q3,rev_usd,6.22,COVID quarter (revenue drop / rebound),-
QoQ level jump >6%,hcltech,2021Q3,headcount,6.12,2021-22 hiring/revenue boom (no definitional break identified),-
QoQ level jump >6%,hcltech,2021Q4,rev_usd,6.48,2021-22 hiring/revenue boom (no definitional break identified),-
QoQ level jump >6%,infosys,2021Q4,rev_usd,6.11,2021-22 hiring/revenue boom (no definitional break identified),-
QoQ level jump >6%,infosys,2022Q1,headcount,7.25,2021-22 hiring/revenue boom (no definitional break identified),-
QoQ level jump >6%,infosys,2022Q2,headcount,6.52,2021-22 hiring/revenue boom (no definitional break identified),-
QoQ level jump >6%,lti,2015Q3,rev_usd,7.08,not explained in collected documents,-
QoQ level jump >6%,lti,2017Q4,rev_usd,8.12,"sustained high organic growth (LTI fact sheets show no acquisition-adjusted figures); not a level break: no QoQ jump >6% in headcount, revenue QoQ +8% in 2017Q4 and 2019Q4 only",data/raw/ltim.csv (LTI fact sheets); no acquisition quantified in collected LTI documents
|YoY|>15 outside 2021-22,lti,2017Q4,gR,15.19,"sustained high organic growth (LTI fact sheets show no acquisition-adjusted figures); not a level break: no QoQ jump >6% in headcount, revenue QoQ +8% in 2017Q4 and 2019Q4 only",data/raw/ltim.csv (LTI fact sheets); no acquisition quantified in collected LTI documents
|YoY|>15 outside 2021-22,lti,2017Q4,gR_usd,18.02,"sustained high organic growth (LTI fact sheets show no acquisition-adjusted figures); not a level break: no QoQ jump >6% in headcount, revenue QoQ +8% in 2017Q4 and 2019Q4 only",data/raw/ltim.csv (LTI fact sheets); no acquisition quantified in collected LTI documents
|YoY|>15 outside 2021-22,lti,2018Q1,gR,17.14,"sustained high organic growth (LTI fact sheets show no acquisition-adjusted figures); not a level break: no QoQ jump >6% in headcount, revenue QoQ +8% in 2017Q4 and 2019Q4 only",data/raw/ltim.csv (LTI fact sheets); no acquisition quantified in collected LTI documents
|YoY|>15 outside 2021-22,lti,2018Q1,gR_usd,19.56,"sustained high organic growth (LTI fact sheets show no acquisition-adjusted figures); not a level break: no QoQ jump >6% in headcount, revenue QoQ +8% in 2017Q4 and 2019Q4 only",data/raw/ltim.csv (LTI fact sheets); no acquisition quantified in collected LTI documents
|YoY|>15 outside 2021-22,lti,2018Q2,gR,20.62,"sustained high organic growth (LTI fact sheets show no acquisition-adjusted figures); not a level break: no QoQ jump >6% in headcount, revenue QoQ +8% in 2017Q4 and 2019Q4 only",data/raw/ltim.csv (LTI fact sheets); no acquisition quantified in collected LTI documents
|YoY|>15 outside 2021-22,lti,2018Q2,gR_usd,21.04,"sustained high organic growth (LTI fact sheets show no acquisition-adjusted figures); not a level break: no QoQ jump >6% in headcount, revenue QoQ +8% in 2017Q4 and 2019Q4 only",data/raw/ltim.csv (LTI fact sheets); no acquisition quantified in collected LTI documents
|YoY|>15 outside 2021-22,lti,2018Q3,gR,20.62,"sustained high organic growth (LTI fact sheets show no acquisition-adjusted figures); not a level break: no QoQ jump >6% in headcount, revenue QoQ +8% in 2017Q4 and 2019Q4 only",data/raw/ltim.csv (LTI fact sheets); no acquisition quantified in collected LTI documents
|YoY|>15 outside 2021-22,lti,2018Q3,gR_usd,19.39,"sustained high organic growth (LTI fact sheets show no acquisition-adjusted figures); not a level break: no QoQ jump >6% in headcount, revenue QoQ +8% in 2017Q4 and 2019Q4 only",data/raw/ltim.csv (LTI fact sheets); no acquisition quantified in collected LTI documents
|YoY|>15 outside 2021-22,lti,2018Q3,gL,15.8,"sustained high organic growth (LTI fact sheets show no acquisition-adjusted figures); not a level break: no QoQ jump >6% in headcount, revenue QoQ +8% in 2017Q4 and 2019Q4 only",data/raw/ltim.csv (LTI fact sheets); no acquisition quantified in collected LTI documents
|YoY|>15 outside 2021-22,lti,2018Q4,gR,18.73,"sustained high organic growth (LTI fact sheets show no acquisition-adjusted figures); not a level break: no QoQ jump >6% in headcount, revenue QoQ +8% in 2017Q4 and 2019Q4 only",data/raw/ltim.csv (LTI fact sheets); no acquisition quantified in collected LTI documents
|YoY|>15 outside 2021-22,lti,2018Q4,gR_usd,16.72,"sustained high organic growth (LTI fact sheets show no acquisition-adjusted figures); not a level break: no QoQ jump >6% in headcount, revenue QoQ +8% in 2017Q4 and 2019Q4 only",data/raw/ltim.csv (LTI fact sheets); no acquisition quantified in collected LTI documents
|YoY|>15 outside 2021-22,lti,2018Q4,gL,16.22,"sustained high organic growth (LTI fact sheets show no acquisition-adjusted figures); not a level break: no QoQ jump >6% in headcount, revenue QoQ +8% in 2017Q4 and 2019Q4 only",data/raw/ltim.csv (LTI fact sheets); no acquisition quantified in collected LTI documents
|YoY|>15 outside 2021-22,lti,2019Q1,gR,16.13,"sustained high organic growth (LTI fact sheets show no acquisition-adjusted figures); not a level break: no QoQ jump >6% in headcount, revenue QoQ +8% in 2017Q4 and 2019Q4 only",data/raw/ltim.csv (LTI fact sheets); no acquisition quantified in collected LTI documents
|YoY|>15 outside 2021-22,lti,2019Q1,gL,15.44,"sustained high organic growth (LTI fact sheets show no acquisition-adjusted figures); not a level break: no QoQ jump >6% in headcount, revenue QoQ +8% in 2017Q4 and 2019Q4 only",data/raw/ltim.csv (LTI fact sheets); no acquisition quantified in collected LTI documents
|YoY|>15 outside 2021-22,lti,2019Q2,gL,15.43,"sustained high organic growth (LTI fact sheets show no acquisition-adjusted figures); not a level break: no QoQ jump >6% in headcount, revenue QoQ +8% in 2017Q4 and 2019Q4 only",data/raw/ltim.csv (LTI fact sheets); no acquisition quantified in collected LTI documents
|YoY|>15 outside 2021-22,lti,2019Q3,gL,15.94,"sustained high organic growth (LTI fact sheets show no acquisition-adjusted figures); not a level break: no QoQ jump >6% in headcount, revenue QoQ +8% in 2017Q4 and 2019Q4 only",data/raw/ltim.csv (LTI fact sheets); no acquisition quantified in collected LTI documents
QoQ level jump >6%,lti,2019Q4,rev_usd,8.08,"sustained high organic growth (LTI fact sheets show no acquisition-adjusted figures); not a level break: no QoQ jump >6% in headcount, revenue QoQ +8% in 2017Q4 and 2019Q4 only",data/raw/ltim.csv (LTI fact sheets); no acquisition quantified in collected LTI documents
|YoY|>15 outside 2021-22,lti,2020Q1,gR,16.04,"sustained high organic growth (LTI fact sheets show no acquisition-adjusted figures); not a level break: no QoQ jump >6% in headcount, revenue QoQ +8% in 2017Q4 and 2019Q4 only",data/raw/ltim.csv (LTI fact sheets); no acquisition quantified in collected LTI documents
QoQ level jump >6%,lti,2021Q2,headcount,6.21,2021-22 hiring/revenue boom (no definitional break identified),-
QoQ level jump >6%,lti,2021Q3,headcount,10.13,2021-22 hiring/revenue boom (no definitional break identified),-
QoQ level jump >6%,lti,2021Q3,rev_usd,7.93,2021-22 hiring/revenue boom (no definitional break identified),-
QoQ level jump >6%,lti,2021Q4,rev_usd,8.29,2021-22 hiring/revenue boom (no definitional break identified),-
QoQ level jump >6%,ltim,2021Q3,headcount,9.63,LTIM restated combined series during the 2021-22 boom; mirrors LTI + Mindtree,LTIM Q3FY23 fact sheet Addendum p15-16
QoQ level jump >6%,ltim,2021Q3,rev_usd,9.53,LTIM restated combined series during the 2021-22 boom; mirrors LTI + Mindtree,LTIM Q3FY23 fact sheet Addendum p15-16
QoQ level jump >6%,ltim,2021Q4,rev_usd,6.77,LTIM restated combined series during the 2021-22 boom; mirrors LTI + Mindtree,LTIM Q3FY23 fact sheet Addendum p15-16
QoQ level jump >6%,ltim,2022Q1,headcount,7.05,LTIM restated combined series during the 2021-22 boom; mirrors LTI + Mindtree,LTIM Q3FY23 fact sheet Addendum p15-16
QoQ level jump >6%,mindtree,2015Q3,headcount,7.7,"QoQ revenue +14.9% and headcount +7.7% in 2015Q3 (Q2FY16); consistent with the FY16 acquisitions (Bluefin, Relational, Discoverture) but NOT verified: Mindtree FY16 filings are scanned and were not read for this audit; Mindtree has no cc YoY so gR is unaffected",not verified in a primary document (Mindtree Q2FY16 NSE filing is image-only)
QoQ level jump >6%,mindtree,2015Q3,rev_usd,14.85,"QoQ revenue +14.9% and headcount +7.7% in 2015Q3 (Q2FY16); consistent with the FY16 acquisitions (Bluefin, Relational, Discoverture) but NOT verified: Mindtree FY16 filings are scanned and were not read for this audit; Mindtree has no cc YoY so gR is unaffected",not verified in a primary document (Mindtree Q2FY16 NSE filing is image-only)
QoQ level jump >6%,mindtree,2016Q1,rev_usd,6.02,"QoQ revenue +14.9% and headcount +7.7% in 2015Q3 (Q2FY16); consistent with the FY16 acquisitions (Bluefin, Relational, Discoverture) but NOT verified: Mindtree FY16 filings are scanned and were not read for this audit; Mindtree has no cc YoY so gR is unaffected",not verified in a primary document (Mindtree Q2FY16 NSE filing is image-only)
|YoY|>15 outside 2021-22,mindtree,2016Q2,gR_usd,25.05,"QoQ revenue +14.9% and headcount +7.7% in 2015Q3 (Q2FY16); consistent with the FY16 acquisitions (Bluefin, Relational, Discoverture) but NOT verified: Mindtree FY16 filings are scanned and were not read for this audit; Mindtree has no cc YoY so gR is unaffected",not verified in a primary document (Mindtree Q2FY16 NSE filing is image-only)
QoQ level jump >6%,mindtree,2018Q2,headcount,6.9,QoQ +6.5% revenue / +6.9% headcount in 2018Q2 (Q1FY19); not explained in collected documents,-
QoQ level jump >6%,mindtree,2018Q2,rev_usd,6.54,QoQ +6.5% revenue / +6.9% headcount in 2018Q2 (Q1FY19); not explained in collected documents,-
|YoY|>15 outside 2021-22,mindtree,2018Q2,gR_usd,18.81,QoQ +6.5% revenue / +6.9% headcount in 2018Q2 (Q1FY19); not explained in collected documents,-
|YoY|>15 outside 2021-22,mindtree,2018Q3,gR_usd,17.81,QoQ +6.5% revenue / +6.9% headcount in 2018Q2 (Q1FY19); not explained in collected documents,-
|YoY|>15 outside 2021-22,mindtree,2018Q4,gR_usd,16.01,QoQ +6.5% revenue / +6.9% headcount in 2018Q2 (Q1FY19); not explained in collected documents,-
QoQ level jump >6%,mindtree,2020Q2,rev_usd,-9.49,COVID quarter (revenue drop / rebound),-
QoQ level jump >6%,mindtree,2021Q1,headcount,7.04,2021-22 hiring/revenue boom (no definitional break identified),-
QoQ level jump >6%,mindtree,2021Q2,headcount,13.5,2021-22 hiring/revenue boom (no definitional break identified),-
QoQ level jump >6%,mindtree,2021Q2,rev_usd,7.45,2021-22 hiring/revenue boom (no definitional break identified),-
QoQ level jump >6%,mindtree,2021Q3,headcount,8.7,2021-22 hiring/revenue boom (no definitional break identified),-
QoQ level jump >6%,mindtree,2021Q3,rev_usd,12.0,2021-22 hiring/revenue boom (no definitional break identified),-
QoQ level jump >6%,mindtree,2021Q4,headcount,7.22,2021-22 hiring/revenue boom (no definitional break identified),-
QoQ level jump >6%,mindtree,2022Q1,headcount,9.29,2021-22 hiring/revenue boom (no definitional break identified),-
QoQ level jump >6%,mindtree,2022Q2,headcount,6.58,2021-22 hiring/revenue boom (no definitional break identified),-
QoQ level jump >6%,tcs,2020Q2,rev_usd,-7.33,COVID quarter (revenue drop / rebound),-
QoQ level jump >6%,tcs,2020Q3,rev_usd,6.97,COVID quarter (revenue drop / rebound),-
QoQ level jump >6%,tcs,2022Q1,headcount,6.13,2021-22 hiring/revenue boom (no definitional break identified),-
QoQ level jump >6%,techm,2020Q2,rev_usd,-6.96,COVID quarter (revenue drop / rebound),-
QoQ level jump >6%,techm,2021Q3,headcount,11.18,"Q2FY22 headcount +14,930 QoQ (BPO +7,390, software +6,923); acquisitions in the quarter's release (Lodestone etc.) but acquired headcount not quantified",TechM Q2FY22 press release p1-2; Q2FY22 fact sheet p2
QoQ level jump >6%,techm,2021Q3,rev_usd,6.23,2021-22 hiring/revenue boom (no definitional break identified),-
QoQ level jump >6%,wipro,2018Q3,headcount,6.39,"~9,000 employees transferred with the Alight deal in Q2FY19 (rebadging, not an acquisition): 'There is no inorganic component ... About 9000 employees come for the large deal which we had won from Alight'; lifts Wipro gL by ~5pp for 4 quarters; not adjusted",Wipro Q2FY19 earnings-call transcript p15 (local data/sources/wipro/2018-2019_q2fy19_transcripts-conference-call-q2-fy19.pdf)
QoQ level jump >6%,wipro,2020Q2,rev_usd,-7.61,COVID quarter (revenue drop / rebound),-
QoQ level jump >6%,wipro,2021Q2,rev_usd,11.49,Capco acquisition closed Q1FY22 (IT Services +12.0% QoQ cc in Q1FY22 per wipro_NOTES); gR includes inorganic revenue (D12),wipro_NOTES.md §3; Wipro Q1FY22 datasheet
QoQ level jump >6%,wipro,2021Q3,rev_usd,6.63,Capco acquisition closed Q1FY22 (IT Services +12.0% QoQ cc in Q1FY22 per wipro_NOTES); gR includes inorganic revenue (D12),wipro_NOTES.md §3; Wipro Q1FY22 datasheet
QoQ level jump >6%,wipro,2022Q2,headcount,7.49,2021-22 hiring/revenue boom (no definitional break identified),-
