firm,employer_norm,n_cases
accenture,ACCENTURE,1
accenture,"ACCENTURE INFRASTRUCTURE & CAPITAL PROJECTS, LLC",15
accenture,ACCENTURE INFRASTRUCTURE AND CAPITAL PROJECTS LLC,27
accenture,"ACCENTURE INFRASTRUCTURE AND CAPITAL PROJECTS, LLC",22
accenture,ACCENTURE LLP,65408
accenture,ACCENTURE LLPL,1
accenture,ACCENTURE NATIONAL INC,3
accenture,"ACCENTURE, LLP",2
capgemini,CAPGEMINI AMERICA,1
capgemini,CAPGEMINI AMERICA INC,64886
capgemini,CAPGEMINI AMERICA INC.,606
capgemini,CAPGEMINI AMERICA INCX,3
capgemini,"CAPGEMINI AMERICA, INC",61
capgemini,"CAPGEMINI AMERICA, INC.",3457
capgemini,"CAPGEMINI AMERICA, INC. (LEGACY CAPGEMINI FINANCIAL SERVICES, INC.)",1069
capgemini,"CAPGEMINI AMERICA, INCA.",1
capgemini,"CAPGEMINI AMERICA,INC.",1
capgemini,CAPGEMINI AMERICA. INC.,1
capgemini,CAPGEMINI FINANCIAL SERVICES INC.,1
capgemini,CAPGEMINI FINANCIAL SERVICES USA INC,1800
capgemini,CAPGEMINI FINANCIAL SERVICES USA INC.,67
capgemini,CAPGEMINI FINANCIAL SERVICES USA INC. (LEGACY KANBAY),555
capgemini,"CAPGEMINI FINANCIAL SERVICES, INC. (LEGACY KANBAY)",1
capgemini,CAPGEMINI GOVERNMENT SOLUTIONS LLC,39
capgemini,CAPGEMINI GOVERNMENT SOLUTIONS LLC.,15
capgemini,CAPGEMINI U.S. LLC,1416
capgemini,"CAPGEMINI U.S., LLC",1
capgemini,CAPGEMINI US LLC,134
capgemini,IGATE INFOTECH LLC,1
capgemini,IGATE SOLUTIONS LLC,179
capgemini,IGATE TECHNOLOGIES INC.,6751
coforge,"COFORGE BPM, INC.",17
coforge,COFORGE BPS AMERICA INC.,1
coforge,COFORGE DPA NA INC,3
coforge,COFORGE DPA NA INC.,70
coforge,COFORGE DPA NA INC. F/K/A INCESSANT TECHNOLOGIES NA INC.,8
coforge,COFORGE INC.,32
coforge,COFORGE INC. F/K/A NIIT TECHNOLOGIES INC.,14
coforge,COFORGE LIMITED,1290
coforge,COFORGE LIMITED F/K/A NIIT TECHNOLOGIES LIMITED,711
coforge,COFORGE LIMITED F/K/A NIIT TECHNOLOGIESLIMITED,1
coforge,NIIT TECHNOLOGIES INC,5
coforge,NIIT TECHNOLOGIES INC.,38
coforge,NIIT TECHNOLOGIES LIMITED,1947
coforge,"NIIT TECHNOLOGIES, INC.",1
cognizant,"ADVANCED TECHNOLOGY GROUP, INC. A COGNIZANT COMPANY",2
cognizant,"ADVANCED TECHNOLOGY GROUP, INC., A COGNIZANT COMPANY",2
cognizant,COGNIZANT HEALTHCARE SERVICES LLC,2
cognizant,"COGNIZANT MOBILITY, INC.",56
cognizant,COGNIZANT TECHNOLOGY SOLUTIONS U.S. CORPORATION,13638
cognizant,COGNIZANT TECHNOLOGY SOLUTIONS US CORP,145812
cognizant,COGNIZANT TECHNOLOGY SOLUTIONS US CORPORATION,5
cognizant,"COGNIZANT TRIZETTO SOFTWARE GROUP, INC.",110
cognizant,COGNIZANT WORLDWIDE LIMITED,1164
cognizant,COGNIZANT WORRLDWIDE LIMITED,7
cognizant,"ITAAS, INC (A COGNIZANT COMPANY)",20
cognizant,"MARKETRX, INC (A COGNIZANT COMPANY)",79
cognizant,SPARKCOGNIZANT INC,1
cognizant,TMG HEALTH - A COGNIZANT COMPANY,37
cognizant,"TMG HEALTH, A COGNIZANT COMPANY",26
cognizant,TRIZETTO CORPORATION - A COGNIZANT COMPANY,218
cognizant,"TRIZETTO CORPORATION, A COGNIZANT COMPANY",380
cognizant,"TRIZETTO PROVIDER SOLUTIONS LLC, A COGNIZANT COMPANY",11
cognizant,"TRIZETTO PROVIDER SOLUTIONS, LLC, A COGNIZANT COMPANY",1
hcltech,HCL AMERICA INC,16024
hcltech,HCL AMERICA INC.,2
hcltech,HCL AMERICA SOLUTIONS INC,1442
hcltech,"HCL AMERICA, INC",2156
hcltech,"HCL AMERICA, INC.",32142
hexaware,HEXAWARE TECHNOLOGIES INC,2
hexaware,HEXAWARE TECHNOLOGIES INC.,388
hexaware,"HEXAWARE TECHNOLOGIES, INC",5
hexaware,"HEXAWARE TECHNOLOGIES, INC.",11544
infosys,INFOSYS BPM LIMITED,426
infosys,INFOSYS BPO LIMITED,259
infosys,INFOSYS BPO LTD,198
infosys,INFOSYS LIMITED,163140
infosys,INFOSYS MCCAMISH SYSTEMS LLC.,1
infosys,"INFOSYS MCCAMISH SYSTEMS, LLC",84
infosys,INFOSYS NOVA HOLDINGS,1
infosys,INFOSYS NOVA HOLDINGS LLC,33
infosys,"INFOSYS NOVA HOLDINGS, LLC",14
infosys,INFOSYS PUBLIC SERVICES,1
infosys,"INFOSYS PUBLIC SERVICES, INC.",259
lti,LARSEN & TOUBRO INFOTECH LIMITED,21027
lti,LARSEN & TOUBRO INFOTECH LTD,1
lti,LARSEN &TOUBRO INFOTECH LIMITED,2
lti,LARSEN AND TOUBRO INFOTECH LIMITED,675
ltim,LTIMINDTREE LIMITED,8994
ltim,LTIMINDTREE LTD,106
mindtree,MINDTREE,1
mindtree,MINDTREE LIMITED,10097
mindtree,MINDTREE LIMTED,1
mphasis,MPHASIS CORPORATION,16376
mphasis,MPHASIS LIMITED,4
persistent,PERSISTENT SYSTEMS INC.,163
persistent,PERSISTENT SYSTEMS LIMITED,949
persistent,"PERSISTENT SYSTEMS, INC",123
persistent,"PERSISTENT SYSTEMS, INC.",5691
tcs,TATA CONSULTANCY SERVICES,1
tcs,TATA CONSULTANCY SERVICES LIMITED,135741
tcs,TATA CONSULTANCY SERVICES LTD,6
tcs,TATA CONSULTANCY SERVICESLIMITED,1
tcs,TATA CONSULTANCY SERVIES LIMITED,1
tcs,TATA CONSULTANCY SEVICES LTD,1
techm,"TECH MAHINDRA ( AMERICAS), INC",66
techm,TECH MAHINDRA (AMERICA) INC.,1
techm,TECH MAHINDRA (AMERICAS) INC,7
techm,TECH MAHINDRA (AMERICAS) INC.,4099
techm,"TECH MAHINDRA (AMERICAS), INC",11000
techm,"TECH MAHINDRA (AMERICAS), INC.",5170
techm,"TECH MAHINDRA (AMERICAS),INC",1
techm,"TECH MAHINDRA (AMERICAS),INC.",26371
techm,TECH MAHINDRA CERIUM SYSTEMS INC,60
techm,"TECH MAHINDRA NETWORK SERVICES INTERNATIONAL, INC.",95
techm,TECH MAHINDRA TECHNOLOGIES INC,2
techm,TECH MAHINDRA TECHNOLOGIES INC.,173
techm,"TECH MAHINDRA TECHNOLOGIES, INC",19
techm,"TECH MAHINDRA TECHNOLOGIES, INC.",206
techm,TECH MAHINDRA TECHNOLOGY INC,1
wipro,WIPRO LIMITED,57453
wipro,WIPRO LLC,635
,1 TATA CONSULTANCY SERVICES LIMITED,3
,A&A INFOSYSTEMS INC,127
,"A&A INFOSYSTEMS, INC",35
,ABACUS INFOSYSTEMS INC.,3
,ACUTE INFOSYSTEMS INC,16
,ADALINE INFOSYSTEMS LTD,4
,AKINFOSYSTEM,79
,"ALPHAINFOSYS, INC",43
,AM INFOSYSTEMS INC,1
,"AM INFOSYSTEMS, INC",17
,"AMERICAM INFOSYS, INC",1
,"AMERICAN INFOSYS , INC",6
,"AMERICAN INFOSYS ,INC",3
,AMERICAN INFOSYS INC,13
,"AMERICAN INFOSYS, INC",160
,"AMERICAN INFOSYS,INC",44
,"AMERICANINFOSYS, INC",1
,AMS INFOSYSTEMS LLC,1
,APEX INFOSYSTEMS INC.,11
,"APEX INFOSYSTEMS, INC.",10
,ASTRA INFOSYS INC,6
,B2B INFOSYS INC,7
,"B2B INFOSYS, INC.",99
,BEACON INFOSYSTEMS LLC,1
,BEAN INFOSYSTEMS LLC,286
,CGINFOSYS INC,59
,CGINFOSYS LLC,50
,"CGINFOSYS, LLC",9
,"CLOUD 9 INFOSYSTEMS, INC",1
,"CLOUD 9 INFOSYSTEMS, INC.",26
,CONQUEST INFOSYS INC,1
,"CONQUEST INFOSYS, INC.",6
,CONQUESTINFOSYS INC,25
,CORPORATE INFOSYSTEMS LLC,5
,"CUBE INFOSYS, INC",2
,"CUBE INFOSYS, INC.",2
,"CUBE INFOSYS, LLC",1
,"CUBE INFOSYS, LLC.",23
,CYBER INFOSYS INC,3
,"CYBER INFOSYS, INC.",1
,"DREAM & RISE ASSOCIATES LLC, DBA: EMPHASIS SOFTTECH",1
,DRUVI INFOSYS LLC,7
,DYNAMIC INFOSYS INC,9
,DYNAMIC INFOSYS INC.,1
,E2 INFOSYSTEMS LTD,1
,"EC INFOSYSTEMS, INC.",115
,"ECOM INFOSYSTEMS, INC.",6
,"ELITE INFOSYSTEMS, INC",7
,"ELITE INFOSYSTEMS, INC.",7
,EMPHASIS BRILLIANCE INC,2
,EMPHASIS SOFTWARE DEVELOPMENT LLC,37
,"EMPHASIS SOFTWARE DEVELOPMENT, INC.",2
,EPRO INFOSYSTEMS LLC,31
,EPROINFOSYSTEMS LLC,3
,"EPROINFOSYSTEMS,LLC",5
,EPROINFOSYSTEMSLLC,1
,"FEDERALLOGIC INFOSYSTEMS, INC.",2
,FOUR PILLARS INFOSYS INC,2
,GIGATERA COMMUNICATIONS,5
,H2K INFOSYS LLC,1
,"H2K INFOSYS, LLC",5
,HP INFOSYSTEM LLC,125
,HP INFOSYSTEMS LLC,247
,HYPERLINK INFOSYSTEM INC,3
,ICONIC INFOSYS INC,47
,"ICONIC INFOSYS, INC.",62
,"INCAPSULATE,LLC A WHOLLY-OWNED SUBSIDIARY OF ACCENTURE",1
,INFOSYS INTERNATIONAL INC.,6
,"INFOSYS INTERNATIONAL, INC.",2
,"INFOSYS PUBLIC LIMITED, INC.",1
,"INFOSYS SOLUTIONS, INC.",270
,INFOSYSNOW INC,20
,KATTINFOSYSTEMS LLC,2
,KI INFOSYSTEMS LLC,37
,KI INFOSYSTEMS LLC.,11
,"KI INFOSYSTEMS, LLC",5
,"KI INFOSYSTEMS, LLC.",12
,KK INFOSYS LLC,3
,KLIGER WEISS INFOSYSTEMS INC.,2
,"KLIGER-WEISS INFOSYSTEMS, INC.",14
,KP INFOSYSTEMS INC,22
,KP INFOSYSTEMS INC.,1
,KP INFOSYSTEMS LLC,2
,"KP INFOSYSTEMS, INC",2
,"KP INFOSYSTEMS, INC.",4
,KPIT INFOSYSTEMS INC,220
,KPIT INFOSYSTEMS INC.,416
,KPIT INFOSYSTEMS INCORPORATED,761
,"KPIT INFOSYSTEMS, INC.",1249
,"KPIT INFOSYSTEMS, INCORPORATED",40
,KRITI INFOSYSTEMS INC,59
,LN INFOSYS INC,21
,"LN INFOSYS, INC.",3
,LTI MINDTREE LIMITED,36
,LTM LIMITED LTD (FORMERLY LTIMINDTREE LIMITED),2
,LUCID INFOSYSTEMS LLC,97
,MALEO INFOSYSTEMS LLC,1
,"MALEO INFOSYSTEMS, LLC",1
,"MANA INFOSYS, INC.",27
,MEGA INFOSYS INC.,16
,"MISS INVESTIGATE, LLC",1
,MVC INFOSYSTEMS INC.,5
,"NAVIGATE AI, LLC",1
,"NAVIGATE BIOPHARMA SERIES, INC.",1
,"NAVIGATE BIOPHARMA SERVICES, INC.",17
,"NAVIGATE MARKETING, INC.",3
,"NAVIGATE MARKETING, LLC",1
,NAVIGATE360 LLC,11
,"NAVIGATE360, LLC",2
,NEXIFY INFOSYSTEMS LLC,5
,NOUS INFOSYSTEM PVT. LTD.,2
,NOUS INFOSYSTEMS INC,97
,NOUS INFOSYSTEMS PVT. LTD.,126
,OPTIMAL INFOSYSTEMS INC,108
,OPTIMAL INFOSYSTEMS INC.,2
,"OPTIMAL INFOSYSYTEMS, INC.",3
,"ORCHID INFOSYSTEMS, INC.",1
,PHILINFOSYS INC,2
,PLATINUM INFOSYS INC,239
,PLATINUM INFOSYS INC.,2
,PROSPECT INFOSYS INC,7
,PROSPECT INFOSYS INC.,5
,"PROSPECT INFOSYS, INC",72
,"PROSPECT INFOSYS, INC.",148
,"PROSPECT INFOSYSTEM, INC.",59
,QB TECH INFOSYSTEMS LLC,2
,RADIANT INFOSYS INC,35
,RADIANT INFOSYS INC.,1
,RAVE INFOSYS INC.,3
,RAVE INFOSYS INC. D/B/A RAVE DIGITAL,1
,"RAVE INFOSYS, INC.",24
,REDDY INFOSYS,24
,REDDY INFOSYS INC,37
,"REDDY INFOSYS, INC.",6
,SATURN INFOSYSTEMS LLC,9
,"SIERRA INFOSYS, INC",296
,"SIERRA INFOSYS, INC.",19
,"SIERRRA INFOSYS, INC",24
,SONET INFOSYSTEMS INC,41
,SRIVEEN INFOSYS INC,1
,SRIVEN INFOSYS INC,201
,SRIVEN INFOSYS INC.,1
,SRIVIN INFOSYSTEMS INC,116
,SRIVIN INFOSYSTEMS INC.,1
,"SRIVIN INFOSYSTEMS, INC.",264
,STERLING INFOSYSTEMS,4
,STERLING INFOSYSTEMS INC.,30
,"STERLING INFOSYSTEMS, INC",1
,"STERLING INFOSYSTEMS, INC.",41
,SUNRAY INFOSYS CORPORATION,29
,SUNRAY INFOSYS INC,18
,SUNRAY INFOSYS INC.,5
,SUNRAY INFOSYS INCORPORATION,154
,"TRUST INFOSYS, LLC",5
,"UNIGATE CONSULTING & ASSOCIATES, INC.",4
,"UNIGATE GRAPHIC, INC.",2
,VECTRA INFOSYS INC,2
,VECTRA INFOSYS INC.,159
,"VECTRA INFOSYS, INC.",60
,VIRTUOSO INFOSYSTEMS INC,60
,VISION INFOSYSTEMS INC,5
,VNS INFOSYSTEMS INC.,70
,VSK INFOSYSTEMS LLC,38
,"WININFOSYS, INC.",68
,WIPRO APPIRIO INC,54
,WIPRO APPIRIO INC.,3
,WIPRO CONNECTED SERVICES INC,11
,"WIPRO DATA CENTER AND CLOUD SERVICES, INC.",1
,"WIPRO DESIGNIT SERVICES, INC.",3
,"WIPRO ENTERPRISES, INC.",3
,"WIPRO NEXTGEN ENTERPRISE INC.,",18
,WIPRO PARI INC.,13
,WIPRO TELECOM CONSULTING LLC,17
,"WIPRO VLSI DESIGN SERVICES, LLC",139
,XCELINFOSYSTEMS LLC,7
