firm,grp,recent,base,decel
accenture,FS,6.111111111111111,5.75,0.3611111111111107
accenture,HEALTH_PUB,4.888888888888889,5.833333333333333,-0.9444444444444438
accenture,OTHER_IND,4.828764840074566,11.306956192341252,-6.478191352266686
accenture,TMT,6.0,9.583333333333334,-3.583333333333334
cognizant,FS,5.733333333333333,3.391666666666667,2.3416666666666663
cognizant,HEALTH_PUB,5.0888888888888895,6.8500000000000005,-1.761111111111111
cognizant,OTHER_IND,5.955555555555556,12.700000000000001,-6.744444444444445
cognizant,TMT,0.9222222222222223,16.075,-15.152777777777777
hcltech,FS,3.2666666666666666,8.950000000000001,-5.6833333333333345
hcltech,HEALTH_PUB,-0.6324503047897369,13.653635658632316,-14.286085963422053
hcltech,OTHER_IND,4.607748722199192,16.356248580862513,-11.74849985866332
hcltech,TMT,16.352981675056576,10.70205173877674,5.6509299362798355
infosys,FS,4.611111111111111,9.266666666666667,-4.655555555555557
infosys,HEALTH_PUB,1.5666666666666667,10.966666666666669,-9.400000000000002
infosys,OTHER_IND,3.6648803344857277,10.18515625,-6.520275915514272
infosys,TMT,4.173260909102706,17.894077135436948,-13.720816226334243
ltim,FS,3.411111111111111,,
ltim,HEALTH_PUB,3.9000000000000004,,
ltim,OTHER_IND,8.790844067382027,,
ltim,TMT,4.688888888888889,,
tcs,FS,1.0,5.883333333333333,-4.883333333333333
tcs,HEALTH_PUB,-0.9555555555555557,14.208333333333334,-15.16388888888889
tcs,OTHER_IND,0.8880955363580365,9.268162437543278,-8.380066901185241
tcs,TMT,-2.0831979589044733,8.661836251066065,-10.745034209970537
techm,FS,4.5,,
techm,HEALTH_PUB,2.2222222222222223,,
techm,OTHER_IND,4.749370693411411,,
techm,TMT,-0.8272077481998605,,
wipro,FS,-0.5555555555555556,11.466666666666667,-12.022222222222222
wipro,HEALTH_PUB,2.488888888888889,-1.3666666666666665,3.855555555555555
wipro,OTHER_IND,-4.464989696054136,4.124262458355013,-8.589252154409149
wipro,TMT,0.042047930283224254,0.1697852874376884,-0.12773735715446413
lti,FS,,15.603183957934382,
lti,HEALTH_PUB,,30.341666666666665,
lti,OTHER_IND,,13.71434019302856,
lti,TMT,,19.01666666666667,
