label,T,t_offset,n_obs,S1-S3,S1-S4,S3-S4,S1-S2,S2-S3
current public data (baseline),12,5,408,0.7393333333333334,0.8553333333333333,0.841,0.9590000000000001,0.9633333333333334
"+ hourly rate p/a (control), sd 1",12,5,504,0.7396666666666667,0.855,0.8546666666666667,0.998,0.9983333333333333
"+ output-price index, sd 0.5",12,5,420,0.9496666666666667,0.9206666666666667,0.9916666666666667,0.97,0.9946666666666666
"+ output-price index, sd 1",12,5,420,0.8753333333333333,0.8693333333333333,0.962,0.9636666666666667,0.9833333333333334
"+ output-price index, sd 2",12,5,420,0.7916666666666666,0.8536666666666667,0.8926666666666667,0.9626666666666667,0.9683333333333334
"+ output-price index, sd 4",12,5,420,0.7453333333333334,0.8503333333333334,0.8566666666666667,0.961,0.9666666666666667
"+ output-price index, sd 1, cyclical eta=0.5",12,5,420,0.736,0.937,0.9246666666666666,0.9713333333333334,0.9693333333333334
"+ output-price index, sd 1, visibility omega=0.25",12,5,420,0.738,0.8693333333333333,0.8876666666666666,0.9636666666666667,0.9666666666666667
"+ occupation contrast (8 firms), sd 2",12,5,504,0.995,0.855,0.995,0.996,0.9673333333333334
"+ occupation contrast (8 firms), sd 4",12,5,504,0.9823333333333333,0.855,0.9833333333333334,0.992,0.9670000000000001
"+ occupation contrast (8 firms), sd 8",12,5,504,0.9046666666666667,0.855,0.9333333333333333,0.9813333333333334,0.9666666666666667
"+ occupation contrast (8 firms), sd 16",12,5,504,0.8153333333333332,0.855,0.8823333333333334,0.9696666666666667,0.9663333333333334
"+ occupation contrast sd 4, demand confound zeta=0.3",12,5,504,0.9403333333333332,0.888,0.9833333333333334,0.981,0.9670000000000001
"+ occupation contrast sd 4, GCC confound xi=0.5",12,5,504,0.9823333333333333,0.925,0.944,0.992,0.9670000000000001
"+ affiliated trade share (annual), sd 2",12,5,411,0.7386666666666667,0.8903333333333333,0.8916666666666666,0.9550000000000001,0.9613333333333334
"+ affiliated trade share (annual), sd 5",12,5,411,0.7386666666666667,0.851,0.8573333333333333,0.9550000000000001,0.9613333333333334
"+ affiliated trade share (annual), sd 10",12,5,411,0.7386666666666667,0.847,0.8513333333333333,0.9550000000000001,0.9613333333333334
+ 4 more Indian firms (exposure 0.6-1.4),12,5,624,0.7966666666666666,0.8626666666666667,0.883,0.9773333333333334,0.9796666666666667
+ 8 more Indian firms (exposure 0.6-1.4),12,5,840,0.8353333333333333,0.8633333333333333,0.9023333333333333,0.984,0.9866666666666666
combined: price sd 2 + occupation sd 8 + trade sd 5,12,5,519,0.9206666666666666,0.8753333333333333,0.96,0.9816666666666667,0.972
current public data (baseline),12,0,408,0.7733333333333333,0.8623333333333334,0.8473333333333333,0.9656666666666667,0.9576666666666667
"+ hourly rate p/a (control), sd 1",12,0,504,0.7783333333333333,0.874,0.8753333333333333,0.9996666666666667,0.9996666666666667
"+ output-price index, sd 0.5",12,0,420,0.9586666666666667,0.9146666666666667,0.9883333333333333,0.966,0.9906666666666666
"+ output-price index, sd 1",12,0,420,0.8853333333333333,0.877,0.9556666666666667,0.9636666666666667,0.9816666666666667
"+ output-price index, sd 2",12,0,420,0.8273333333333334,0.8576666666666666,0.8966666666666667,0.9626666666666667,0.9666666666666667
"+ output-price index, sd 4",12,0,420,0.7896666666666666,0.8553333333333333,0.8633333333333333,0.9646666666666667,0.9630000000000001
"+ output-price index, sd 1, cyclical eta=0.5",12,0,420,0.7806666666666666,0.9286666666666668,0.9339999999999999,0.967,0.9656666666666667
"+ output-price index, sd 1, visibility omega=0.25",12,0,420,0.7883333333333333,0.877,0.891,0.9636666666666667,0.966
"+ occupation contrast (8 firms), sd 2",12,0,504,0.9943333333333333,0.874,0.9963333333333333,0.9973333333333334,0.962
"+ occupation contrast (8 firms), sd 4",12,0,504,0.9783333333333333,0.874,0.983,0.993,0.9623333333333333
"+ occupation contrast (8 firms), sd 8",12,0,504,0.9036666666666666,0.874,0.9396666666666667,0.9813333333333334,0.9626666666666667
"+ occupation contrast (8 firms), sd 16",12,0,504,0.8296666666666667,0.874,0.8959999999999999,0.9703333333333333,0.9623333333333334
"+ occupation contrast sd 4, demand confound zeta=0.3",12,0,504,0.9433333333333334,0.8963333333333333,0.983,0.983,0.9623333333333333
"+ occupation contrast sd 4, GCC confound xi=0.5",12,0,504,0.9783333333333333,0.9146666666666666,0.952,0.993,0.9623333333333333
"+ affiliated trade share (annual), sd 2",12,0,411,0.7853333333333333,0.9006666666666667,0.897,0.9656666666666667,0.956
"+ affiliated trade share (annual), sd 5",12,0,411,0.7853333333333333,0.8656666666666666,0.87,0.9656666666666667,0.956
"+ affiliated trade share (annual), sd 10",12,0,411,0.7853333333333333,0.8616666666666666,0.8663333333333333,0.9656666666666667,0.956
+ 4 more Indian firms (exposure 0.6-1.4),12,0,624,0.8183333333333334,0.8673333333333333,0.8923333333333333,0.9766666666666666,0.9773333333333334
+ 8 more Indian firms (exposure 0.6-1.4),12,0,840,0.851,0.8726666666666667,0.9179999999999999,0.9863333333333333,0.985
combined: price sd 2 + occupation sd 8 + trade sd 5,12,0,519,0.9153333333333333,0.8773333333333333,0.9573333333333334,0.976,0.9673333333333334
current public data (baseline),4,5,136,0.6833333333333333,0.838,0.8093333333333333,0.9356666666666666,0.9373333333333334
"+ occupation contrast (8 firms), sd 8",4,5,168,0.8286666666666667,0.8273333333333333,0.8933333333333333,0.9586666666666667,0.933
"+ output-price index, sd 2",4,5,140,0.7406666666666666,0.8533333333333333,0.8616666666666666,0.9463333333333334,0.9486666666666667
current public data (baseline),8,5,272,0.7136666666666667,0.8376666666666667,0.8273333333333333,0.9563333333333333,0.958
"+ occupation contrast (8 firms), sd 8",8,5,336,0.885,0.8433333333333333,0.9153333333333333,0.971,0.9510000000000001
"+ output-price index, sd 2",8,5,280,0.7726666666666666,0.837,0.8786666666666667,0.948,0.9663333333333334
"+ LCA occupation contrast, MEASURED per-firm noise",12,5,504,0.7636666666666667,0.855,0.86,0.9643333333333333,0.9666666666666667
"+ LCA occupation contrast, measured noise, attenuation 0.3 (validation r)",12,5,504,0.7433333333333334,0.855,0.8540000000000001,0.9636666666666667,0.9670000000000001
"+ LCA occupation contrast, 2 best-coded firms only (HCL, TechM)",12,5,432,0.7573333333333334,0.8563333333333334,0.861,0.9603333333333333,0.9666666666666667
