row,column,year,raw,value,subtitle,desc,url
All Countries Total,Employees,2009,"10,793.9",10793.9,"U.S. Direct Investment Abroad,All Majority-owned Foreign Affiliates (data for 2009 and forward),Employment", By Country Only (All Countries) (NAICS) (Thousands of Employees) <br/>,https://apps.bea.gov/iTable/?ReqID=2&step=1 (USDIA > Activities of MNEs > MOFAs 2009+)
All Countries Total,Employees,2010,"11,313.4",11313.4,"U.S. Direct Investment Abroad,All Majority-owned Foreign Affiliates (data for 2009 and forward),Employment", By Country Only (All Countries) (NAICS) (Thousands of Employees) <br/>,https://apps.bea.gov/iTable/?ReqID=2&step=1 (USDIA > Activities of MNEs > MOFAs 2009+)
All Countries Total,Employees,2011,"11,850.2",11850.2,"U.S. Direct Investment Abroad,All Majority-owned Foreign Affiliates (data for 2009 and forward),Employment", By Country Only (All Countries) (NAICS) (Thousands of Employees) <br/>,https://apps.bea.gov/iTable/?ReqID=2&step=1 (USDIA > Activities of MNEs > MOFAs 2009+)
All Countries Total,Employees,2012,"12,127.7",12127.7,"U.S. Direct Investment Abroad,All Majority-owned Foreign Affiliates (data for 2009 and forward),Employment", By Country Only (All Countries) (NAICS) (Thousands of Employees) <br/>,https://apps.bea.gov/iTable/?ReqID=2&step=1 (USDIA > Activities of MNEs > MOFAs 2009+)
All Countries Total,Employees,2013,"12,419.0",12419.0,"U.S. Direct Investment Abroad,All Majority-owned Foreign Affiliates (data for 2009 and forward),Employment", By Country Only (All Countries) (NAICS) (Thousands of Employees) <br/>,https://apps.bea.gov/iTable/?ReqID=2&step=1 (USDIA > Activities of MNEs > MOFAs 2009+)
All Countries Total,Employees,2014,"14,052.4",14052.4,"U.S. Direct Investment Abroad,All Majority-owned Foreign Affiliates (data for 2009 and forward),Employment", By Country Only (All Countries) (NAICS) (Thousands of Employees) <br/>,https://apps.bea.gov/iTable/?ReqID=2&step=1 (USDIA > Activities of MNEs > MOFAs 2009+)
All Countries Total,Employees,2015,"14,081.0",14081.0,"U.S. Direct Investment Abroad,All Majority-owned Foreign Affiliates (data for 2009 and forward),Employment", By Country Only (All Countries) (NAICS) (Thousands of Employees) <br/>,https://apps.bea.gov/iTable/?ReqID=2&step=1 (USDIA > Activities of MNEs > MOFAs 2009+)
All Countries Total,Employees,2016,"14,265.4",14265.4,"U.S. Direct Investment Abroad,All Majority-owned Foreign Affiliates (data for 2009 and forward),Employment", By Country Only (All Countries) (NAICS) (Thousands of Employees) <br/>,https://apps.bea.gov/iTable/?ReqID=2&step=1 (USDIA > Activities of MNEs > MOFAs 2009+)
All Countries Total,Employees,2017,"14,381.7",14381.7,"U.S. Direct Investment Abroad,All Majority-owned Foreign Affiliates (data for 2009 and forward),Employment", By Country Only (All Countries) (NAICS) (Thousands of Employees) <br/>,https://apps.bea.gov/iTable/?ReqID=2&step=1 (USDIA > Activities of MNEs > MOFAs 2009+)
All Countries Total,Employees,2018,"14,352.1",14352.1,"U.S. Direct Investment Abroad,All Majority-owned Foreign Affiliates (data for 2009 and forward),Employment", By Country Only (All Countries) (NAICS) (Thousands of Employees) <br/>,https://apps.bea.gov/iTable/?ReqID=2&step=1 (USDIA > Activities of MNEs > MOFAs 2009+)
All Countries Total,Employees,2019,"14,153.8",14153.8,"U.S. Direct Investment Abroad,All Majority-owned Foreign Affiliates (data for 2009 and forward),Employment", By Country Only (All Countries) (NAICS) (Thousands of Employees) <br/>,https://apps.bea.gov/iTable/?ReqID=2&step=1 (USDIA > Activities of MNEs > MOFAs 2009+)
All Countries Total,Employees,2020,"13,976.0",13976.0,"U.S. Direct Investment Abroad,All Majority-owned Foreign Affiliates (data for 2009 and forward),Employment", By Country Only (All Countries) (NAICS) (Thousands of Employees) <br/>,https://apps.bea.gov/iTable/?ReqID=2&step=1 (USDIA > Activities of MNEs > MOFAs 2009+)
All Countries Total,Employees,2021,"13,813.2",13813.2,"U.S. Direct Investment Abroad,All Majority-owned Foreign Affiliates (data for 2009 and forward),Employment", By Country Only (All Countries) (NAICS) (Thousands of Employees) <br/>,https://apps.bea.gov/iTable/?ReqID=2&step=1 (USDIA > Activities of MNEs > MOFAs 2009+)
All Countries Total,Employees,2022,"13,974.9",13974.9,"U.S. Direct Investment Abroad,All Majority-owned Foreign Affiliates (data for 2009 and forward),Employment", By Country Only (All Countries) (NAICS) (Thousands of Employees) <br/>,https://apps.bea.gov/iTable/?ReqID=2&step=1 (USDIA > Activities of MNEs > MOFAs 2009+)
All Countries Total,Employees,2023,"14,008.4",14008.4,"U.S. Direct Investment Abroad,All Majority-owned Foreign Affiliates (data for 2009 and forward),Employment", By Country Only (All Countries) (NAICS) (Thousands of Employees) <br/>,https://apps.bea.gov/iTable/?ReqID=2&step=1 (USDIA > Activities of MNEs > MOFAs 2009+)
Asia and Pacific,Employees,2009,"3,166.3",3166.3,"U.S. Direct Investment Abroad,All Majority-owned Foreign Affiliates (data for 2009 and forward),Employment", By Country Only (All Countries) (NAICS) (Thousands of Employees) <br/>,https://apps.bea.gov/iTable/?ReqID=2&step=1 (USDIA > Activities of MNEs > MOFAs 2009+)
Asia and Pacific,Employees,2010,"3,596.4",3596.4,"U.S. Direct Investment Abroad,All Majority-owned Foreign Affiliates (data for 2009 and forward),Employment", By Country Only (All Countries) (NAICS) (Thousands of Employees) <br/>,https://apps.bea.gov/iTable/?ReqID=2&step=1 (USDIA > Activities of MNEs > MOFAs 2009+)
Asia and Pacific,Employees,2011,"3,936.6",3936.6,"U.S. Direct Investment Abroad,All Majority-owned Foreign Affiliates (data for 2009 and forward),Employment", By Country Only (All Countries) (NAICS) (Thousands of Employees) <br/>,https://apps.bea.gov/iTable/?ReqID=2&step=1 (USDIA > Activities of MNEs > MOFAs 2009+)
Asia and Pacific,Employees,2012,"4,096.3",4096.3,"U.S. Direct Investment Abroad,All Majority-owned Foreign Affiliates (data for 2009 and forward),Employment", By Country Only (All Countries) (NAICS) (Thousands of Employees) <br/>,https://apps.bea.gov/iTable/?ReqID=2&step=1 (USDIA > Activities of MNEs > MOFAs 2009+)
Asia and Pacific,Employees,2013,"4,304.7",4304.7,"U.S. Direct Investment Abroad,All Majority-owned Foreign Affiliates (data for 2009 and forward),Employment", By Country Only (All Countries) (NAICS) (Thousands of Employees) <br/>,https://apps.bea.gov/iTable/?ReqID=2&step=1 (USDIA > Activities of MNEs > MOFAs 2009+)
Asia and Pacific,Employees,2014,"5,017.5",5017.5,"U.S. Direct Investment Abroad,All Majority-owned Foreign Affiliates (data for 2009 and forward),Employment", By Country Only (All Countries) (NAICS) (Thousands of Employees) <br/>,https://apps.bea.gov/iTable/?ReqID=2&step=1 (USDIA > Activities of MNEs > MOFAs 2009+)
Asia and Pacific,Employees,2015,"5,080.0",5080.0,"U.S. Direct Investment Abroad,All Majority-owned Foreign Affiliates (data for 2009 and forward),Employment", By Country Only (All Countries) (NAICS) (Thousands of Employees) <br/>,https://apps.bea.gov/iTable/?ReqID=2&step=1 (USDIA > Activities of MNEs > MOFAs 2009+)
Asia and Pacific,Employees,2016,"5,136.4",5136.4,"U.S. Direct Investment Abroad,All Majority-owned Foreign Affiliates (data for 2009 and forward),Employment", By Country Only (All Countries) (NAICS) (Thousands of Employees) <br/>,https://apps.bea.gov/iTable/?ReqID=2&step=1 (USDIA > Activities of MNEs > MOFAs 2009+)
Asia and Pacific,Employees,2017,"5,163.3",5163.3,"U.S. Direct Investment Abroad,All Majority-owned Foreign Affiliates (data for 2009 and forward),Employment", By Country Only (All Countries) (NAICS) (Thousands of Employees) <br/>,https://apps.bea.gov/iTable/?ReqID=2&step=1 (USDIA > Activities of MNEs > MOFAs 2009+)
Asia and Pacific,Employees,2018,"5,194.2",5194.2,"U.S. Direct Investment Abroad,All Majority-owned Foreign Affiliates (data for 2009 and forward),Employment", By Country Only (All Countries) (NAICS) (Thousands of Employees) <br/>,https://apps.bea.gov/iTable/?ReqID=2&step=1 (USDIA > Activities of MNEs > MOFAs 2009+)
Asia and Pacific,Employees,2019,"4,878.7",4878.7,"U.S. Direct Investment Abroad,All Majority-owned Foreign Affiliates (data for 2009 and forward),Employment", By Country Only (All Countries) (NAICS) (Thousands of Employees) <br/>,https://apps.bea.gov/iTable/?ReqID=2&step=1 (USDIA > Activities of MNEs > MOFAs 2009+)
Asia and Pacific,Employees,2020,"4,875.6",4875.6,"U.S. Direct Investment Abroad,All Majority-owned Foreign Affiliates (data for 2009 and forward),Employment", By Country Only (All Countries) (NAICS) (Thousands of Employees) <br/>,https://apps.bea.gov/iTable/?ReqID=2&step=1 (USDIA > Activities of MNEs > MOFAs 2009+)
Asia and Pacific,Employees,2021,"4,887.0",4887.0,"U.S. Direct Investment Abroad,All Majority-owned Foreign Affiliates (data for 2009 and forward),Employment", By Country Only (All Countries) (NAICS) (Thousands of Employees) <br/>,https://apps.bea.gov/iTable/?ReqID=2&step=1 (USDIA > Activities of MNEs > MOFAs 2009+)
Asia and Pacific,Employees,2022,"5,120.9",5120.9,"U.S. Direct Investment Abroad,All Majority-owned Foreign Affiliates (data for 2009 and forward),Employment", By Country Only (All Countries) (NAICS) (Thousands of Employees) <br/>,https://apps.bea.gov/iTable/?ReqID=2&step=1 (USDIA > Activities of MNEs > MOFAs 2009+)
Asia and Pacific,Employees,2023,"5,144.9",5144.9,"U.S. Direct Investment Abroad,All Majority-owned Foreign Affiliates (data for 2009 and forward),Employment", By Country Only (All Countries) (NAICS) (Thousands of Employees) <br/>,https://apps.bea.gov/iTable/?ReqID=2&step=1 (USDIA > Activities of MNEs > MOFAs 2009+)
India,Employees,2009,518.0,518.0,"U.S. Direct Investment Abroad,All Majority-owned Foreign Affiliates (data for 2009 and forward),Employment", By Country Only (All Countries) (NAICS) (Thousands of Employees) <br/>,https://apps.bea.gov/iTable/?ReqID=2&step=1 (USDIA > Activities of MNEs > MOFAs 2009+)
India,Employees,2010,712.7,712.7,"U.S. Direct Investment Abroad,All Majority-owned Foreign Affiliates (data for 2009 and forward),Employment", By Country Only (All Countries) (NAICS) (Thousands of Employees) <br/>,https://apps.bea.gov/iTable/?ReqID=2&step=1 (USDIA > Activities of MNEs > MOFAs 2009+)
India,Employees,2011,817.4,817.4,"U.S. Direct Investment Abroad,All Majority-owned Foreign Affiliates (data for 2009 and forward),Employment", By Country Only (All Countries) (NAICS) (Thousands of Employees) <br/>,https://apps.bea.gov/iTable/?ReqID=2&step=1 (USDIA > Activities of MNEs > MOFAs 2009+)
India,Employees,2012,839.4,839.4,"U.S. Direct Investment Abroad,All Majority-owned Foreign Affiliates (data for 2009 and forward),Employment", By Country Only (All Countries) (NAICS) (Thousands of Employees) <br/>,https://apps.bea.gov/iTable/?ReqID=2&step=1 (USDIA > Activities of MNEs > MOFAs 2009+)
India,Employees,2013,954.4,954.4,"U.S. Direct Investment Abroad,All Majority-owned Foreign Affiliates (data for 2009 and forward),Employment", By Country Only (All Countries) (NAICS) (Thousands of Employees) <br/>,https://apps.bea.gov/iTable/?ReqID=2&step=1 (USDIA > Activities of MNEs > MOFAs 2009+)
India,Employees,2014,"1,121.3",1121.3,"U.S. Direct Investment Abroad,All Majority-owned Foreign Affiliates (data for 2009 and forward),Employment", By Country Only (All Countries) (NAICS) (Thousands of Employees) <br/>,https://apps.bea.gov/iTable/?ReqID=2&step=1 (USDIA > Activities of MNEs > MOFAs 2009+)
India,Employees,2015,"1,138.7",1138.7,"U.S. Direct Investment Abroad,All Majority-owned Foreign Affiliates (data for 2009 and forward),Employment", By Country Only (All Countries) (NAICS) (Thousands of Employees) <br/>,https://apps.bea.gov/iTable/?ReqID=2&step=1 (USDIA > Activities of MNEs > MOFAs 2009+)
India,Employees,2016,"1,222.3",1222.3,"U.S. Direct Investment Abroad,All Majority-owned Foreign Affiliates (data for 2009 and forward),Employment", By Country Only (All Countries) (NAICS) (Thousands of Employees) <br/>,https://apps.bea.gov/iTable/?ReqID=2&step=1 (USDIA > Activities of MNEs > MOFAs 2009+)
India,Employees,2017,"1,297.5",1297.5,"U.S. Direct Investment Abroad,All Majority-owned Foreign Affiliates (data for 2009 and forward),Employment", By Country Only (All Countries) (NAICS) (Thousands of Employees) <br/>,https://apps.bea.gov/iTable/?ReqID=2&step=1 (USDIA > Activities of MNEs > MOFAs 2009+)
India,Employees,2018,"1,294.7",1294.7,"U.S. Direct Investment Abroad,All Majority-owned Foreign Affiliates (data for 2009 and forward),Employment", By Country Only (All Countries) (NAICS) (Thousands of Employees) <br/>,https://apps.bea.gov/iTable/?ReqID=2&step=1 (USDIA > Activities of MNEs > MOFAs 2009+)
India,Employees,2019,"1,408.4",1408.4,"U.S. Direct Investment Abroad,All Majority-owned Foreign Affiliates (data for 2009 and forward),Employment", By Country Only (All Countries) (NAICS) (Thousands of Employees) <br/>,https://apps.bea.gov/iTable/?ReqID=2&step=1 (USDIA > Activities of MNEs > MOFAs 2009+)
India,Employees,2020,"1,463.9",1463.9,"U.S. Direct Investment Abroad,All Majority-owned Foreign Affiliates (data for 2009 and forward),Employment", By Country Only (All Countries) (NAICS) (Thousands of Employees) <br/>,https://apps.bea.gov/iTable/?ReqID=2&step=1 (USDIA > Activities of MNEs > MOFAs 2009+)
India,Employees,2021,"1,566.9",1566.9,"U.S. Direct Investment Abroad,All Majority-owned Foreign Affiliates (data for 2009 and forward),Employment", By Country Only (All Countries) (NAICS) (Thousands of Employees) <br/>,https://apps.bea.gov/iTable/?ReqID=2&step=1 (USDIA > Activities of MNEs > MOFAs 2009+)
India,Employees,2022,"1,764.9",1764.9,"U.S. Direct Investment Abroad,All Majority-owned Foreign Affiliates (data for 2009 and forward),Employment", By Country Only (All Countries) (NAICS) (Thousands of Employees) <br/>,https://apps.bea.gov/iTable/?ReqID=2&step=1 (USDIA > Activities of MNEs > MOFAs 2009+)
India,Employees,2023,"1,792.6",1792.6,"U.S. Direct Investment Abroad,All Majority-owned Foreign Affiliates (data for 2009 and forward),Employment", By Country Only (All Countries) (NAICS) (Thousands of Employees) <br/>,https://apps.bea.gov/iTable/?ReqID=2&step=1 (USDIA > Activities of MNEs > MOFAs 2009+)
