month,idx_bpo_ites,idx_exp_0_3,idx_exp_13_16,idx_exp_16plus,idx_exp_4_7,idx_exp_8_12,idx_it_software,yoy_bpo_ites,yoy_exp_0_3,yoy_exp_13_16,yoy_exp_16plus,yoy_exp_4_7,yoy_exp_8_12,yoy_it_software,rel_0_3_vs_16plus_log,source_url_it
2021-01,1875.0,,,,,,2976.0,,,,,,,,,https://www.infoedge.in/pdfs/News_Events_pdfs/Naukri-Jobspeak-Jan-2022.pdf
2021-02,2184.0,,,,,,3944.0,,,,,,,,,https://www.infoedge.in/pdfs/News_Events_pdfs/Naukri-Jobspeak-Feb-2022.pdf
2021-03,2201.0,,,,,,4376.0,,,,,,,,,https://www.infoedge.in/pdfs/News_Events_pdfs/Naukri-Jobspeak-Mar-2022.pdf
2021-04,1838.0,,,,,,3859.0,,,,,,,,,https://www.infoedge.in/pdfs/News_Events_pdfs/Naukri-Jobspeak-Apr-2022.pdf
2021-05,1655.0,,,,,,4409.0,,,,,,,,,https://www.infoedge.in/pdfs/News_Events_pdfs/Naukri-Jobspeak-Apr-2022.pdf
2021-06,1891.0,,,,,,4624.0,,,,,,,,,https://www.infoedge.in/pdfs/News_Events_pdfs/Naukri-Jobspeak-June-2022.pdf
2021-07,1923.0,,,,,,5466.0,,,,,,,,,https://www.infoedge.in/pdfs/News_Events_pdfs/Naukri-Jobspeak-June-2022.pdf
2021-08,1994.0,,,,,,5422.0,,,,,,,,,https://www.infoedge.in/pdfs/News_Events_pdfs/Naukri-Jobspeak-Aug-2022.pdf
2021-09,2229.0,,,,,,5648.0,,,,,,,,,https://www.infoedge.in/pdfs/News_Events_pdfs/Naukri-Jobspeak-Sep-2022.pdf
2021-10,2044.0,,,,,,4686.0,,,,,,,,,https://www.infoedge.in/pdfs/News_Events_pdfs/Naukri-Jobspeak-Sep-2022.pdf
2021-11,1771.0,2444.0,1479.0,1340.0,2422.0,2032.0,4155.0,,,,,,,,60.1,https://www.infoedge.in/pdfs/News_Events_pdfs/Naukri-Jobspeak-November2022.pdf
2021-12,2041.0,3003.0,1852.0,1667.0,2958.0,2510.0,5240.0,,,,,,,,58.86,https://www.infoedge.in/pdfs/News_Events_pdfs/Naukri-Jobspeak-December-2022.pdf
2022-01,1987.0,2919.0,1851.0,1585.0,2925.0,2504.0,5370.0,5.8,,,,,,59.02,61.07,https://www.infoedge.in/pdfs/News_Events_pdfs/Naukri-Jobspeak-January-2023.pdf
2022-02,2468.0,3335.0,2124.0,1894.0,3279.0,2821.0,5560.0,12.23,,,,,,34.34,56.58,https://www.infoedge.in/pdfs/News_Events_pdfs/Naukri-Jobspeak-February-2023.pdf
2022-03,2458.0,3154.0,1922.0,1762.0,3018.0,2505.0,4983.0,11.04,,,,,,12.99,58.22,https://www.infoedge.in/pdfs/News_Events_pdfs/Naukri-Jobspeak-March-2023.pdf
2022-04,2659.0,3223.0,1854.0,1713.0,3067.0,2494.0,4656.0,36.93,,,,,,18.77,63.21,https://www.infoedge.in/pdfs/News_Events_pdfs/Naukri-Jobspeak-April-2023.pdf
2022-05,2617.0,3170.0,1885.0,1695.0,3067.0,2557.0,4711.0,45.82,,,,,,6.63,62.6,https://www.infoedge.in/pdfs/News_Events_pdfs/Naukri-Jobspeak-May-2023.pdf
2022-06,2600.0,3105.0,2008.0,1722.0,3072.0,2663.0,5069.0,31.84,,,,,,9.19,58.95,https://www.infoedge.in/pdfs/News_Events_pdfs/Naukri-Jobspeak-June-2023.pdf
2022-07,2587.0,3266.0,2298.0,2013.0,3386.0,3093.0,5872.0,29.66,,,,,,7.16,48.39,https://www.infoedge.in/pdfs/News_Events_pdfs/Naukri-Jobspeak-July-2023.pdf
2022-08,2325.0,2999.0,1928.0,1693.0,3053.0,2644.0,4881.0,15.36,,,,,,-10.51,57.18,https://www.infoedge.in/pdfs/News_Events_pdfs/Naukri-Jobspeak-August-2023.pdf
2022-09,2619.0,3265.0,2178.0,1946.0,3346.0,2914.0,5283.0,16.12,,,,,,-6.68,51.75,https://www.infoedge.in/pdfs/News_Events_pdfs/Naukri-Jobspeak-September-2023.pdf
2022-10,2131.0,2642.0,1771.0,1613.0,2632.0,2229.0,3825.0,4.17,,,,,,-20.3,49.34,https://www.infoedge.in/pdfs/News_Events_pdfs/Naukri-Jobspeak-October-2023.pdf
2022-11,2511.0,3253.0,2342.0,2055.0,3293.0,2864.0,4674.0,34.91,28.59,45.96,42.76,30.72,34.32,11.77,45.93,https://www.infoedge.in/pdfs/News_Events_pdfs/Naukri-Jobspeak-November-2023.pdf
2022-12,2249.0,3106.0,2231.0,2184.0,2998.0,2676.0,4087.0,9.7,3.37,18.62,27.01,1.34,6.4,-24.85,35.22,https://www.infoedge.in/pdfs/News_Events_pdfs/Naukri-Jobspeak-December-2023.pdf
2023-01,2303.0,2926.0,2159.0,2051.0,2871.0,2568.0,4010.0,14.76,0.24,15.39,25.77,-1.86,2.52,-29.2,35.53,https://www.infoedge.in/pdfs/News_Events_pdfs/Naukri-Jobspeak-Jan-2024.pdf
2023-02,2456.0,3073.0,2362.0,2273.0,3104.0,2885.0,4428.0,-0.49,-8.18,10.62,18.24,-5.48,2.24,-22.77,30.16,https://www.infoedge.in/pdfs/News_Events_pdfs/Naukri-Jobspeak-Feb-2024.pdf
2023-03,2415.0,3144.0,2389.0,2373.0,3010.0,2859.0,4147.0,-1.76,-0.32,21.75,29.77,-0.27,13.22,-18.36,28.13,https://www.infoedge.in/pdfs/News_Events_pdfs/Naukri-Jobspeak-Mar-2024.pdf
2023-04,2186.0,2834.0,2217.0,2230.0,2725.0,2625.0,3392.0,-19.59,-12.86,17.88,26.38,-11.82,5.12,-31.67,23.97,https://www.infoedge.in/pdfs/News_Events_pdfs/Naukri-Jobspeak-April-2024.pdf
2023-05,2256.0,2945.0,2370.0,2355.0,2846.0,2774.0,3618.0,-14.84,-7.36,22.9,32.89,-7.48,8.15,-26.4,22.36,https://www.infoedge.in/pdfs/News_Events_pdfs/Naukri-Jobspeak-May-2024.pdf
2023-06,2163.0,2890.0,2379.0,2370.0,2770.0,2724.0,3511.0,-18.4,-7.18,16.95,31.94,-10.35,2.26,-36.72,19.84,https://www.infoedge.in/pdfs/News_Events_pdfs/Naukri-Jobspeak-May-2024.pdf
2023-07,2036.0,2672.0,2271.0,2276.0,2516.0,2507.0,3187.0,-23.95,-20.07,-1.18,12.28,-29.7,-21.01,-61.11,16.04,https://www.infoedge.in/pdfs/News_Events_pdfs/Naukri-Jobspeak-July-2024.pdf
2023-08,2085.0,2769.0,2372.0,2457.0,2567.0,2633.0,3278.0,-10.9,-7.98,20.73,37.24,-17.34,-0.42,-39.81,11.95,https://www.infoedge.in/pdfs/News_Events_pdfs/Naukri-Jobspeak-August-2024.pdf
2023-09,1952.0,2933.0,2421.0,2522.0,2717.0,2861.0,2989.0,-29.39,-10.72,10.58,25.93,-20.82,-1.84,-56.96,15.1,https://www.infoedge.in/pdfs/News_Events_pdfs/Naukri-Jobspeak-September-2024.pdf
2023-10,2179.0,2642.0,2227.0,2361.0,2361.0,2431.0,3302.0,2.23,0.0,22.91,38.1,-10.87,8.67,-14.7,11.25,https://www.infoedge.in/pdfs/News_Events_pdfs/Naukri-Jobspeak-October-2024.pdf
2023-11,2054.0,2484.0,2116.0,2247.0,2282.0,2343.0,3349.0,-20.09,-26.97,-10.15,8.93,-36.67,-20.08,-33.34,10.03,https://www.infoedge.in/pdfs/News_Events_pdfs/Naukri-Jobspeak-November-2024.pdf
2023-12,1872.0,2618.0,2195.0,2357.0,2316.0,2366.0,3210.0,-18.35,-17.09,-1.63,7.62,-25.81,-12.31,-24.15,10.5,https://www.infoedge.in/pdfs/News_Events_pdfs/Naukri-Jobspeak-December-2024.pdf
2024-01,1939.0,2621.0,2196.0,2429.0,2339.0,2374.0,3233.0,-17.2,-11.01,1.7,16.92,-20.49,-7.86,-21.54,7.61,https://www.infoedge.in/pdfs/News_Events_pdfs/Naukri-Jobspeak-December-2024.pdf
2024-02,2157.0,2822.0,2523.0,2744.0,2624.0,2797.0,3748.0,-12.98,-8.52,6.59,18.83,-16.8,-3.1,-16.67,2.8,https://www.infoedge.in/pdfs/News_Events_pdfs/Naukri-Jobspeak-December-2024.pdf
2024-03,2264.0,2788.0,2412.0,2640.0,2482.0,2655.0,3501.0,-6.46,-12.02,0.96,10.66,-19.29,-7.4,-16.93,5.45,https://www.infoedge.in/pdfs/News_Events_pdfs/Naukri-Jobspeak-December-2024.pdf
2024-04,2181.0,2783.0,2407.0,2690.0,2471.0,2619.0,3456.0,-0.23,-1.82,8.22,18.75,-9.78,-0.23,1.87,3.4,https://www.infoedge.in/pdfs/News_Events_pdfs/Naukri-Jobspeak-December-2024.pdf
2024-05,2195.0,2891.0,2570.0,2893.0,2607.0,2807.0,3630.0,-2.74,-1.85,8.1,20.58,-8.77,1.18,0.33,-0.07,https://www.infoedge.in/pdfs/News_Events_pdfs/Naukri-Jobspeak-December-2024.pdf
2024-06,1961.0,2619.0,2379.0,2687.0,2420.0,2590.0,3341.0,-9.8,-9.85,0.0,12.55,-13.51,-5.04,-4.96,-2.56,https://www.infoedge.in/pdfs/News_Events_pdfs/Naukri-Jobspeak-December-2024.pdf
2024-07,2157.0,2869.0,2671.0,2994.0,2688.0,2920.0,3713.0,5.77,7.11,16.22,27.42,6.61,15.25,15.28,-4.26,https://www.infoedge.in/pdfs/News_Events_pdfs/Naukri-Jobspeak-December-2024.pdf
2024-08,1995.0,2585.0,2407.0,2729.0,2401.0,2600.0,3310.0,-4.41,-6.88,1.46,10.5,-6.69,-1.26,0.97,-5.42,https://www.infoedge.in/pdfs/News_Events_pdfs/Naukri-Jobspeak-December-2024.pdf
2024-09,2036.0,2739.0,2548.0,2872.0,2529.0,2771.0,3539.0,4.21,-6.84,5.11,13.0,-7.17,-3.2,16.89,-4.74,https://www.infoedge.in/pdfs/News_Events_pdfs/Naukri-Jobspeak-December-2024.pdf
2024-10,2077.0,2789.0,2570.0,2906.0,2505.0,2785.0,3487.0,-4.79,5.41,14.33,20.77,5.92,13.59,5.45,-4.11,https://www.infoedge.in/pdfs/News_Events_pdfs/Naukri-Jobspeak-December-2024.pdf
2024-11,1887.0,2482.0,2308.0,2552.0,2226.0,2474.0,3116.0,-8.48,-0.08,8.69,12.73,-2.48,5.44,-7.21,-2.78,https://www.infoedge.in/pdfs/News_Events_pdfs/Naukri-Jobspeak-Nov-2025.pdf
2024-12,1984.0,2787.0,2522.0,2890.0,2406.0,2667.0,3266.0,5.81,6.26,13.89,20.39,3.81,11.98,1.73,-3.63,https://www.infoedge.in/pdfs/News_Events_pdfs/Naukri-Jobspeak-Dec-2025.pdf
2025-01,1909.0,,,,,,3190.0,-1.56,,,,,,-1.34,,https://www.infoedge.in/pdfs/News_Events_pdfs/Naukri-Jobspeak-Jan-2026.pdf
2025-02,2171.0,,,,,,3711.0,0.65,,,,,,-0.99,,https://www.infoedge.in/pdfs/News_Events_pdfs/Naukri-Jobspeak-Feb-2026.pdf
2025-03,2095.0,,,,,,3413.0,-7.76,,,,,,-2.55,,https://www.infoedge.in/pdfs/News_Events_pdfs/Naukri-Jobspeak-Mar-2026.pdf
2025-04,2314.0,,,,,,3573.0,5.92,,,,,,3.33,,https://www.infoedge.in/pdfs/News_Events_pdfs/Naukri-Jobspeak-April-2026.pdf
2025-05,2282.0,,,,,,3457.0,3.89,,,,,,-4.88,,https://www.infoedge.in/pdfs/News_Events_pdfs/Naukri-Jobspeak-May-2026.pdf
2025-06,2339.0,,,,,,3523.0,17.63,,,,,,5.3,,https://www.infoedge.in/pdfs/News_Events_pdfs/Naukri-Jobspeak-June-2026.pdf
2025-07,2450.0,,,,,,3688.0,12.74,,,,,,-0.68,,https://www.infoedge.in/pdfs/News_Events_pdfs/Naukri-Jobspeak-July-2026.pdf
2025-08,2332.0,,,,,,3111.0,15.61,,,,,,-6.2,,https://www.infoedge.in/pdfs/News_Events_pdfs/Naukri-Jobspeak-August-2026.pdf
2025-09,2532.0,,,,,,3585.0,21.8,,,,,,1.29,,https://www.infoedge.in/pdfs/News_Events_pdfs/Naukri-Jobspeak-August-2026.pdf
2025-10,2193.0,,,,,,2967.0,5.43,,,,,,-16.15,,https://www.infoedge.in/pdfs/News_Events_pdfs/Naukri-Jobspeak-August-2026.pdf
2025-11,2475.0,,,,,,3565.0,27.13,,,,,,13.46,,https://www.infoedge.in/pdfs/News_Events_pdfs/Naukri-Jobspeak-August-2026.pdf
2025-12,2460.0,,,,,,3531.0,21.5,,,,,,7.8,,https://www.infoedge.in/pdfs/News_Events_pdfs/Naukri-Jobspeak-August-2026.pdf
2026-01,2306.0,,,,,,3119.0,18.89,,,,,,-2.25,,https://www.infoedge.in/pdfs/News_Events_pdfs/Naukri-Jobspeak-August-2026.pdf
2026-02,2643.0,,,,,,3948.0,19.67,,,,,,6.19,,https://www.infoedge.in/pdfs/News_Events_pdfs/Naukri-Jobspeak-August-2026.pdf
2026-03,2477.0,,,,,,3462.0,16.75,,,,,,1.43,,https://www.infoedge.in/pdfs/News_Events_pdfs/Naukri-Jobspeak-August-2026.pdf
2026-04,2672.0,,,,,,3605.0,14.38,,,,,,0.89,,https://www.infoedge.in/pdfs/News_Events_pdfs/Naukri-Jobspeak-August-2026.pdf
2026-05,2483.0,,,,,,3205.0,8.44,,,,,,-7.57,,https://www.infoedge.in/pdfs/News_Events_pdfs/Naukri-Jobspeak-August-2026.pdf
2026-06,2422.0,,,,,,3415.0,3.49,,,,,,-3.11,,https://www.infoedge.in/pdfs/News_Events_pdfs/Naukri-Jobspeak-August-2026.pdf
2026-07,2572.0,,,,,,3909.0,4.86,,,,,,5.82,,https://www.infoedge.in/pdfs/News_Events_pdfs/Naukri-Jobspeak-August-2026.pdf
2026-08,2526.0,,,,,,3450.0,7.99,,,,,,10.34,,https://www.infoedge.in/pdfs/News_Events_pdfs/Naukri-Jobspeak-August-2026.pdf
