firm,cal_q,term,context
TCS,2019Q1,deflation*,"in our industry, price resilience is phenomenal. Four years later, the like to like price deflation will not be more than 5% or 10% at the most. So this is a b"
TCS,2019Q4,deflation*,"re” philosophy and helping us gain wallet share. However in the short term, the resultant deflation is pulling down our growth in BFSI. Stepping back a little,"
TCS,2019Q4,deflation*," whatever shortage is there is currently in the growth, will you assign most of it to the deflation of cost or more efficiency with which we are delivering ser"
TCS,2021Q1,deflation*,our financial solutions business to grow sequentially every quarter this year despite the deflation resulting from the shift to SaaS. The Quartz™ Blockchain So
TCS,2021Q3,deflation*,"ual contract value is better than TCV 25% growth? And secondly, in the past, we have seen deflation in legacy business which you have talked about as well and "
TCS,2021Q3,deflation*,"ed about as well and there is a renewal. More importantly, are you expecting this rate of deflation in legacy to come down with all the supply crunch and overa"
TCS,2021Q3,deflation*,"nt movement to either expanded durations or reduced durations. On your second question on deflation, I think this is a topic that we have discussed multiple ti"
TCS,2021Q3,deflation*,"ificantly increasing leverage closer to global standards. That provides volume, but has a deflationary impact on the reported revenue. There is also slowdown in s"
TCS,2022Q3,deflation*,"e print numbers of clients in non-US dollar markets may get underreported due to currency deflation. Despite that headwind, we have good additions in every rev"
TCS,2023Q2,deflation*, as a defensive move which will help you defend your revenues because there is a bit of a deflationary nature to the Gen AI deployment? Or is this something which
TCS,2024Q2,rate cut,", incremental spending or a revival of tech spending that they have put on hold. Interest rate cuts could be possible, triggers and all. But what is that is ke"
TCS,2024Q2,rate cut," Tata Consultancy Services Earnings Conference Call July 11, 2024, 19:00 hrs IST interest rate cuts you expect this segment those should act as tailwinds for t"
TCS,2025Q1,deflation*," You mentioned AI for IT and AI for Business. On the AI for IT side, is there any kind of deflation you see in your existing order book if you start to infuse "
TCS,2025Q1,deflation*,"ed remarks? K Krithivasan: So, Ankur, on the first one, AI for IT, I won't try to call it deflation. We try to deploy AI in every project we do. And particular"
TCS,2025Q1,deflation*,in the business and then your reckoning over the next few years because it's very clearly deflationary in the current service portfolio and because there seems to
TCS,2025Q1,deflation*,"resulted in market share gain. For TCS, it proved to be a net incremental in revenue, not deflationary. So just because AI for IT can bring in productivity doesn'"
TCS,2025Q1,deflation*,". Currently, even otherwise also, we are not seeing instances where AI for IT is creating deflationary situation, and after including AI for Business, we see net-"
TCS,2025Q2,productivity pass,"ere's any kind of -- I wouldn't say pricing pressure, any kind of out-of- turn demand for productivity pass-through that you may be seeing in across industries, perhap"
TCS,2025Q2,discount,"tiation, there is a demand for productivity, either -- we don't see much coming as a pure discount, but Page 18 of 28 Tata Consultancy Services Earnings Confe"
TCS,2025Q3,deflation*,"arter has been a little bit of a beat, the current growth rates have not been impacted by deflation on SDLC by AI, you think that's not a factor. Is it all mac"
TCS,2025Q3,deflation*,Do you have a sense of potential productivity gains or any kind of change in scope from a deflation or inflation perspective on your existing services as you t
TCS,2025Q4,discount,"contention that 10% to 15%, you're suggesting that's the same what the renewals the price discounts at time of the renewal, that's where it was 2-3 years ago. "
TCS,2026Q1,GCC,"trategic pivot towards AI-led transformation, with spend focused on vendor consolidation, GCC expansion, and structural efficiency, and the resulting sav"
TCS,2026Q1,AI-led productivity,"ioritized near-term cost optimization and operational resilience, with sustained focus on AI-led productivity, including predictive maintenance and quality automation, a"
TCS,2026Q2,productivity pass,"impact, percentage of revenues or the business or the client has already gone through the productivity pass-through, and how much is left? Is it signiﬁcant or is it no"
TCS,2026Q2,productivity pass,"Krithivasan: It's di icult to quantify what part of the business has already gone through productivity pass through, but what we can see is as and when the projects co"
Infosys,2018Q3,rate cut,"both the buckets. Price realization is a combination of two factors. One is of course the rate cuts in the T&M. T&M is straight forward, it is rate card. In ca"
Infosys,2026Q2,rate cut,"ned is that especially in Europe, the way the yield curve is working, especially with the rate cuts - if you look at a bank in Belgium for instance, where we s"
Infosys,2026Q2,discount,ongoing productivity benefit. We do see some pressure which comes into play in pricing or discounts on an ongoing basis and especially when we start to see med
Infosys,2026Q2,discount,has to literally churn out every quarter. There will continue to be headwinds in terms of discounts or wage hikes but I think we seem to have gone to a rhythm 
Infosys,2026Q2,discount,e productive and efficient for our clients. Some of that is passed back to our clients as discounts and improved productivity and part of that goes to margin i
Infosys,2026Q2,discount,"ell through our automation. So, these are the two large ones, and slightly more moderated discount environment. But like I said, discounts always are not secu"
Infosys,2026Q2,discount,"re the two large ones, and slightly more moderated discount environment. But like I said, discounts always are not secular, so you can always see these ups and"
Infosys,2026Q2,discount,"ithin that 100 bps. Salil, you can take the other one. Salil Parekh The point on the cost discounts versus RPP with client discussions, as Nilanjan was sharing"
Infosys,2026Q2,discount,"as Nilanjan was sharing, the environment in Q2 especially has been quite stable vis-à-vis discounts. What I mean is not anything unusual, it has been a small n"
Infosys,2026Q2,discount,"y say pretty much every year are the compensation hikes, you have clients coming back for discounts on renewals, and some of that you offset with the cost opti"
Infosys,2026Q2,discount,"ays, a reversal of a client's contractual provision in our FS segment partially offset by discounts. 0.3% benefits from rupee depreciation benefits partially o"
Infosys,2026Q2,discount,"cation. Nilanjan, I believe you said that the contractual provision was largely offset by discounts. Could you please clarify a bit. Did you mean discounts to "
Infosys,2026Q2,discount,l provision was largely offset by discounts. Could you please clarify a bit. Did you mean discounts to the same client or discounts in general? Curious because
Infosys,2026Q2,discount,y discounts. Could you please clarify a bit. Did you mean discounts to the same client or discounts in general? Curious because on one hand we are talking of a
Infosys,2026Q2,discount, demand environment and potential price hikes and at the same time we are also talking of discounts? Nilanjan Roy The comment was 0.5% increase in RPP is a com
Infosys,2026Q2,discount,"gher working days, the client contraction provision reversal benefits partially offset by discount. So it is not a direct linkage of discounts and client cont"
Infosys,2026Q2,discount,rovision reversal benefits partially offset by discount. So it is not a direct linkage of discounts and client contractual provisions. It is not to the same cl
Infosys,2026Q2,discount,"counts and client contractual provisions. It is not to the same client. These are generic discounts and these automatically keep on coming. But, like I said di"
Infosys,2026Q2,discount,"ent. These are generic discounts and these automatically keep on coming. But, like I said discounts have come down as we have started negotiating with our clie"
Infosys,2026Q2,discount,". Pricing is another thing, which we have been talking about. We have seen less impact of discounts, etc., we are going back to clients in terms of COLA adjust"
Infosys,2026Q2,discount,hich is a combination of clients contractual provisions reversals partially offset by the discounts. So we have seen a benefit there. There is no way we said t
Infosys,2026Q2,discount," on pricing, etc. with clients, like I mentioned in the earlier press conference that our discounts definitely have come down. We continue to push our sales fo"
Infosys,2026Q2,discount,"l, is it FP deal, is it a T&M, is there a COLA clause, it is really complex. We have seen discount, which used to be a quite large in terms of pricing, in ter"
Infosys,2026Q2,discount,"e. And historically, this is one lever which always used to drag down, repeatedly, due to discounts on renewals, et cetera. And as of now, we have not seen tha"
Infosys,2026Q2,discount,"u seeing the pressure there more than normal, either because clients are pushing for more discounts or because of competitive intensity? Salil Parekh So there,"
Infosys,2026Q2,discount," a year and half back. And it is a combination of two or three things. One is the renewal discounts, which clients come back when programs are ending. And basi"
Infosys,2026Q2,discount,"lly, after productivity increases at the renewal stage, which we are just loosely calling discounts. That is something which we have really curved over the las"
Infosys,2026Q2,discount,"able. Of course, in some quarters, you can see few clients are coming back and asking for discounts. But I think, overall, even if I look back, it has been in "
Infosys,2026Q2,rate cut,"ains mainly on how the BFSI vertical is looking at this point of time. Post, the interest rate cut, has there been a change in conversation or let us say chan"
Infosys,2026Q2,deflation*," the customers will want to share in that benefit. So how do you think, is it a source of deflation for you? Or how do you think that unfolds, particularly fro"
Infosys,2026Q2,productivity pass,"bout how, on a structured basis, this might impact the volumes of your work, the need for productivity pass back and if this will be net additive or dilutive to the am"
Infosys,2026Q2,productivity pass,"ead. Surendra Goel Yes hi, good evening. One of the industry players called out AI-driven productivity pass back to a large client of theirs. Have you seen any such in"
Infosys,2026Q2,productivity pass,"stion more specifically. The top 5 client performance, has that been impacted by any such productivity pass-through? Jayesh Sanghrajka No, Suren. As I said earlier, it"
Infosys,2026Q2,rate cut,tarted to view IT investments more favorably post-election-related certainty and interest rate cuts in recent months. While the focus remains on cost optimizat
Infosys,2026Q2,GCC,"als in America and 6 in Europe. This also includes a BOT deal with the client to set up a GCC in India. For 9 months, large deal wins stood at 72 deals w"
Infosys,2026Q2,deflation*,"om you. Are you infusing AI into existing projects that might lead to any kind of revenue deflation which you have to overcome? Salil Parekh Hi Ankur, this is "
Infosys,2026Q2,deflation*,"ucture? And how do you think that is going to unfold in FY 2026? In other words, does the deflationary nature of AI, is that impacting your performance-based cont"
Infosys,2026Q2,productivity pass,related uncertainty that you are referring to? Or is it more of the structural AI-related productivity pass back? You did share some numbers of 5% to 15% related benef
Infosys,2026Q2,GCC,"tiatives getting from POC to production, especially in Agentic AI. We are partnering with GCCs, both in setup and growth-led deals. While pipeline is stro"
Infosys,2026Q2,GCC,"keout opportunities. We won a large deal in this vertical in Q1 to help a client set up a GCC. In Auto, we are helping clients in rationalizing their foo"
Infosys,2026Q2,GCC,"njhunwala Fair enough. And the second question is, some of these vendor consolidation and GCC kind of deals that we have won, just wanted to understand, "
Infosys,2026Q2,AI-led productivity,ulting in budget reallocation with discretionary spend expected to be self-funded through AI-led productivity benefits. Deals in the sector continue to leverage Topaz an
Infosys,2026Q2,deflation*,"the forefront of leveraging AI and automation to increase productivity and offset pricing deflation. In Aero, we have seen opportunities to help clients naviga"
Infosys,2026Q2,deflation*, impact of AI on your and IT services industry’s revenue growth profile. Do you think the deflationary impact is higher than the volume growth opportunity? And ma
Infosys,2026Q2,GCC,"emains subdued with investment prioritization in AI, automation, and consumer experience. GCCs are becoming key buying centers and opportunities are emerg"
Infosys,2026Q2,GCC,"rastructure, data readiness, cloud and software platforms. There is demand for setting up GCCs across sectors with most clients looking at SIs to compleme"
Infosys,2026Q2,GCC,d for setting up GCCs across sectors with most clients looking at SIs to complement their GCC strategy. We are a preferred AI partner for top 15 out of t
Infosys,2026Q2,AI-led productivity,"olidation and efficiency, and we are supporting them through digital rationalizations and AI-led productivity initiatives. Overall pipeline remains healthy and focus on "
Infosys,2026Q2,AI-led productivity,otiations and evolving geopolitical equations. Clients are prioritizing cost takeouts and AI-led productivity deals while discretionary spends remains soft apart from SA
Infosys,2026Q2,deflation*,"ially elaborate on if the slowdown is because of; A, demand environment; B, structural AI deflation or; C, the impact from that one large account which is ramp"
Infosys,2026Q2,deflation*,"last year and growing faster, which again is a tailwind. And the last factor could be the deflationary impact on existing business on account of productivity savi"
Infosys,2026Q2,deflation*,owth rates in organic terms does not look better at the midpoint of guide. Is it that the deflationary impact assumed in your guidance at the midpoint is slightly
Infosys,2026Q2,deflation*," improved organic growth in FY27. So is it like the base business is seeing a much higher deflation than, what each one of us were expecting and with the impro"
Infosys,2026Q2,deflation*,ing to get a better understanding of when you may have started to see some of the outside deflationary impact or some of the down-tick in revenue realization or a
Infosys,2026Q2,deflation*,"y question. Two questions from my side. The first question, Salil, is basically on the AI deflation or the compression part that we have been discussing a lot."
Infosys,2026Q2,deflation*,"g a lot. So just wanted to get some color as to where do you think we are in that revenue deflation cycle? So, let us say if I were to compare it to the last d"
Infosys,2026Q2,deflation*,"tial at this point of time. So, do you think we are already at the trough of that revenue deflation cycle? If not, I mean I know it is difficult to quantify th"
Infosys,2026Q2,deflation*," it is difficult to quantify the timeline. So basically, are we still away, there is more deflation that you think that that might come in? Or do you think we "
Infosys,2026Q2,deflation*,hat might come in? Or do you think we are basically done with the worst is behind and the deflation will still continue but it might be not as much as let us s
Infosys,2026Q2,deflation*,"sh Sanghrajka Keith, the reality is we do see as Salil was saying earlier, we do see some deflation from our existing services, right? And part largely part of"
Infosys,2026Q2,productivity pass,"ting margins guidance for the year is 20% to 22%. This assumes headwinds from wage hikes, productivity pass-throughs and AI investment offset by initiatives under proj"
Infosys,2026Q2,productivity pass,"e margin in the financial year. Yogesh Aggarwal And just a quick follow-up, you mentioned productivity pass-through impacted margins. I was just wondering why should t"
Infosys,2026Q2,productivity pass, ago? And can you dimension maybe the mix of the business that is directly exposed to the productivity pass-throughs versus maybe the mix of the business that is more 
Infosys,2026Q2,GCC,"g, capital markets and Europe. CY26 budgets are expected to grow in US. We signed a large GCC deal for a regional bank in the US, an industry first and a"
Infosys,2026Q2,GCC,"ed a large GCC deal for a regional bank in the US, an industry first and a large AI-first GCC deal. We are strategic AI partner for 18 out of the top 20 "
Infosys,2026Q2,AI-led productivity, tightly controlled with discretionary spends under pressure. Clients expect savings from AI-led productivity to do more with the similar budgets. We will see higher dem
Infosys,2026Q2,deflation*,"ch is how traditionally this industry has been. On the back of AI, there is an additional deflation or the AI led deflation as we call it. So that is a headwin"
Infosys,2026Q2,deflation*,"this industry has been. On the back of AI, there is an additional deflation or the AI led deflation as we call it. So that is a headwind that is there. That is"
Infosys,2026Q2,deflation*,"t new business that we are seeing. Abhishek Pathak Understood. And could you quantify the deflation, if you can? I know it is so dynamic, but just a quantifica"
Infosys,2026Q2,deflation*,"y the deflation, if you can? I know it is so dynamic, but just a quantification about the deflation entails would be helpful. And lastly, how do we define AI-l"
Infosys,2026Q2,deflation*,"size of your overall portfolio do AI revenues have to be, so that you can overcome the AI deflation or the compression in the rest of the portfolio? any though"
Infosys,2026Q2,productivity pass,"mance. Margin guidance is maintained at 20% to 22%. This assumes headwind from wage hikes productivity pass-throughs, AI investments and 50 basis point impact from acq"
Infosys,2026Q2,productivity pass,e go ahead. Ankur Rudra So my question was on the worsening demand environment from an AI productivity passthrough perspective. How secular is this across industries a
Infosys,2026Q2,GCC, in our strong deal wins this quarter with approximately $1 bn in large deal net new TCV. GCCs continue to expand and we are partnering with our clients b
Infosys,2026Q2,GCC,CCs continue to expand and we are partnering with our clients both in setup and growth of GCCs. Growth in Manufacturing continues to be impacted due to lo
Infosys,2026Q2,AI-led productivity,grams funded through operational efficiency and cost optimization. Clients are asking for AI-led productivity commitments leading to new pricing structures. We are lever
Wipro,2018Q1,discount,"based on some of the rhythm that we have in our contracts with our annuity, productivity, discounts committed to customers in some of the large deals that we h"
Wipro,2019Q2,rate cut,"e you know 61.6% of our revenues come from fixed price project, they are not based on the rate cuts. So, it is really how I am able to manage my total revenue "
Wipro,2019Q3,discount,"ers, which is very different from a grocery retailer, or if you look at the priorities of discount retailers from an online retailer it's very different. Big "
Wipro,2020Q1,rate cut,icipants that clients in specific cases are asking for discounts up to 50% of an existing rate cut. Can you give us a sense of what type of discounts are you 
Wipro,2020Q1,discount,"dy see instances of budget reductions, cuts in discretionary spend, request for temporary discounts and pricing pressure, and restructuring of existing spends."
Wipro,2020Q1,discount,"Please go ahead. Mukul Garg: Abid, just wanted to follow up from the previous question on discounts. We have heard from industry participants that clients in s"
Wipro,2020Q1,discount,s. We have heard from industry participants that clients in specific cases are asking for discounts up to 50% of an existing rate cut. Can you give us a sense 
Wipro,2020Q1,discount, for discounts up to 50% of an existing rate cut. Can you give us a sense of what type of discounts are you seeing from a monetary point of view? Are they at l
Wipro,2020Q1,discount,ostly a Q1 constraint or people have started looking at a slightly longer term as well in discount decision? Page 7 of 17 Sensitivity: Internal & Restricted W
Wipro,2020Q2,discount,"n typically has as a few components. As you know that one direct component could be price discount, but I will come on to it at the end, but in a business whi"
Wipro,2021Q1,discount," think they are necessarily reduced spend in IT. They have certainly asked for effort and discounts and some super, at that time, but that was more to help on "
Wipro,2022Q2,discount,"am not seeing from a pricing power standpoint, any concern where we are giving away price discounts. In fact, I would think, it could be a little bit of portfo"
Wipro,2024Q3,productivity pass, into your deal construct to an extent? Are there any early conversations about potential productivity passthrough or gain share as a result of those constructs in the
Wipro,2025Q1,deflation*,"alking a bit about AI, can you talk a bit about how AI related productivity pass backs or deflation might be playing into your contract renewals and if you are"
Wipro,2025Q1,productivity pass,"r Rudra: Understood. Just talking a bit about AI, can you talk a bit about how AI related productivity pass backs or deflation might be playing into your contract rene"
Wipro,2025Q3,deflation*,"ose deals growing, especially in renewal and also in renewal plus scope expansion? Or the deflation, which is there in renewal, is kind of offsetting the new s"
Wipro,2025Q3,deflation*,"ully new, so that will add to the revenues directly. In terms of just renewal, is there a deflationary pressure, like I said, every deal, every time there is a pr"
Wipro,2025Q3,deflation*,"ld you agree that there is a timing difference between the new scope increases versus the deflation that we see near term? So, does that mean that hits you in "
Wipro,2025Q4,GCC,trengthening our role as a trusted innovation partner. We are also partnering with client GCCs to drive transformation and turn their cost centers into hi
Accenture,2024Q4,GCC,"re seeing there as far as wage inflation dynamics, just given most services companies and GCCs have been leaning in, and particularly amid the competitive"
Accenture,2025Q2,deflation*,"e savings in other projects with Accenture, or are there instances where there's some net deflationary pressure on revenue? How's all that kind of netting out? Th"
TechM,2018Q2,discount,"t the outlook within our top account because I think five quarter ago there was a pricing discount and all, so how are we placed within the top account in ter"
TechM,2023Q2,deflation*,"itively exposed to generative AI versus the ones that could be negatively impacted due to deflationary pressures, how are we preparing for this? And lastly, withi"
TechM,2023Q2,deflation*,"prove profitability, juniorization, offshore and subcon reduction, won't that be a little deflationary on revenues going forward? How are you looking going to rep"
TechM,2023Q2,deflation*,"ond question was that, as most of the margin levers which we are contemplating tend to be deflationary on growth, how to ensure growth without compensating on mar"
TechM,2025Q2,GCC," and Data and AI, digital commerce platforms with a dedicated Global Capability Center or GCC, to drive innovation, cost efficiency and business agility."
TechM,2024Q3,rate cut,"hit, just wanted to understand that your recent talks with the communication clients, the rate cut creates some hope in terms of recovery in the demand, may n"
TechM,2024Q3,rate cut," terms of recovery in the demand, may not be immediate, but next year in CY25 and if more rate cut comes, this could be also a growth driver for Tech Mahindra"
TechM,2024Q3,rate cut,"uld be also a growth driver for Tech Mahindra going forward. Mohit Joshi: Yes, so clearly rate cuts will offer a degree of relief to many of our telecom client"
TechM,2025Q3,deflation*," service lines, how do you characterize the delta due to AI at the overall company level, deflationary, expansionary, or initially deflationary and then expansion"
TechM,2025Q3,deflation*,"he delta due to AI at the overall company level, deflationary, expansionary, or initially deflationary and then expansionary? Mohit Joshi: Yes, so I feel that in "
TechM,2025Q3,GCC,l axis which underscores the trust in our ability to shape what’s next in AI. In terms of GCCs: As we extend on our strengths in global capability center 
TechM,2025Q3,GCC," enables us to offer customers a seamless end-to-end pathway to establish and scale their GCC operations in India with speed, reliability and sustainabil"
TechM,2025Q3,GCC,"spoken about improving the group relationship, and we spoke today about the fact that for GCCs, we are able to utilize a range of Mahindra Group companies"
TechM,2022Q4,discount,"r offshore-onshore ratio, I think we have a significant headroom compared to peer set. We discount some of it because, most of if it are due acquisitions made"
TechM,2024Q4,productivity pass,"portion of the deals, are we seeing healthy renewals? Are there any asks from clients for productivity pass through pricing, etc.? Rohit Anand: So, maybe I will talk a"
TechM,2025Q4,productivity pass,"irst question was on the BFSI side, which you spoke about higher-than-usual furloughs and productivity pass-through. So, what led to this higher-than-usual furlough --"
TechM,2025Q4,productivity pass," -- is there any sub-segment or client-specific factor which drove that? And also, is the productivity pass-through done entirely for the quarter, or is there somethin"
TechM,2025Q4,productivity pass,"ount. So, sequentially, there is some reduction in headcount. Was that more to manage the productivity pass-through and keep the cost structure under control, or is th"
TechM,2025Q1,GCC,rowth both from a domain perspective and from a geography perspective. We have identified GCCs as a key area of growth and hired a new set of leaders ther
TechM,2025Q1,GCC,"t take out opportunities are going to be significant. The one other area I’ll call out is GCCs, as you know we announced GCC strategy about a month or so "
TechM,2025Q1,GCC,"ing to be significant. The one other area I’ll call out is GCCs, as you know we announced GCC strategy about a month or so ago even though we have been w"
TechM,2025Q1,GCC," it for a long time. But we have created at the end of the day TechM itself came out of a GCC, right. We were initially a JV with BT, so it is a space we"
TechM,2025Q1,GCC,"ith BT, so it is a space we understand very well. So, building out specific solutions for GCCs, hiring new GCC leadership under Sahil and working on solut"
TechM,2025Q1,GCC,"a space we understand very well. So, building out specific solutions for GCCs, hiring new GCC leadership under Sahil and working on solutions that go all"
TechM,2025Q1,GCC,"all solutions that we are working on, and we have had some interesting recent wins in the GCC space. Apart from that you know across the board for all of"
TechM,2026Q1,deflation*,"… for each of these moves, there was always a concern that it would result in significant deflation for the industry and for TechM. But we've continued to thri"
TechM,2026Q1,deflation*,eal concern when this enterprise package adoption happened that it would be significantly deflationary for the industry. So many of you will remember that around 
TechM,2026Q1,deflation*,"bespoke packages or the traditional core platforms, that there'd be a significant wave of deflation that would happen for the industry, but that didn't happen,"
TechM,2026Q1,deflation*,"odel, right? A new commercial model in the age of AI, rather than just looking at AI as a deflationary factor and just looking at AI as a productivity enhancer. T"
TechM,2026Q1,deflation*,"AI technology progresses? Or are you seeing any unreasonable requests from them for price deflation or productivity pass-ons? Mohit Joshi: Yeah, this is a very"
TechM,2026Q1,productivity pass," progresses? Or are you seeing any unreasonable requests from them for price deflation or productivity pass-ons? Mohit Joshi: Yeah, this is a very good question. Actua"
TechM,2026Q1,GCC,"re some of the things which will hit us in terms of potential headwinds. We know what the GCCs are continuously expanding, we have adopted different model"
TechM,2026Q1,GCC,"ntinuously expanding, we have adopted different models as to how do we partner with these GCCs. In some areas you are competing with the GCCs, some areas "
TechM,2026Q1,GCC," models as to how do we partner with these GCCs. In some areas you are competing with the GCCs, some areas you are almost acting as a vendor to the GCCs a"
TechM,2026Q1,GCC,"reas you are competing with the GCCs, some areas you are almost acting as a vendor to the GCCs as well. But whether the GCC is from a cost perspective or "
TechM,2026Q1,GCC,"e GCCs, some areas you are almost acting as a vendor to the GCCs as well. But whether the GCC is from a cost perspective or a capability perspective, dep"
TechM,2026Q1,GCC,"ther the GCC is from a cost perspective or a capability perspective, depending on how the GCC itself has been set up we are trying to optimize our way of"
TechM,2026Q1,AI-led productivity, the other of GenAI offering or solutions being done today. We started measuring the true AI-led productivity improvement in our programs starting last year and 7% impro
HCLTech,2022Q2,discount,"it a little late in the cycle for asking price hikes versus maybe clients are looking for discounts now going forward? C. Vijayakumar: Yogesh, best is to look "
HCLTech,2023Q2,deflation*,"ut deals, maybe on the cloud side, is this showing up in discussions as a source of price deflation that maybe you or competitors are driving and hence might i"
HCLTech,2023Q2,deflation*," of the key benefits are going to be around efficiency. So which means there will be some deflation, but I think it's at least two to three years away. And I d"
HCLTech,2024Q1,productivity pass,"xplain our guidance with some more details. In Q1, as you know, there is the usual annual productivity pass back that we have for a large number of our clients and the"
HCLTech,2024Q1,productivity pass,"and the same impact would be there this year as well. But over and above the usual annual productivity pass back, there is an offshoring impact in one of the large FS "
HCLTech,2024Q3,rate cut,othing to really close deals. It is really additional demand which is coming based on the rate cuts and based on the contracts that we have. I think that defin
HCLTech,2024Q3,AI-led productivity,ease go ahead. Ravi Menon: You talked about some of the deal wins. It looks like a lot of AI-led productivity baked into some of these. Could you talk a bit about how th
HCLTech,2025Q1,deflation*,"I-led efficiencies. So, just three points on that. Could you share, firstly, the level of deflation you are seeing for existing business in those situations? S"
HCLTech,2025Q1,deflation*," who are you getting this wallet share from? Thanks. C. Vijayakumar: Yes, so the level of deflation is something which is very dependent on what services are w"
HCLTech,2025Q1,deflation*,as incremental business from almost all the renewals that we signed. It was more than the deflationary impact. I wouldn't be able to call out anything more specif
HCLTech,2025Q1,GCC,"ollow-up. Do you think the cost pressures will kind of put a little bit of a break on the GCC expansion story? Do you think vendors now become, I mean, t"
HCLTech,2025Q1,GCC,"nd which drives this. Sumeet Jain: No, thanks, CVK. That's very clear. And lastly, on the GCC opportunity, I can see some of your deals mentioned are aro"
HCLTech,2025Q1,GCC,"tly, on the GCC opportunity, I can see some of your deals mentioned are around setting up GCCs in India. So can you just highlight the kind of margins you"
HCLTech,2025Q1,GCC,"loped? HCLTech April 22, 2025 C. Vijayakumar: So Sumeet, we have had very good success in GCCs in the last six months. A very large company out of Germany"
HCLTech,2025Q1,GCC,"ility. And we are also working, we have enough opportunities in the pipeline where it's a GCC, which is pretty much starting from scratch for a large fir"
HCLTech,2025Q1,GCC,"w up to that, I mean, given that this insourcing can happen at any point in time from the GCC, does that reduce your annuity revenue visibility in the me"
HCLTech,2025Q2,deflation*,"tional AI and things like that. So, I think in these two areas, it will definitely create deflation. But the only positive aspect is there is so much of legacy"
HCLTech,2025Q2,deflation*,"h July 14, 2025 cases. So, that is also causing some kind of demand uplift to offset this deflation. Vibhor Singhal: Sure. Thank you. Moderator: Thank you. Our"
HCLTech,2025Q2,productivity pass,"h July 14, 2025 you’re seeing from clients in terms of asking for lower pricing or AI-led productivity passthroughs which is out of turn, which is also making you a bi"
HCLTech,2025Q2,productivity pass,"ou said 35 clients have AI Force already. Would that be unexpected, for example, pricing, productivity pass off if it can do it then? C. Vijayakumar: I think we are be"
HCLTech,2025Q2,AI-led productivity," HCLTech July 14, 2025 you’re seeing from clients in terms of asking for lower pricing or AI-led productivity passthroughs which is out of turn, which is also making you"
HCLTech,2025Q3,deflation*,"now. So, our net new booking will be a very good correlation for growth. Now, the renewal deflation, I called out last quarter in 8 of the 9 deals, we got addi"
HCLTech,2025Q3,deflation*," 5 of them gave us additional business. Other 5 of them had specific SOWs, which saw some deflation. But what is comforting is these are large clients of us. O"
HCLTech,2025Q3,deflation*,"at is comforting is these are large clients of us. One segment of the work, there is some deflation. And there is a lot of book of business that we can consoli"
HCLTech,2025Q3,deflation*,"en around $2 billion for a couple of years. Now, compared to the past, where probably the deflation was not as much in renewal, should we look at slightly high"
HCLTech,2025Q3,AI-led productivity, consolidate with these large clients based on the proof points of proactively delivering AI-led productivity. I think that is a very good indicator for you to see how t
HCLTech,2025Q4,GCC,"k, specifically in the context of India- centric domestic opportunities distinct from the GCC model. I am pleased to share that Sandeep Kumar Saxena, a s"
HCLTech,2026Q1,deflation*,"bookings for the year clocked $9.3 billion, same as last year, in spite of some of the AI deflation that you see in the TCV net new booking. As we close the qu"
HCLTech,2026Q1,deflation*,"at I mentioned. We believe it would help us grow faster than the market. And the 3% to 5% deflation that I mentioned in the AI disrupted services, based on the"
HCLTech,2026Q1,deflation*,"ead. Abhishek Pathak: Yes, hi, thank you for the opportunity. My first question is on the deflation number that CVK referenced. So CVK, on the 3% to 5% deflati"
HCLTech,2026Q1,deflation*,"My first question is on the deflation number that CVK referenced. So CVK, on the 3% to 5% deflation estimate that we have, what is the risk that this number ki"
HCLTech,2026Q1,deflation*,e and where you feel like over-indexing a lot over the next 2 to 3 years so the impact of deflation kind of gets offset? And if I could just squeeze in one mor
HCLTech,2026Q1,deflation*,"ank you. C. Vijayakumar: Thank you, Abhishek. Let me answer one by one. Starting with the deflation number, 3% to 5% that I shared is mostly based on the indus"
HCLTech,2026Q1,deflation*,"and efficiency in the SDLC lifecycle. I think that piece could go through a little higher deflation based on the model outcomes. In rest of the areas, it is Ag"
HCLTech,2026Q1,deflation*,"t the lower end of our guidance. And I think, given it is a well-known fact that 2% to 3% deflation happens, I think barring this, getting to 2% to 5% is a rea"
HCLTech,2026Q1,deflation*,"ng into the first quarter? And also, on the deal TCV, you spoke about that there was some deflationary impact of AI as well in that. From at least near-term, shou"
HCLTech,2026Q1,deflation*," 21, 2026 Rushabh Jain: Hi, thanks for taking my question. CVK, you talked about 3% to 5% deflation, but that's kind of what we see anyway, even before AI. In "
HCLTech,2026Q1,deflation*,"e fourth year of poor demand? I mean, can we say that some of this is also due to AI, the deflation impact? C. Vijayakumar: No, I would say that very little ha"
HCLTech,2026Q1,productivity pass,"the near-term performance. In first quarter, we usually see a seasonality when there is a productivity pass-through which happens. Given there are a couple of account-"
HCLTech,2026Q1,AI-led productivity,"lected familiar patterns of cost-takeout initiatives coupled with accelerated adoption of AI-led productivity gains. Notably, AI momentum remained strong with nearly all"
HCLTech,2019Q1,deflation*,"so lower margin, so maybe a mix from there. If you could elaborate how much of the margin deflation built into the FY20 guidance comes from these parts? Page 1"
HCLTech,2021Q2,deflation*,ve gotten majorly disrupted due to the second wave lockdowns. So when you think about the deflationary environment we live in and growth becoming a commodity ever
HCLTech,2020Q2,discount," stabilized after some initial impact through ramp-downs, some volume reductions and some discounts that some customers asked for in some of the stressed secto"
HCLTech,2020Q2,discount,"truct are you approaching them with, are they requiring some kind of a reasonable pricing discount, any kind of upfront payments, etc., is that the approach w"
HCLTech,2019Q3,rate cut,"x rate, that instead of taking it at 35%, which is what we were doing till before the tax rate cut, for that period in the future we now take it at 25%. So, t"
HCLTech,2019Q4,rate cut,"e beginning of the year. And this number has come down from 24% to 22% because of the tax rate cut basically. Dipesh Mehta: Yes, earlier I think, Prateek, you"
