firm,family,n_base,base_mean,base_sd,threshold,first_onset,n_post_above,n_post,post_mean,quarters_above
Accenture,pricing,13,0.09,0.31,0.71,2024Q2,2,14,0.16,2024Q2;2025Q2
Accenture,productivity,13,0.0,0.0,0.0,none,0,14,0.0,
Accenture,demand,13,1.15,1.82,4.79,2023Q3,8,14,4.68,2023Q3;2023Q4;2024Q1;2024Q2;2024Q3;2025Q1;2025Q4;2026Q2
Accenture,gcc,13,0.52,1.1,2.73,none,0,14,0.24,
HCLTech,pricing,12,0.87,0.86,2.59,2023Q2,4,14,2.29,2023Q2;2025Q1;2025Q3;2026Q1
HCLTech,productivity,12,0.22,0.77,1.77,2024Q1,3,14,0.93,2024Q1;2025Q2;2026Q1
HCLTech,demand,12,1.83,1.4,4.63,2023Q1,11,14,9.35,2023Q1;2023Q2;2023Q3;2023Q4;2024Q1;2024Q2;2024Q3;2024Q4;2025Q1;2025Q2;2026Q1
HCLTech,gcc,12,0.4,1.1,2.59,2025Q1,1,14,1.13,2025Q1
Infosys,pricing,16,2.09,3.19,8.46,2026Q1,1,14,2.67,2026Q1
Infosys,productivity,16,0.0,0.0,0.0,2024Q4,5,14,1.3,2024Q4;2025Q2;2025Q4;2026Q1;2026Q2
Infosys,demand,16,4.4,3.8,12.0,2023Q3,5,14,9.26,2023Q3;2024Q1;2024Q3;2025Q2;2026Q1
Infosys,gcc,16,0.53,0.87,2.28,2023Q1,6,14,1.63,2023Q1;2023Q4;2025Q2;2025Q4;2026Q1;2026Q2
TCS,pricing,16,0.83,1.32,3.47,2025Q1,1,13,1.17,2025Q1
TCS,productivity,16,0.0,0.0,0.0,2025Q2,3,13,0.39,2025Q2;2026Q1;2026Q2
TCS,demand,16,2.4,2.69,7.79,2023Q4,3,13,5.74,2023Q4;2024Q3;2024Q4
TCS,gcc,16,0.55,1.34,3.24,2023Q2,1,13,0.72,2023Q2
TechM,pricing,16,0.14,0.39,0.93,2023Q2,4,14,0.81,2023Q2;2024Q3;2025Q3;2026Q1
TechM,productivity,16,0.0,0.0,0.0,2024Q4,3,14,0.4,2024Q4;2025Q4;2026Q1
TechM,demand,16,1.73,2.96,7.66,2024Q2,3,14,3.36,2024Q2;2024Q3;2025Q2
TechM,gcc,16,0.3,1.2,2.71,2025Q1,3,14,1.3,2025Q1;2025Q3;2026Q1
Wipro,pricing,16,1.12,2.25,5.63,none,0,14,0.46,
Wipro,productivity,16,0.0,0.0,0.0,2024Q3,2,14,0.17,2024Q3;2025Q1
Wipro,demand,16,4.75,3.11,10.97,2023Q1,5,14,10.34,2023Q1;2023Q4;2024Q2;2024Q4;2025Q2
Wipro,gcc,16,0.25,0.53,1.3,2024Q4,3,14,0.43,2024Q4;2025Q4;2026Q2
