cal_q,gR,series,freq,year
2015Q2,14.66943791508035,TCS,quarterly,
2015Q3,11.332868530700315,TCS,quarterly,
2015Q4,9.44006754214843,TCS,quarterly,
2016Q1,9.893994785490358,TCS,quarterly,
2016Q2,9.621885774054292,TCS,quarterly,
2016Q3,6.765864847381481,TCS,quarterly,
2016Q4,8.250122151174368,TCS,quarterly,
2017Q1,7.2320661579626115,TCS,quarterly,
2017Q2,6.109509935981087,TCS,quarterly,
2017Q3,6.859279146561172,TCS,quarterly,
2017Q4,6.015392281974709,TCS,quarterly,
2018Q1,6.952606264861025,TCS,quarterly,
2018Q2,8.892620919440152,TCS,quarterly,
2018Q3,10.88544049120821,TCS,quarterly,
2018Q4,11.422114409002289,TCS,quarterly,
2019Q1,11.955923505763923,TCS,quarterly,
2019Q2,10.074990310014304,TCS,quarterly,
2019Q3,8.065790301745448,TCS,quarterly,
2019Q4,6.57877405380031,TCS,quarterly,
2020Q1,2.95588022415444,TCS,quarterly,
2020Q2,-6.507199674371486,TCS,quarterly,
2020Q3,-3.2523191705560035,TCS,quarterly,
2020Q4,0.3992021269537453,TCS,quarterly,
2021Q1,5.732506661926941,TCS,quarterly,
2021Q2,15.186234930924606,TCS,quarterly,
2021Q3,14.410034397375687,TCS,quarterly,
2021Q4,14.32341680859078,TCS,quarterly,
2022Q1,13.36563848126736,TCS,quarterly,
2022Q2,14.410034397375687,TCS,quarterly,
2022Q3,14.32341680859078,TCS,quarterly,
2022Q4,12.663265093336602,TCS,quarterly,
2023Q1,10.165365372649983,TCS,quarterly,
2023Q2,6.765864847381481,TCS,quarterly,
2023Q3,2.761516703297336,TCS,quarterly,
2023Q4,1.68571170664229,TCS,quarterly,
2024Q1,2.1761491781512694,TCS,quarterly,
2024Q2,4.305948946044698,TCS,quarterly,
2024Q3,5.354076692802981,TCS,quarterly,
2024Q4,4.401688541677432,TCS,quarterly,
2025Q1,2.46926125903715,TCS,quarterly,
2025Q2,-3.149066709137082,TCS,quarterly,
2025Q3,-3.3556783528842726,TCS,quarterly,
2025Q4,-2.6343975339601955,TCS,quarterly,
2026Q1,-0.6018072325563016,TCS,quarterly,
2026Q2,3.149866705937099,TCS,quarterly,
2007Q2,32.135859881116474,Infosys,quarterly,
2007Q3,29.34156042995415,Infosys,quarterly,
2007Q4,25.77381960787088,Infosys,quarterly,
2008Q1,25.851069515150105,Infosys,quarterly,
2008Q2,20.04888607494036,Infosys,quarterly,
2008Q3,17.64711431157791,Infosys,quarterly,
2008Q4,13.62776182925478,Infosys,quarterly,
2009Q1,5.732506661926941,Infosys,quarterly,
2009Q2,2.5667746748577795,Infosys,quarterly,
2009Q3,-3.2523191705560035,Infosys,quarterly,
2009Q4,1.882175424058776,Infosys,quarterly,
2010Q1,11.154137473290742,Infosys,quarterly,
2010Q2,18.813794211539445,Infosys,quarterly,
2010Q3,26.313319953036824,Infosys,quarterly,
2010Q4,25.38667239570503,Infosys,quarterly,
2011Q1,20.13068567050353,Infosys,quarterly,
2011Q2,17.311261770864476,Infosys,quarterly,
2011Q3,13.190507087993858,Infosys,quarterly,
2011Q4,12.927233570413918,Infosys,quarterly,
2012Q1,9.984533496971611,Infosys,quarterly,
2012Q2,6.57877405380031,Infosys,quarterly,
2012Q3,4.114194333117518,Infosys,quarterly,
2012Q4,5.638033343610763,Infosys,quarterly,
2013Q1,9.44006754214843,Infosys,quarterly,
2013Q2,13.190507087993858,Infosys,quarterly,
2013Q3,14.928170271575445,Infosys,quarterly,
2013Q4,10.436001532424278,Infosys,quarterly,
2014Q1,8.434114843375088,Infosys,quarterly,
2014Q2,6.39133257436528,Infosys,quarterly,
2014Q3,6.109509935981087,Infosys,quarterly,
2014Q4,7.60346862759976,Infosys,quarterly,
2015Q1,7.510747248680541,Infosys,quarterly,
2015Q2,10.345870836822998,Infosys,quarterly,
2015Q3,13.278111123381848,Infosys,quarterly,
2015Q4,11.778303565638346,Infosys,quarterly,
2016Q1,13.976194237515868,Infosys,quarterly,
2016Q2,11.422114409002289,Infosys,quarterly,
2016Q3,8.525984395082343,Infosys,quarterly,
2016Q4,7.045846364856141,Infosys,quarterly,
2017Q1,5.164323315183845,Infosys,quarterly,
2017Q2,6.109509935981087,Infosys,quarterly,
2017Q3,4.497336564273115,Infosys,quarterly,
2017Q4,5.638033343610763,Infosys,quarterly,
2018Q1,6.203539091945264,Infosys,quarterly,
2018Q2,5.826890812397577,Infosys,quarterly,
2018Q3,7.788653865707122,Infosys,quarterly,
2018Q4,9.621885774054292,Infosys,quarterly,
2019Q1,11.064652008706364,Infosys,quarterly,
2019Q2,11.689375147149931,Infosys,quarterly,
2019Q3,10.795714150509228,Infosys,quarterly,
2019Q4,9.075436326846416,Infosys,quarterly,
2020Q1,6.203539091945264,Infosys,quarterly,
2020Q2,1.4888612493750657,Infosys,quarterly,
2020Q3,2.1761491781512694,Infosys,quarterly,
2020Q4,6.39133257436528,Infosys,quarterly,
2021Q1,9.16671885258238,Infosys,quarterly,
2021Q2,15.614868248993137,Infosys,quarterly,
2021Q3,17.73090149704103,Infosys,quarterly,
2021Q4,19.474407679251176,Infosys,quarterly,
2022Q1,18.73090983049937,Infosys,quarterly,
2022Q2,19.39206926373065,Infosys,quarterly,
2022Q3,17.22712209404532,Infosys,quarterly,
2022Q4,12.839321476839896,Infosys,quarterly,
2023Q1,8.434114843375088,Infosys,quarterly,
2023Q2,4.114194333117518,Infosys,quarterly,
2023Q3,2.46926125903715,Infosys,quarterly,
2023Q4,-1.0050335853501442,Infosys,quarterly,
2024Q1,0.0,Infosys,quarterly,
2024Q2,2.46926125903715,Infosys,quarterly,
2024Q3,3.2467190137501496,Infosys,quarterly,
2024Q4,5.921185963184608,Infosys,quarterly,
2025Q1,4.688358589885042,Infosys,quarterly,
2025Q2,3.72957847436969,Infosys,quarterly,
2025Q3,2.858745685191255,Infosys,quarterly,
2025Q4,1.68571170664229,Infosys,quarterly,
2026Q1,4.018178963283183,Infosys,quarterly,
2026Q2,2.3716526617316043,Infosys,quarterly,
2007Q4,27.5356422761144,HCLTech,quarterly,
2008Q1,24.294617861038947,HCLTech,quarterly,
2008Q2,21.752781252857407,HCLTech,quarterly,
2008Q3,17.22712209404532,HCLTech,quarterly,
2008Q4,20.21241840901343,HCLTech,quarterly,
2009Q1,24.294617861038947,HCLTech,quarterly,
2009Q2,25.15366258154277,HCLTech,quarterly,
2009Q3,25.54171118645055,HCLTech,quarterly,
2009Q4,20.53868297249507,HCLTech,quarterly,
2010Q1,15.01426584297195,HCLTech,quarterly,
2010Q2,19.55667835439753,HCLTech,quarterly,
2010Q3,25.07587183471831,HCLTech,quarterly,
2010Q4,28.818194749343196,HCLTech,quarterly,
2011Q1,26.926348692776287,HCLTech,quarterly,
2011Q2,22.07406666978994,HCLTech,quarterly,
2011Q3,19.803085049913445,HCLTech,quarterly,
2011Q4,17.1429115627531,HCLTech,quarterly,
2012Q1,14.32341680859078,HCLTech,quarterly,
2013Q3,13.976194237515868,HCLTech,quarterly,
2013Q4,14.06311297397456,HCLTech,quarterly,
2014Q1,13.714983814723364,HCLTech,quarterly,
2014Q2,12.31021971339834,HCLTech,quarterly,
2014Q3,11.955923505763923,HCLTech,quarterly,
2014Q4,15.01426584297195,HCLTech,quarterly,
2015Q1,14.32341680859078,HCLTech,quarterly,
2015Q2,14.842000511827328,HCLTech,quarterly,
2015Q3,12.663265093336602,HCLTech,quarterly,
2015Q4,8.892620919440152,HCLTech,quarterly,
2016Q1,7.788653865707122,HCLTech,quarterly,
2016Q2,10.616019582839062,HCLTech,quarterly,
2016Q3,12.044615307586716,HCLTech,quarterly,
2016Q4,12.927233570413918,HCLTech,quarterly,
2017Q1,14.928170271575445,HCLTech,quarterly,
2017Q2,11.511280710050457,HCLTech,quarterly,
2017Q3,10.074990310014304,HCLTech,quarterly,
2017Q4,10.616019582839062,HCLTech,quarterly,
2018Q1,7.881118042428977,HCLTech,quarterly,
2018Q2,8.157998699242288,HCLTech,quarterly,
2018Q3,9.984533496971611,HCLTech,quarterly,
2018Q4,12.22176327242492,HCLTech,quarterly,
2019Q1,14.236724128692195,HCLTech,quarterly,
2019Q2,15.700374880966477,HCLTech,quarterly,
2019Q3,18.64795669426183,HCLTech,quarterly,
2019Q4,15.186234930924606,HCLTech,quarterly,
2020Q1,12.663265093336602,HCLTech,quarterly,
2020Q2,0.9950330853168085,HCLTech,quarterly,
2020Q3,-0.4008021397538818,HCLTech,quarterly,
2020Q4,1.0939940038334366,HCLTech,quarterly,
2021Q1,2.5667746748577795,HCLTech,quarterly,
2021Q2,11.064652008706364,HCLTech,quarterly,
2021Q3,9.984533496971611,HCLTech,quarterly,
2021Q4,13.976194237515868,HCLTech,quarterly,
2022Q1,12.486898204586929,HCLTech,quarterly,
2022Q2,14.496577025018572,HCLTech,quarterly,
2022Q3,14.66943791508035,HCLTech,quarterly,
2022Q4,12.31021971339834,HCLTech,quarterly,
2023Q1,9.984533496971611,HCLTech,quarterly,
2023Q2,6.109509935981087,HCLTech,quarterly,
2023Q3,3.343477608623739,HCLTech,quarterly,
2023Q4,4.210117601863539,HCLTech,quarterly,
2024Q1,5.826890812397577,HCLTech,quarterly,
2024Q2,5.448818528406973,HCLTech,quarterly,
2024Q3,6.015392281974709,HCLTech,quarterly,
2024Q4,4.018178963283183,HCLTech,quarterly,
2025Q1,2.858745685191255,HCLTech,quarterly,
2025Q2,3.633192924739028,HCLTech,quarterly,
2025Q3,4.497336564273115,HCLTech,quarterly,
2025Q4,4.688358589885042,HCLTech,quarterly,
2026Q1,2.3716526617316043,HCLTech,quarterly,
2026Q2,2.5667746748577795,HCLTech,quarterly,
2014Q2,7.788653865707122,Wipro,quarterly,
2014Q3,7.973496801885356,Wipro,quarterly,
2014Q4,9.25791812930932,Wipro,quarterly,
2015Q1,8.065790301745448,Wipro,quarterly,
2015Q2,7.788653865707122,Wipro,quarterly,
2015Q3,8.065790301745448,Wipro,quarterly,
2015Q4,6.109509935981087,Wipro,quarterly,
2016Q1,7.510747248680541,Wipro,quarterly,
2016Q2,9.075436326846416,Wipro,quarterly,
2016Q3,6.952606264861025,Wipro,quarterly,
2016Q4,6.015392281974709,Wipro,quarterly,
2017Q1,5.069311431551812,Wipro,quarterly,
2017Q2,3.343477608623739,Wipro,quarterly,
2017Q3,2.761516703297336,Wipro,quarterly,
2017Q4,2.95588022415444,Wipro,quarterly,
2018Q1,2.46926125903715,Wipro,quarterly,
2018Q2,2.3716526617316043,Wipro,quarterly,
2018Q3,4.974209189481408,Wipro,quarterly,
2018Q4,6.765864847381481,Wipro,quarterly,
2019Q1,6.672363204290818,Wipro,quarterly,
2019Q2,5.732506661926941,Wipro,quarterly,
2019Q3,3.72957847436969,Wipro,quarterly,
2019Q4,3.2467190137501496,Wipro,quarterly,
2020Q1,2.5667746748577795,Wipro,quarterly,
2020Q2,-4.499736593073577,Wipro,quarterly,
2020Q3,-3.4591444769619053,Wipro,quarterly,
2020Q4,-2.020270731751945,Wipro,quarterly,
2021Q1,0.4987541511039073,Wipro,quarterly,
2021Q2,19.309662996191307,Wipro,quarterly,
2021Q3,25.30906276821619,Wipro,quarterly,
2021Q4,25.07587183471831,Wipro,quarterly,
2022Q1,25.07587183471831,Wipro,quarterly,
2022Q2,15.871169115482086,Wipro,quarterly,
2022Q3,12.133228516752496,Wipro,quarterly,
2022Q4,9.893994785490358,Wipro,quarterly,
2023Q1,6.297479916138844,Wipro,quarterly,
2023Q2,1.0939940038334366,Wipro,quarterly,
2023Q3,-4.919024419077174,Wipro,quarterly,
2023Q4,-7.149600170506999,Wipro,quarterly,
2024Q1,-6.827884075329443,Wipro,quarterly,
2024Q2,-5.0241216436746745,Wipro,quarterly,
2024Q3,-2.326862693935431,Wipro,quarterly,
2024Q4,-0.702461493696446,Wipro,quarterly,
2025Q1,-1.2072581234269235,Wipro,quarterly,
2025Q2,-2.326862693935431,Wipro,quarterly,
2025Q3,-2.6343975339601955,Wipro,quarterly,
2025Q4,-1.2072581234269235,Wipro,quarterly,
2026Q1,-0.2002002670673077,Wipro,quarterly,
2026Q2,0.8959741371471905,Wipro,quarterly,
2016Q3,7.2320661579626115,Tech Mahindra,quarterly,
2016Q4,11.332868530700315,Tech Mahindra,quarterly,
2017Q1,11.422114409002289,Tech Mahindra,quarterly,
2019Q2,3.633192924739028,Tech Mahindra,quarterly,
2019Q3,7.045846364856141,Tech Mahindra,quarterly,
2020Q2,-1.8163970627671169,Tech Mahindra,quarterly,
2020Q3,-3.045920748470855,Tech Mahindra,quarterly,
2020Q4,-4.709160753385053,Tech Mahindra,quarterly,
2021Q1,-0.5012541823544282,Tech Mahindra,quarterly,
2021Q2,10.255658832509209,Tech Mahindra,quarterly,
2021Q3,14.410034397375687,Tech Mahindra,quarterly,
2021Q4,16.126814759612227,Tech Mahindra,quarterly,
2022Q1,20.375683751401965,Tech Mahindra,quarterly,
2022Q2,19.22718876471227,Tech Mahindra,quarterly,
2022Q3,15.529288440603532,Tech Mahindra,quarterly,
2022Q4,11.955923505763923,Tech Mahindra,quarterly,
2023Q1,6.109509935981087,Tech Mahindra,quarterly,
2023Q2,-0.9040744652149064,Tech Mahindra,quarterly,
2023Q3,-6.081213939675742,Tech Mahindra,quarterly,
2023Q4,-5.551270993025878,Tech Mahindra,quarterly,
2024Q1,-6.6139802504545,Tech Mahindra,quarterly,
2024Q2,-1.2072581234269235,Tech Mahindra,quarterly,
2024Q3,1.1928570865273802,Tech Mahindra,quarterly,
2024Q4,1.291622526654633,Tech Mahindra,quarterly,
2025Q1,0.2995508979798479,Tech Mahindra,quarterly,
2025Q2,-1.0050335853501442,Tech Mahindra,quarterly,
2025Q3,-0.3004509020298722,Tech Mahindra,quarterly,
2025Q4,1.291622526654633,Tech Mahindra,quarterly,
2026Q1,2.3716526617316043,Tech Mahindra,quarterly,
2026Q2,6.39133257436528,Tech Mahindra,quarterly,
2022Q4,15.10028735365274,LTIMindtree,quarterly,
2023Q1,12.663265093336602,LTIMindtree,quarterly,
2023Q2,7.881118042428977,LTIMindtree,quarterly,
2023Q3,4.305948946044698,LTIMindtree,quarterly,
2023Q4,3.0529205034822873,LTIMindtree,quarterly,
2024Q1,1.1928570865273802,LTIMindtree,quarterly,
2024Q2,3.633192924739028,LTIMindtree,quarterly,
2024Q3,4.305948946044698,LTIMindtree,quarterly,
2024Q4,5.448818528406973,LTIMindtree,quarterly,
2025Q1,6.109509935981087,LTIMindtree,quarterly,
2025Q2,4.305948946044698,LTIMindtree,quarterly,
2025Q3,4.305948946044698,LTIMindtree,quarterly,
2025Q4,5.069311431551812,LTIMindtree,quarterly,
2026Q1,6.765864847381481,LTIMindtree,quarterly,
2026Q2,6.203539091945264,LTIMindtree,quarterly,
2016Q2,11.422114409002289,LTI (pre-merger),quarterly,
2016Q3,6.952606264861025,LTI (pre-merger),quarterly,
2016Q4,9.803374027136542,LTI (pre-merger),quarterly,
2017Q1,9.712671073072274,LTI (pre-merger),quarterly,
2017Q2,11.154137473290742,LTI (pre-merger),quarterly,
2017Q3,11.064652008706364,LTI (pre-merger),quarterly,
2017Q4,15.186234930924606,LTI (pre-merger),quarterly,
2018Q1,17.1429115627531,LTI (pre-merger),quarterly,
2018Q2,20.620083058389778,LTI (pre-merger),quarterly,
2018Q3,20.620083058389778,LTI (pre-merger),quarterly,
2018Q4,18.73090983049937,LTI (pre-merger),quarterly,
2019Q1,16.126814759612227,LTI (pre-merger),quarterly,
2019Q2,12.133228516752496,LTI (pre-merger),quarterly,
2019Q3,11.24354293297882,LTI (pre-merger),quarterly,
2019Q4,13.278111123381848,LTI (pre-merger),quarterly,
2020Q1,16.041672140590467,LTI (pre-merger),quarterly,
2020Q2,10.074990310014304,LTI (pre-merger),quarterly,
2020Q3,9.984533496971611,LTI (pre-merger),quarterly,
2020Q4,7.138999608667296,LTI (pre-merger),quarterly,
2021Q1,6.859279146561172,LTI (pre-merger),quarterly,
2021Q2,16.381808522939497,LTI (pre-merger),quarterly,
2021Q3,22.713557258374724,LTI (pre-merger),quarterly,
2021Q4,26.313319953036824,LTI (pre-merger),quarterly,
2022Q1,25.464221837358075,LTI (pre-merger),quarterly,
2022Q2,23.586232372198445,LTI (pre-merger),quarterly,
2015Q2,12.486898204586929,Mindtree (pre-merger),quarterly,
2007Q2,32.135859881116474,Indian average (simple),quarterly,
2007Q3,29.34156042995415,Indian average (simple),quarterly,
2007Q4,26.65473094199264,Indian average (simple),quarterly,
2008Q1,25.072843688094526,Indian average (simple),quarterly,
2008Q2,20.900833663898883,Indian average (simple),quarterly,
2008Q3,17.437118202811615,Indian average (simple),quarterly,
2008Q4,16.920090119134105,Indian average (simple),quarterly,
2009Q1,15.013562261482944,Indian average (simple),quarterly,
2009Q2,13.860218628200274,Indian average (simple),quarterly,
2009Q3,11.144696007947273,Indian average (simple),quarterly,
2009Q4,11.210429198276923,Indian average (simple),quarterly,
2010Q1,13.084201658131345,Indian average (simple),quarterly,
2010Q2,19.18523628296849,Indian average (simple),quarterly,
2010Q3,25.69459589387757,Indian average (simple),quarterly,
2010Q4,27.102433572524113,Indian average (simple),quarterly,
2011Q1,23.52851718163991,Indian average (simple),quarterly,
2011Q2,19.69266422032721,Indian average (simple),quarterly,
2011Q3,16.49679606895365,Indian average (simple),quarterly,
2011Q4,15.035072566583509,Indian average (simple),quarterly,
2012Q1,12.153975152781197,Indian average (simple),quarterly,
2012Q2,6.57877405380031,Indian average (simple),quarterly,
2012Q3,4.114194333117518,Indian average (simple),quarterly,
2012Q4,5.638033343610763,Indian average (simple),quarterly,
2013Q1,9.44006754214843,Indian average (simple),quarterly,
2013Q2,13.190507087993858,Indian average (simple),quarterly,
2013Q3,14.452182254545656,Indian average (simple),quarterly,
2013Q4,12.24955725319942,Indian average (simple),quarterly,
2014Q1,11.074549329049226,Indian average (simple),quarterly,
2014Q2,8.83006871782358,Indian average (simple),quarterly,
2014Q3,8.679643414543456,Indian average (simple),quarterly,
2014Q4,10.625217533293677,Indian average (simple),quarterly,
2015Q1,9.966651453005591,Indian average (simple),quarterly,
2015Q2,12.026572266804944,Indian average (simple),quarterly,
2015Q3,11.335008762291054,Indian average (simple),quarterly,
2015Q4,9.055125490802004,Indian average (simple),quarterly,
2016Q1,9.79239753434847,Indian average (simple),quarterly,
2016Q2,10.431514100348869,Indian average (simple),quarterly,
2016Q3,8.0789572062892,Indian average (simple),quarterly,
2016Q4,9.229139487709332,Indian average (simple),quarterly,
2017Q1,8.921442776391379,Indian average (simple),quarterly,
2017Q2,7.645583132785423,Indian average (simple),quarterly,
2017Q3,7.05155494657046,Indian average (simple),quarterly,
2017Q4,8.082312072700716,Indian average (simple),quarterly,
2018Q1,8.129887244205102,Indian average (simple),quarterly,
2018Q2,9.173849230240279,Indian average (simple),quarterly,
2018Q3,10.850584020351624,Indian average (simple),quarterly,
2018Q4,11.752507626672472,Indian average (simple),quarterly,
2019Q1,12.011295521413107,Indian average (simple),quarterly,
2019Q2,9.827278073591529,Indian average (simple),quarterly,
2019Q3,9.92140481978686,Indian average (simple),quarterly,
2019Q4,9.473055089740665,Indian average (simple),quarterly,
2020Q1,8.08622624497691,Indian average (simple),quarterly,
2020Q2,-0.044074780917667145,Indian average (simple),quarterly,
2020Q3,0.33374935656337273,Indian average (simple),quarterly,
2020Q4,1.382349471447127,Indian average (simple),quarterly,
2021Q1,4.053796550779625,Indian average (simple),quarterly,
2021Q2,14.635480923377353,Indian average (simple),quarterly,
2021Q3,17.426353969225822,Indian average (simple),quarterly,
2021Q4,19.215004212120864,Indian average (simple),quarterly,
2022Q1,19.24987065663867,Indian average (simple),quarterly,
2022Q2,17.830545156419618,Indian average (simple),quarterly,
2022Q3,14.776498755014496,Indian average (simple),quarterly,
2022Q4,12.46050198808031,Indian average (simple),quarterly,
2023Q1,8.942378109742203,Indian average (simple),quarterly,
2023Q2,4.1767677829212655,Indian average (simple),quarterly,
2023Q3,0.3133276930416676,Indian average (simple),quarterly,
2023Q4,-0.7928591561491509,Indian average (simple),quarterly,
2024Q1,-0.7076612081179529,Indian average (simple),quarterly,
2024Q2,1.604306981854375,Indian average (simple),quarterly,
2024Q3,2.9646885545274144,Indian average (simple),quarterly,
2024Q4,3.3965055049183968,Indian average (simple),quarterly,
2025Q1,2.53636137410791,Indian average (simple),quarterly,
2025Q2,0.8646262261217929,Indian average (simple),quarterly,
2025Q3,0.8952507344391213,Indian average (simple),quarterly,
2025Q4,1.4822247662244432,Indian average (simple),quarterly,
2026Q1,2.4542236057507103,Indian average (simple),quarterly,
2026Q2,3.5965233076640364,Indian average (simple),quarterly,
2007Q2,32.135859881116474,Indian average (revenue-weighted),quarterly,
2007Q3,29.34156042995415,Indian average (revenue-weighted),quarterly,
2007Q4,26.293808754834746,Indian average (revenue-weighted),quarterly,
2008Q1,25.39215894717352,Indian average (revenue-weighted),quarterly,
2008Q2,20.56487823451118,Indian average (revenue-weighted),quarterly,
2008Q3,17.524582945882717,Indian average (revenue-weighted),quarterly,
2008Q4,15.617285599181857,Indian average (revenue-weighted),quarterly,
2009Q1,11.948512097300629,Indian average (revenue-weighted),quarterly,
2009Q2,10.498048290945638,Indian average (revenue-weighted),quarterly,
2009Q3,6.917020287966405,Indian average (revenue-weighted),quarterly,
2009Q4,8.33673080406405,Indian average (revenue-weighted),quarterly,
2010Q1,12.489166727735302,Indian average (revenue-weighted),quarterly,
2010Q2,19.075271279573478,Indian average (revenue-weighted),quarterly,
2010Q3,25.880821128137086,Indian average (revenue-weighted),quarterly,
2010Q4,26.59739407541543,Indian average (revenue-weighted),quarterly,
2011Q1,22.600240144522385,Indian average (revenue-weighted),quarterly,
2011Q2,19.052445884602783,Indian average (revenue-weighted),quarterly,
2011Q3,15.601949353271424,Indian average (revenue-weighted),quarterly,
2011Q4,14.450625960658058,Indian average (revenue-weighted),quarterly,
2012Q1,11.597473233126044,Indian average (revenue-weighted),quarterly,
2012Q2,6.57877405380031,Indian average (revenue-weighted),quarterly,
2012Q3,4.114194333117518,Indian average (revenue-weighted),quarterly,
2012Q4,5.638033343610763,Indian average (revenue-weighted),quarterly,
2013Q1,9.44006754214843,Indian average (revenue-weighted),quarterly,
2013Q2,13.190507087993858,Indian average (revenue-weighted),quarterly,
2013Q3,14.565704319453069,Indian average (revenue-weighted),quarterly,
2013Q4,11.836785546606134,Indian average (revenue-weighted),quarterly,
2014Q1,10.515754726324028,Indian average (revenue-weighted),quarterly,
2014Q2,8.42896459404269,Indian average (revenue-weighted),quarterly,
2014Q3,8.270606233656467,Indian average (revenue-weighted),quarterly,
2014Q4,10.150326504138803,Indian average (revenue-weighted),quarterly,
2015Q1,9.564436016510536,Indian average (revenue-weighted),quarterly,
2015Q2,12.40206128265349,Indian average (revenue-weighted),quarterly,
2015Q3,11.405704890083609,Indian average (revenue-weighted),quarterly,
2015Q4,9.304296972996866,Indian average (revenue-weighted),quarterly,
2016Q1,10.107208403824155,Indian average (revenue-weighted),quarterly,
2016Q2,10.13927183655988,Indian average (revenue-weighted),quarterly,
2016Q3,7.987185969840636,Indian average (revenue-weighted),quarterly,
2016Q4,8.640163363492082,Indian average (revenue-weighted),quarterly,
2017Q1,8.037875064669318,Indian average (revenue-weighted),quarterly,
2017Q2,6.651770338891243,Indian average (revenue-weighted),quarterly,
2017Q3,6.242459895717232,Indian average (revenue-weighted),quarterly,
2017Q4,6.418863620789784,Indian average (revenue-weighted),quarterly,
2018Q1,6.449246827686369,Indian average (revenue-weighted),quarterly,
2018Q2,7.307865275015006,Indian average (revenue-weighted),quarterly,
2018Q3,9.325131058895524,Indian average (revenue-weighted),quarterly,
2018Q4,10.595233779017299,Indian average (revenue-weighted),quarterly,
2019Q1,11.422468791640968,Indian average (revenue-weighted),quarterly,
2019Q2,10.225271174137822,Indian average (revenue-weighted),quarterly,
2019Q3,9.810954640130932,Indian average (revenue-weighted),quarterly,
2019Q4,8.429290688872188,Indian average (revenue-weighted),quarterly,
2020Q1,5.855533859568698,Indian average (revenue-weighted),quarterly,
2020Q2,-2.3362548890520243,Indian average (revenue-weighted),quarterly,
2020Q3,-1.217408432650231,Indian average (revenue-weighted),quarterly,
2020Q4,1.2989873161517174,Indian average (revenue-weighted),quarterly,
2021Q1,4.797295716431921,Indian average (revenue-weighted),quarterly,
2021Q2,14.838103883734226,Indian average (revenue-weighted),quarterly,
2021Q3,16.291617883851128,Indian average (revenue-weighted),quarterly,
2021Q4,17.496813179575177,Indian average (revenue-weighted),quarterly,
2022Q1,17.095451612924144,Indian average (revenue-weighted),quarterly,
2022Q2,16.47151292617407,Indian average (revenue-weighted),quarterly,
2022Q3,14.855719967185099,Indian average (revenue-weighted),quarterly,
2022Q4,12.333376100020494,Indian average (revenue-weighted),quarterly,
2023Q1,9.01811031552923,Indian average (revenue-weighted),quarterly,
2023Q2,4.7542749634559875,Indian average (revenue-weighted),quarterly,
2023Q3,1.1791820405940614,Indian average (revenue-weighted),quarterly,
2023Q4,-0.11847609077336567,Indian average (revenue-weighted),quarterly,
2024Q1,0.4313789642524757,Indian average (revenue-weighted),quarterly,
2024Q2,2.453693783409358,Indian average (revenue-weighted),quarterly,
2024Q3,3.6584928672126282,Indian average (revenue-weighted),quarterly,
2024Q4,3.888623228893359,Indian average (revenue-weighted),quarterly,
2025Q1,2.6156386207495856,Indian average (revenue-weighted),quarterly,
2025Q2,0.2504010164703747,Indian average (revenue-weighted),quarterly,
2025Q3,0.16654005482362721,Indian average (revenue-weighted),quarterly,
2025Q4,0.531619402015506,Indian average (revenue-weighted),quarterly,
2026Q1,1.6478446050267044,Indian average (revenue-weighted),quarterly,
2026Q2,3.019107055021314,Indian average (revenue-weighted),quarterly,
2007Q1,9.531017980432486,Accenture,quarterly,
2007Q2,8.617769624105232,Accenture,quarterly,
2007Q3,20.70141693843261,Accenture,quarterly,
2007Q4,11.332868530700315,Accenture,quarterly,
2008Q1,10.436001532424278,Accenture,quarterly,
2008Q2,11.332868530700315,Accenture,quarterly,
2008Q3,9.531017980432486,Accenture,quarterly,
2008Q4,8.617769624105232,Accenture,quarterly,
2009Q1,2.95588022415444,Accenture,quarterly,
2009Q2,-4.082199452025513,Accenture,quarterly,
2009Q3,-7.257069283483545,Accenture,quarterly,
2009Q4,-12.783337150988489,Accenture,quarterly,
2010Q1,-8.338160893905105,Accenture,quarterly,
2010Q2,3.9220713153281297,Accenture,quarterly,
2010Q3,7.696104113612832,Accenture,quarterly,
2010Q4,13.102826240640413,Accenture,quarterly,
2011Q1,16.551443847757337,Accenture,quarterly,
2011Q2,13.976194237515868,Accenture,quarterly,
2011Q3,13.102826240640413,Accenture,quarterly,
2011Q4,13.102826240640413,Accenture,quarterly,
2012Q1,12.22176327242492,Accenture,quarterly,
2014Q4,9.531017980432486,Accenture,quarterly,
2015Q1,11.332868530700315,Accenture,quarterly,
2015Q2,9.531017980432486,Accenture,quarterly,
2015Q3,11.332868530700315,Accenture,quarterly,
2015Q4,9.531017980432486,Accenture,quarterly,
2016Q1,11.332868530700315,Accenture,quarterly,
2016Q2,9.531017980432486,Accenture,quarterly,
2016Q3,8.617769624105232,Accenture,quarterly,
2016Q4,6.765864847381481,Accenture,quarterly,
2017Q1,5.826890812397577,Accenture,quarterly,
2017Q2,6.765864847381481,Accenture,quarterly,
2017Q3,7.696104113612832,Accenture,quarterly,
2017Q4,9.531017980432486,Accenture,quarterly,
2018Q1,9.531017980432486,Accenture,quarterly,
2018Q2,10.436001532424278,Accenture,quarterly,
2018Q3,10.436001532424278,Accenture,quarterly,
2018Q4,9.075436326846416,Accenture,quarterly,
2019Q1,8.617769624105232,Accenture,quarterly,
2019Q2,7.696104113612832,Accenture,quarterly,
2019Q3,6.952606264861025,Accenture,quarterly,
2019Q4,8.617769624105232,Accenture,quarterly,
2020Q1,7.696104113612832,Accenture,quarterly,
2020Q2,0.9950330853168085,Accenture,quarterly,
2020Q3,-1.0050335853501442,Accenture,quarterly,
2020Q4,1.9802627296179711,Accenture,quarterly,
2021Q1,4.879016416943201,Accenture,quarterly,
2021Q2,14.842000511827328,Accenture,quarterly,
2021Q3,19.06203596086497,Accenture,quarterly,
2021Q4,23.901690047049993,Accenture,quarterly,
2022Q1,24.68600779315258,Accenture,quarterly,
2022Q2,23.901690047049993,Accenture,quarterly,
2022Q3,19.88508587451652,Accenture,quarterly,
2022Q4,13.976194237515868,Accenture,quarterly,
2023Q1,8.617769624105232,Accenture,quarterly,
2023Q2,4.879016416943201,Accenture,quarterly,
2023Q3,3.9220713153281297,Accenture,quarterly,
2023Q4,0.9950330853168085,Accenture,quarterly,
2024Q1,0.0,Accenture,quarterly,
2024Q2,0.9950330853168085,Accenture,quarterly,
2024Q3,4.879016416943201,Accenture,quarterly,
2024Q4,7.696104113612832,Accenture,quarterly,
2025Q1,8.157998699242288,Accenture,quarterly,
2025Q2,6.765864847381481,Accenture,quarterly,
2025Q3,4.401688541677432,Accenture,quarterly,
2025Q4,4.879016416943201,Accenture,quarterly,
2026Q1,3.9220713153281297,Accenture,quarterly,
2026Q2,2.95588022415444,Accenture,quarterly,
2017Q1,11.154137473290742,Cognizant,quarterly,
2017Q2,9.44006754214843,Cognizant,quarterly,
2017Q3,8.157998699242288,Cognizant,quarterly,
2017Q4,8.984070399978947,Cognizant,quarterly,
2018Q1,7.881118042428977,Cognizant,quarterly,
2018Q2,7.881118042428977,Cognizant,quarterly,
2018Q3,8.617769624105232,Cognizant,quarterly,
2018Q4,8.434114843375088,Cognizant,quarterly,
2019Q1,6.57877405380031,Cognizant,quarterly,
2019Q2,4.59289318883998,Cognizant,quarterly,
2019Q3,4.974209189481408,Cognizant,quarterly,
2019Q4,4.114194333117518,Cognizant,quarterly,
2020Q1,3.44014267173324,Cognizant,quarterly,
2020Q2,-2.5317807984289877,Cognizant,quarterly,
2020Q3,-0.702461493696446,Cognizant,quarterly,
2020Q4,-3.045920748470855,Cognizant,quarterly,
2021Q1,2.3716526617316043,Cognizant,quarterly,
2021Q2,11.332868530700315,Cognizant,quarterly,
2021Q3,10.436001532424278,Cognizant,quarterly,
2021Q4,13.540463700620297,Cognizant,quarterly,
2022Q1,10.345870836822998,Cognizant,quarterly,
2022Q2,9.075436326846416,Cognizant,quarterly,
2022Q3,5.448818528406973,Cognizant,quarterly,
2022Q4,4.018178963283183,Cognizant,quarterly,
2023Q1,1.4888612493750657,Cognizant,quarterly,
2023Q2,-0.1000500333583533,Cognizant,quarterly,
2023Q3,-0.2002002670673077,Cognizant,quarterly,
2023Q4,-2.4292692569044565,Cognizant,quarterly,
2024Q1,-1.2072581234269235,Cognizant,quarterly,
2024Q2,-0.5012541823544282,Cognizant,quarterly,
2024Q3,2.664193094642118,Cognizant,quarterly,
2024Q4,6.485097231961631,Cognizant,quarterly,
2025Q1,7.881118042428977,Cognizant,quarterly,
2025Q2,6.952606264861025,Cognizant,quarterly,
2025Q3,6.297479916138844,Cognizant,quarterly,
2025Q4,3.72957847436969,Cognizant,quarterly,
2026Q1,3.8258712117090337,Cognizant,quarterly,
2026Q2,4.018178963283183,Cognizant,quarterly,
,8.632966889525123,TCS,annual,2016.0
,6.554061880619895,TCS,annual,2017.0
,9.53819552112792,TCS,annual,2018.0
,9.168869542830997,TCS,annual,2019.0
,-1.601109123454826,TCS,annual,2020.0
,12.413048199704503,TCS,annual,2021.0
,13.690588695142608,TCS,annual,2022.0
,5.344614657492773,TCS,annual,2023.0
,4.059465839669095,TCS,annual,2024.0
,-1.6674703342361,TCS,annual,2025.0
,19.29370793273079,Infosys,annual,2008.0
,1.7322843975718731,Infosys,annual,2009.0
,20.416981008393012,Infosys,annual,2010.0
,15.889922024943946,Infosys,annual,2011.0
,6.57888380687505,Infosys,annual,2012.0
,11.998686608535502,Infosys,annual,2013.0
,7.134606495330304,Infosys,annual,2014.0
,10.728258193630934,Infosys,annual,2015.0
,10.24253485161416,Infosys,annual,2016.0
,5.352300789762202,Infosys,annual,2017.0
,7.360242386026064,Infosys,annual,2018.0
,10.656294408302985,Infosys,annual,2019.0
,4.06497052345922,Infosys,annual,2020.0
,15.496724069466932,Infosys,annual,2021.0
,17.047355666278808,Infosys,annual,2022.0
,3.5031342125449028,Infosys,annual,2023.0
,2.909291558992977,Infosys,annual,2024.0
,3.240598614022069,Infosys,annual,2025.0
,20.871734904238778,HCLTech,annual,2008.0
,23.882168650381832,HCLTech,annual,2009.0
,22.116252695357744,HCLTech,annual,2010.0
,21.486602993808194,HCLTech,annual,2011.0
,13.248848219214395,HCLTech,annual,2014.0
,12.680325833298713,HCLTech,annual,2015.0
,10.844130581636705,HCLTech,annual,2016.0
,11.782615218619817,HCLTech,annual,2017.0
,9.561353377766949,HCLTech,annual,2018.0
,15.942822658711277,HCLTech,annual,2019.0
,3.5878725106832414,HCLTech,annual,2020.0
,9.398038604512905,HCLTech,annual,2021.0
,13.490783214521048,HCLTech,annual,2022.0
,5.911909660859994,HCLTech,annual,2023.0
,5.327320146515611,HCLTech,annual,2024.0
,3.91940844102211,HCLTech,annual,2025.0
,7.507436101294776,Wipro,annual,2015.0
,7.388545530590673,Wipro,annual,2016.0
,3.5325464919068312,Wipro,annual,2017.0
,4.1452469894079105,Wipro,annual,2018.0
,4.845291838584399,Wipro,annual,2019.0
,-1.853094281732412,Wipro,annual,2020.0
,17.548337937557427,Wipro,annual,2021.0
,15.743566063110812,Wipro,annual,2022.0
,-1.169287667402973,Wipro,annual,2023.0
,-3.7203324766589994,Wipro,annual,2024.0
,-1.8439441186873684,Wipro,annual,2025.0
,10.072813451785674,Tech Mahindra,annual,2021.0
,16.772021115620422,Tech Mahindra,annual,2022.0
,-1.6067623654838596,Tech Mahindra,annual,2023.0
,-1.3341896901748527,Tech Mahindra,annual,2024.0
,0.07142223431361616,Tech Mahindra,annual,2025.0
,6.975813146323141,LTIMindtree,annual,2023.0
,3.6452043714295197,LTIMindtree,annual,2024.0
,4.947679814905573,LTIMindtree,annual,2025.0
,11.779423871498498,LTI (pre-merger),annual,2017.0
,19.278496877508008,LTI (pre-merger),annual,2018.0
,13.195424333181347,LTI (pre-merger),annual,2019.0
,10.810048889060921,LTI (pre-merger),annual,2020.0
,18.066991220228054,LTI (pre-merger),annual,2021.0
,20.082721418484784,Indian average (simple),annual,2008.0
,12.807226523976853,Indian average (simple),annual,2009.0
,21.266616851875376,Indian average (simple),annual,2010.0
,18.68826250937607,Indian average (simple),annual,2011.0
,6.57888380687505,Indian average (simple),annual,2012.0
,11.998686608535502,Indian average (simple),annual,2013.0
,10.191727357272349,Indian average (simple),annual,2014.0
,10.305340042741474,Indian average (simple),annual,2015.0
,9.277044463341666,Indian average (simple),annual,2016.0
,7.800189650481448,Indian average (simple),annual,2017.0
,9.97670703036737,Indian average (simple),annual,2018.0
,10.761740556322202,Indian average (simple),annual,2019.0
,3.001737703603229,Indian average (simple),annual,2020.0
,13.832658913875918,Indian average (simple),annual,2021.0
,15.34886295093474,Indian average (simple),annual,2022.0
,3.1599036073889963,Indian average (simple),annual,2023.0
,1.814459958295558,Indian average (simple),annual,2024.0
,1.4446157752233166,Indian average (simple),annual,2025.0
,19.763749964042496,Indian average (revenue-weighted),annual,2008.0
,9.405181441772136,Indian average (revenue-weighted),annual,2009.0
,21.012054374007285,Indian average (revenue-weighted),annual,2010.0
,17.92557678651798,Indian average (revenue-weighted),annual,2011.0
,6.57888380687505,Indian average (revenue-weighted),annual,2012.0
,11.998686608535502,Indian average (revenue-weighted),annual,2013.0
,9.562322629718143,Indian average (revenue-weighted),annual,2014.0
,10.226654727305768,Indian average (revenue-weighted),annual,2015.0
,9.151022026928342,Indian average (revenue-weighted),annual,2016.0
,6.7490556574069,Indian average (revenue-weighted),annual,2017.0
,8.418920064238621,Indian average (revenue-weighted),annual,2018.0
,10.178065636534155,Indian average (revenue-weighted),annual,2019.0
,1.0549888329053914,Indian average (revenue-weighted),annual,2020.0
,13.315981210066605,Indian average (revenue-weighted),annual,2021.0
,15.027176500403812,Indian average (revenue-weighted),annual,2022.0
,3.692404220407478,Indian average (revenue-weighted),annual,2023.0
,2.606364687911635,Indian average (revenue-weighted),annual,2024.0
,0.8835086153084022,Indian average (revenue-weighted),annual,2025.0
,12.545768268417662,Accenture,annual,2007.0
,9.979414416915578,Accenture,annual,2008.0
,-5.291681415585776,Accenture,annual,2009.0
,4.095710193919068,Accenture,annual,2010.0
,14.183322641638506,Accenture,annual,2011.0
,10.4319432555664,Accenture,annual,2015.0
,9.061880245654878,Accenture,annual,2016.0
,7.454969438456095,Accenture,annual,2017.0
,9.869614343031865,Accenture,annual,2018.0
,7.971062406671081,Accenture,annual,2019.0
,2.4165915857993667,Accenture,annual,2020.0
,15.671185734171374,Accenture,annual,2021.0
,20.612244488058742,Accenture,annual,2022.0
,4.603472610423343,Accenture,annual,2023.0
,3.39253840396821,Accenture,annual,2024.0
,6.051142126311101,Accenture,annual,2025.0
,9.434068528665101,Cognizant,annual,2017.0
,8.203530138084568,Cognizant,annual,2018.0
,5.065017691309803,Cognizant,annual,2019.0
,-0.7100050922157621,Cognizant,annual,2020.0
,9.420246606369123,Cognizant,annual,2021.0
,7.222076163839892,Cognizant,annual,2022.0
,-0.310164576988763,Cognizant,annual,2023.0
,1.8601945052055995,Cognizant,annual,2024.0
,6.2151956744496335,Cognizant,annual,2025.0
