cal_q,gRPE_usd,series,freq,year
2008Q1,2.807209904494563,TCS,quarterly,
2008Q2,-1.4100418627327471,TCS,quarterly,
2008Q3,-1.5746698592506334,TCS,quarterly,
2008Q4,-18.659416627223553,TCS,quarterly,
2009Q1,-31.192658786549057,TCS,quarterly,
2009Q2,-22.70132249552745,TCS,quarterly,
2009Q3,-17.78774920735322,TCS,quarterly,
2009Q4,-4.058078441764486,TCS,quarterly,
2010Q1,5.288943212716823,TCS,quarterly,
2010Q2,4.7672938932502404,TCS,quarterly,
2010Q3,5.877274450532802,TCS,quarterly,
2010Q4,4.87077838120296,TCS,quarterly,
2011Q1,7.2834896129261395,TCS,quarterly,
2011Q2,8.483615022621436,TCS,quarterly,
2011Q3,2.297717521702065,TCS,quarterly,
2011Q4,-0.5764843964524218,TCS,quarterly,
2012Q1,-1.825489871201846,TCS,quarterly,
2012Q2,-6.298141988096267,TCS,quarterly,
2012Q3,-4.593573728155658,TCS,quarterly,
2012Q4,-1.970596386010973,TCS,quarterly,
2013Q1,-0.8340623094454553,TCS,quarterly,
2013Q2,1.7755250907130282,TCS,quarterly,
2013Q3,4.0968573657488445,TCS,quarterly,
2013Q4,5.59995633927727,TCS,quarterly,
2014Q1,5.754504094245924,TCS,quarterly,
2014Q2,5.896372741067767,TCS,quarterly,
2014Q3,6.805992859518621,TCS,quarterly,
2014Q4,4.232560298996594,TCS,quarterly,
2015Q1,4.543933781926226,TCS,quarterly,
2015Q2,2.6642952241717026,TCS,quarterly,
2015Q3,-1.1192633958272893,TCS,quarterly,
2015Q4,-2.562455867756767,TCS,quarterly,
2016Q1,-2.583464289282775,TCS,quarterly,
2016Q2,-3.0560692445676025,TCS,quarterly,
2016Q3,-5.0495590270159925,TCS,quarterly,
2016Q4,-3.681694970411356,TCS,quarterly,
2017Q1,-3.3543813727344443,TCS,quarterly,
2017Q2,-1.2312810800362728,TCS,quarterly,
2017Q3,3.3621475987676526,TCS,quarterly,
2017Q4,5.506582753917915,TCS,quarterly,
2018Q1,9.058879310271108,TCS,quarterly,
2018Q2,5.718114855434318,TCS,quarterly,
2018Q3,4.099833818290381,TCS,quarterly,
2018Q4,2.541321206440653,TCS,quarterly,
2019Q1,1.0496372346873892,TCS,quarterly,
2019Q2,-0.3030838919005028,TCS,quarterly,
2019Q3,-3.574973470696623,TCS,quarterly,
2019Q4,-0.4484308261594059,TCS,quarterly,
2020Q1,-4.675217032766416,TCS,quarterly,
2020Q2,-9.68314775639489,TCS,quarterly,
2020Q3,-2.3197912751465593,TCS,quarterly,
2020Q4,-2.8774333067367572,TCS,quarterly,
2021Q1,0.9594338883582019,TCS,quarterly,
2021Q2,5.846604893191982,TCS,quarterly,
2021Q3,0.15120275809151806,TCS,quarterly,
2021Q4,-3.6710293839112236,TCS,quarterly,
2022Q1,-8.060565230521643,TCS,quarterly,
2022Q2,-7.798925754358677,TCS,quarterly,
2022Q3,-7.060412176225762,TCS,quarterly,
2022Q4,-1.6332718241656092,TCS,quarterly,
2023Q1,3.4423100785175134,TCS,quarterly,
2023Q2,4.89953650064909,TCS,quarterly,
2023Q3,5.901732650755762,TCS,quarterly,
2023Q4,4.623048069387843,TCS,quarterly,
2024Q1,4.486698898392397,TCS,quarterly,
2024Q2,5.149754353980474,TCS,quarterly,
2024Q3,5.572671109956862,TCS,quarterly,
2024Q4,2.813238786716574,TCS,quarterly,
2025Q1,0.3120638677197425,TCS,quarterly,
2025Q2,-2.1207640712503832,TCS,quarterly,
2025Q3,0.5233585143174704,TCS,quarterly,
2025Q4,3.8374093753049285,TCS,quarterly,
2026Q1,6.003321878926724,TCS,quarterly,
2026Q2,5.892564395356645,TCS,quarterly,
2008Q1,4.721710783155363,Infosys,quarterly,
2008Q2,0.18569879119163346,Infosys,quarterly,
2008Q3,-4.615061524702597,Infosys,quarterly,
2008Q4,-7.414265736285432,Infosys,quarterly,
2009Q1,-15.817838143142934,Infosys,quarterly,
2009Q2,-12.514596623896214,Infosys,quarterly,
2009Q3,-10.237245776320776,Infosys,quarterly,
2009Q4,-1.3140299050194013,Infosys,quarterly,
2010Q1,6.318483949839825,Infosys,quarterly,
2010Q2,9.099413902269509,Infosys,quarterly,
2010Q3,10.997629611868986,Infosys,quarterly,
2010Q4,10.105039576117326,Infosys,quarterly,
2011Q1,7.255528987260853,Infosys,quarterly,
2011Q2,5.624150855728148,Infosys,quarterly,
2011Q3,0.7809599075334894,Infosys,quarterly,
2011Q4,0.34918019732072025,Infosys,quarterly,
2012Q1,-3.648145060863868,Infosys,quarterly,
2012Q2,-7.6392779171611105,Infosys,quarterly,
2012Q3,-5.203554829914616,Infosys,quarterly,
2012Q4,-1.3622304551499242,Infosys,quarterly,
2013Q1,4.645088098567381,Infosys,quarterly,
2013Q2,8.823880664616816,Infosys,quarterly,
2013Q3,9.830365197995306,Infosys,quarterly,
2013Q4,7.6636917584408515,Infosys,quarterly,
2014Q1,5.301873269613996,Infosys,quarterly,
2014Q2,4.364519131410217,Infosys,quarterly,
2014Q3,3.1455705786266326,Infosys,quarterly,
2014Q4,-1.3849479079107745,Infosys,quarterly,
2015Q1,-6.231945863813502,Infosys,quarterly,
2015Q2,-5.107265311529684,Infosys,quarterly,
2015Q3,-4.4662975742686974,Infosys,quarterly,
2015Q4,-4.923065369440684,Infosys,quarterly,
2016Q1,2.826987924596729,Infosys,quarterly,
2016Q2,0.9943148043303811,Infosys,quarterly,
2016Q3,1.722136139475002,Infosys,quarterly,
2016Q4,2.56452949101757,Infosys,quarterly,
2017Q1,1.701190597881809,Infosys,quarterly,
2017Q2,5.064771204511131,Infosys,quarterly,
2017Q3,6.004505017153636,Infosys,quarterly,
2017Q4,6.732684408479303,Infosys,quarterly,
2018Q1,6.937816706078214,Infosys,quarterly,
2018Q2,1.0094098420227375,Infosys,quarterly,
2018Q3,-2.4453026951835426,Infosys,quarterly,
2018Q4,-3.073567365282104,Infosys,quarterly,
2019Q1,-2.422921404445594,Infosys,quarterly,
2019Q2,1.3528850533494001,Infosys,quarterly,
2019Q3,1.1753001982929732,Infosys,quarterly,
2019Q4,0.5625868641640004,Infosys,quarterly,
2020Q1,-1.6786698785938832,Infosys,quarterly,
2020Q2,-4.678831839176996,Infosys,quarterly,
2020Q3,1.5665094273602216,Infosys,quarterly,
2020Q4,5.7048041321570775,Infosys,quarterly,
2021Q1,5.358002048813475,Infosys,quarterly,
2021Q2,7.872588737787151,Infosys,quarterly,
2021Q3,3.6326404569311386,Infosys,quarterly,
2021Q4,3.131689925886292,Infosys,quarterly,
2022Q1,-2.0811026365649923,Infosys,quarterly,
2022Q2,-6.25721080879347,Infosys,quarterly,
2022Q3,-8.032399724511274,Infosys,quarterly,
2022Q4,-8.001291637272693,Infosys,quarterly,
2023Q1,-2.6918716790255193,Infosys,quarterly,
2023Q2,3.4890095999517787,Infosys,quarterly,
2023Q3,8.399538367165395,Infosys,quarterly,
2023Q4,7.312774435802772,Infosys,quarterly,
2024Q1,8.094730944916689,Infosys,quarterly,
2024Q2,8.515138631793308,Infosys,quarterly,
2024Q3,7.058065837908972,Infosys,quarterly,
2024Q4,5.528728867014223,Infosys,quarterly,
2025Q1,1.59441580127636,Infosys,quarterly,
2025Q2,2.0568006751420755,Infosys,quarterly,
2025Q3,-0.7209781491178942,Infosys,quarterly,
2025Q4,-0.9477244986772604,Infosys,quarterly,
2026Q1,4.809813113114004,Infosys,quarterly,
2026Q2,1.5023510766103005,Infosys,quarterly,
2008Q1,6.035797536754732,HCLTech,quarterly,
2008Q2,4.868601909911746,HCLTech,quarterly,
2008Q3,1.0896831762448471,HCLTech,quarterly,
2008Q4,-2.6784092209363983,HCLTech,quarterly,
2009Q1,8.578879175389426,HCLTech,quarterly,
2009Q2,12.461408905124046,HCLTech,quarterly,
2009Q3,19.719884869649857,HCLTech,quarterly,
2009Q4,23.896905029849247,HCLTech,quarterly,
2010Q1,12.074827989802014,HCLTech,quarterly,
2010Q2,1.9970959514259015,HCLTech,quarterly,
2010Q3,-1.0978460549328233,HCLTech,quarterly,
2010Q4,2.1501259942515,HCLTech,quarterly,
2011Q1,5.513500205629363,HCLTech,quarterly,
2011Q2,8.969380040717887,HCLTech,quarterly,
2011Q3,8.37014681596171,HCLTech,quarterly,
2011Q4,2.8342157719790038,HCLTech,quarterly,
2012Q1,2.0000516248709346,HCLTech,quarterly,
2014Q3,2.9667784148633096,HCLTech,quarterly,
2014Q4,-0.5768079538311355,HCLTech,quarterly,
2015Q1,-5.349503999641001,HCLTech,quarterly,
2015Q2,-5.7254772323868846,HCLTech,quarterly,
2015Q3,-2.544589786097281,HCLTech,quarterly,
2015Q4,1.5379332769737601,HCLTech,quarterly,
2016Q1,5.604900695651983,HCLTech,quarterly,
2016Q2,7.759805567721105,HCLTech,quarterly,
2016Q3,6.978715533829176,HCLTech,quarterly,
2016Q4,3.9442862991541814,HCLTech,quarterly,
2017Q1,3.4717231988921604,HCLTech,quarterly,
2017Q2,2.136860230892694,HCLTech,quarterly,
2017Q3,3.1919948733510513,HCLTech,quarterly,
2017Q4,5.874390755884965,HCLTech,quarterly,
2018Q1,8.008311331249486,HCLTech,quarterly,
2018Q2,3.40992533280916,HCLTech,quarterly,
2018Q3,1.3193606366310817,HCLTech,quarterly,
2018Q4,-0.14564240815308516,HCLTech,quarterly,
2019Q1,-2.759238467140838,HCLTech,quarterly,
2019Q2,-0.770834647823893,HCLTech,quarterly,
2019Q3,2.902787602152717,HCLTech,quarterly,
2019Q4,2.453980508471867,HCLTech,quarterly,
2020Q1,2.3840408191657616,HCLTech,quarterly,
2020Q2,-4.686104677692846,HCLTech,quarterly,
2020Q3,-3.131117698026099,HCLTech,quarterly,
2020Q4,-3.97036347986478,HCLTech,quarterly,
2021Q1,-5.808095386156368,HCLTech,quarterly,
2021Q2,-1.7036619783886096,HCLTech,quarterly,
2021Q3,-9.613472691419604,HCLTech,quarterly,
2021Q4,-8.474753867041338,HCLTech,quarterly,
2022Q1,-10.74054117562189,HCLTech,quarterly,
2022Q2,-7.198855000137952,HCLTech,quarterly,
2022Q3,-5.674266877651641,HCLTech,quarterly,
2022Q4,-3.102961173291776,HCLTech,quarterly,
2023Q1,-0.09459858846928704,HCLTech,quarterly,
2023Q2,-0.11642108762462655,HCLTech,quarterly,
2023Q3,3.6991924762770605,HCLTech,quarterly,
2023Q4,4.024784654161835,HCLTech,quarterly,
2024Q1,5.184629606780728,HCLTech,quarterly,
2024Q2,3.454240231382716,HCLTech,quarterly,
2024Q3,4.350934646574216,HCLTech,quarterly,
2024Q4,1.8462149820837952,HCLTech,quarterly,
2025Q1,0.4611610149984553,HCLTech,quarterly,
2025Q2,3.545985123342353,HCLTech,quarterly,
2025Q3,2.0134856411978563,HCLTech,quarterly,
2025Q4,4.5852797770778295,HCLTech,quarterly,
2026Q1,3.4571057767657765,HCLTech,quarterly,
2026Q2,2.588728664380245,HCLTech,quarterly,
2017Q1,-1.5837064384825346,Wipro,quarterly,
2017Q2,-1.8466604191261682,Wipro,quarterly,
2017Q3,3.0562497826816855,Wipro,quarterly,
2017Q4,6.911297962060015,Wipro,quarterly,
2018Q1,6.663023385701285,Wipro,quarterly,
2018Q2,3.193130757383524,Wipro,quarterly,
2018Q3,-5.350360656256781,Wipro,quarterly,
2018Q4,-4.506496619181917,Wipro,quarterly,
2019Q1,-4.190318283778366,Wipro,quarterly,
2019Q2,-5.865112031345852,Wipro,quarterly,
2019Q3,-3.7282026642625343,Wipro,quarterly,
2019Q4,-5.97850998035571,Wipro,quarterly,
2020Q1,-6.601889298203181,Wipro,quarterly,
2020Q2,-9.85162358894987,Wipro,quarterly,
2020Q3,-4.863493123895394,Wipro,quarterly,
2020Q4,-2.7359182340214687,Wipro,quarterly,
2021Q1,-4.0265270087203415,Wipro,quarterly,
2021Q2,8.499194228906884,Wipro,quarterly,
2021Q3,8.030501054054692,Wipro,quarterly,
2021Q4,4.605581883862566,Wipro,quarterly,
2022Q1,2.7896559177253764,Wipro,quarterly,
2022Q2,-8.962351458579928,Wipro,quarterly,
2022Q3,-8.289296909436874,Wipro,quarterly,
2022Q4,-5.687424470024605,Wipro,quarterly,
2023Q1,-1.920710144061391,Wipro,quarterly,
2023Q2,5.613363690202293,Wipro,quarterly,
2023Q3,3.302052278669765,Wipro,quarterly,
2023Q4,2.918572448066141,Wipro,quarterly,
2024Q1,3.9506243727918786,Wipro,quarterly,
2024Q2,1.3348523388178943,Wipro,quarterly,
2024Q3,2.541304247016417,Wipro,quarterly,
2024Q4,1.9095512971748336,Wipro,quarterly,
2025Q1,-2.632572004977949,Wipro,quarterly,
2025Q2,-1.6147443908329886,Wipro,quarterly,
2025Q3,-2.803008975212806,Wipro,quarterly,
2025Q4,-3.674353145421641,Wipro,quarterly,
2026Q1,-1.6287272951597869,Wipro,quarterly,
2026Q2,-3.078946643216913,Wipro,quarterly,
2008Q1,11.80982410760829,Tech Mahindra,quarterly,
2008Q2,11.21891937271042,Tech Mahindra,quarterly,
2008Q3,11.525338501842118,Tech Mahindra,quarterly,
2008Q4,-14.944747489518527,Tech Mahindra,quarterly,
2009Q1,-28.52763128119698,Tech Mahindra,quarterly,
2009Q2,-22.206586639099356,Tech Mahindra,quarterly,
2009Q3,-18.444048455071908,Tech Mahindra,quarterly,
2009Q4,-8.84436126576626,Tech Mahindra,quarterly,
2010Q1,-9.344893518573738,Tech Mahindra,quarterly,
2010Q2,-22.71530688542279,Tech Mahindra,quarterly,
2010Q3,7.881919553485673,Tech Mahindra,quarterly,
2010Q4,-6.009234814430897,Tech Mahindra,quarterly,
2011Q1,-5.991395073891771,Tech Mahindra,quarterly,
2011Q2,-5.141819881348347,Tech Mahindra,quarterly,
2011Q3,-35.238552702444224,Tech Mahindra,quarterly,
2011Q4,-15.176756551691376,Tech Mahindra,quarterly,
2012Q1,-5.039409829452044,Tech Mahindra,quarterly,
2016Q2,0.8341033145890764,Tech Mahindra,quarterly,
2016Q3,-1.1241977922577089,Tech Mahindra,quarterly,
2016Q4,0.6361321736149321,Tech Mahindra,quarterly,
2017Q1,-0.9118092726715652,Tech Mahindra,quarterly,
2017Q2,1.9838110519302647,Tech Mahindra,quarterly,
2017Q3,5.720513807474451,Tech Mahindra,quarterly,
2017Q4,9.602129984412473,Tech Mahindra,quarterly,
2018Q1,13.776275939963554,Tech Mahindra,quarterly,
2018Q2,9.393473217767355,Tech Mahindra,quarterly,
2018Q3,2.266628890726576,Tech Mahindra,quarterly,
2018Q4,-1.3885576017012173,Tech Mahindra,quarterly,
2019Q1,-5.233264156540122,Tech Mahindra,quarterly,
2019Q2,-8.35541225313435,Tech Mahindra,quarterly,
2019Q3,-5.006272833520831,Tech Mahindra,quarterly,
2019Q4,-0.06396511569892738,Tech Mahindra,quarterly,
2020Q1,-1.263104628485849,Tech Mahindra,quarterly,
2020Q2,-1.339169937676495,Tech Mahindra,quarterly,
2020Q3,3.970170693341938,Tech Mahindra,quarterly,
2020Q4,3.744482420220125,Tech Mahindra,quarterly,
2021Q1,6.065566750803201,Tech Mahindra,quarterly,
2021Q2,11.335526612363456,Tech Mahindra,quarterly,
2021Q3,2.387579257535519,Tech Mahindra,quarterly,
2021Q4,-1.5442873835899817,Tech Mahindra,quarterly,
2022Q1,-3.196549938046875,Tech Mahindra,quarterly,
2022Q2,-5.905633858401181,Tech Mahindra,quarterly,
2022Q3,-4.265646226110848,Tech Mahindra,quarterly,
2022Q4,0.47763593768125645,Tech Mahindra,quarterly,
2023Q1,2.824745477941061,Tech Mahindra,quarterly,
2023Q2,4.398357630586475,Tech Mahindra,quarterly,
2023Q3,3.268637514431915,Tech Mahindra,quarterly,
2023Q4,1.2559535303327998,Tech Mahindra,quarterly,
2024Q1,-2.7681063822620935,Tech Mahindra,quarterly,
2024Q2,-2.1897133179709196,Tech Mahindra,quarterly,
2024Q3,-0.271322824950484,Tech Mahindra,quarterly,
2024Q4,-3.210034464642464,Tech Mahindra,quarterly,
2025Q1,-2.1904440643792364,Tech Mahindra,quarterly,
2025Q2,-0.2542543170867911,Tech Mahindra,quarterly,
2025Q3,0.8392889204035061,Tech Mahindra,quarterly,
2025Q4,3.2495699205513993,Tech Mahindra,quarterly,
2026Q1,5.53276860653783,Tech Mahindra,quarterly,
2026Q2,7.145061140893476,Tech Mahindra,quarterly,
2022Q3,-4.031354653412194,LTIMindtree,quarterly,
2022Q4,-2.2540197209792385,LTIMindtree,quarterly,
2023Q1,5.24384423292567,LTIMindtree,quarterly,
2023Q2,9.324967126914052,LTIMindtree,quarterly,
2023Q3,9.106445387564225,LTIMindtree,quarterly,
2023Q4,8.199704873106787,LTIMindtree,quarterly,
2024Q1,4.604405711874698,LTIMindtree,quarterly,
2024Q2,4.45728567711838,LTIMindtree,quarterly,
2024Q3,3.563083248487291,LTIMindtree,quarterly,
2024Q4,-0.1653756385507421,LTIMindtree,quarterly,
2025Q1,2.3981374684087333,LTIMindtree,quarterly,
2025Q2,2.719729333186086,LTIMindtree,quarterly,
2025Q3,2.2880961026374096,LTIMindtree,quarterly,
2025Q4,4.582603252445184,LTIMindtree,quarterly,
2026Q1,3.5410369446444374,LTIMindtree,quarterly,
2026Q2,1.2542181959943646,LTIMindtree,quarterly,
2016Q2,15.488828732902316,LTI (pre-merger),quarterly,
2016Q3,13.761681554571158,LTI (pre-merger),quarterly,
2016Q4,10.802472375394183,LTI (pre-merger),quarterly,
2017Q1,5.466251321219832,LTI (pre-merger),quarterly,
2017Q2,-3.108798997236523,LTI (pre-merger),quarterly,
2017Q3,-1.145473653702597,LTI (pre-merger),quarterly,
2017Q4,5.326553429634965,LTI (pre-merger),quarterly,
2018Q1,5.740167326398282,LTI (pre-merger),quarterly,
2018Q2,9.107852530847973,LTI (pre-merger),quarterly,
2018Q3,3.5913383376460715,LTI (pre-merger),quarterly,
2018Q4,0.4979873691151333,LTI (pre-merger),quarterly,
2019Q1,-1.900278788206947,LTI (pre-merger),quarterly,
2019Q2,-4.600663695443872,LTI (pre-merger),quarterly,
2019Q3,-5.73479547971724,LTI (pre-merger),quarterly,
2019Q4,-0.4425116461425169,LTI (pre-merger),quarterly,
2020Q1,3.741798512433448,LTI (pre-merger),quarterly,
2020Q2,2.051464032556921,LTI (pre-merger),quarterly,
2020Q3,5.95025115072343,LTI (pre-merger),quarterly,
2020Q4,0.28425798044642914,LTI (pre-merger),quarterly,
2021Q1,-4.774354249424897,LTI (pre-merger),quarterly,
2021Q2,-0.9898093176860527,LTI (pre-merger),quarterly,
2021Q3,-3.707294926096594,LTI (pre-merger),quarterly,
2021Q4,-0.6162184635143788,LTI (pre-merger),quarterly,
2022Q1,-1.647632667489713,LTI (pre-merger),quarterly,
2022Q2,-3.142093764123011,LTI (pre-merger),quarterly,
2016Q2,14.018633107642165,Mindtree (pre-merger),quarterly,
2016Q3,3.1334402518486035,Mindtree (pre-merger),quarterly,
2016Q4,5.468190682690344,Mindtree (pre-merger),quarterly,
2017Q1,1.2318933400743364,Mindtree (pre-merger),quarterly,
2017Q2,-2.2097919553275465,Mindtree (pre-merger),quarterly,
2017Q3,2.443461427303734,Mindtree (pre-merger),quarterly,
2017Q4,4.268818038408933,Mindtree (pre-merger),quarterly,
2018Q1,7.2025119197849445,Mindtree (pre-merger),quarterly,
2018Q2,5.119024028609902,Mindtree (pre-merger),quarterly,
2018Q3,4.063866944790236,Mindtree (pre-merger),quarterly,
2018Q4,1.3853809883362178,Mindtree (pre-merger),quarterly,
2019Q1,1.5907566546273308,Mindtree (pre-merger),quarterly,
2019Q2,-0.7672955651314677,Mindtree (pre-merger),quarterly,
2019Q3,0.3382167218437715,Mindtree (pre-merger),quarterly,
2019Q4,1.0290650361287135,Mindtree (pre-merger),quarterly,
2020Q1,-2.4038249443736905,Mindtree (pre-merger),quarterly,
2020Q2,-9.009920636077783,Mindtree (pre-merger),quarterly,
2020Q3,-6.358957357295791,Mindtree (pre-merger),quarterly,
2020Q4,-3.2986013882031573,Mindtree (pre-merger),quarterly,
2021Q1,-4.504460917511552,Mindtree (pre-merger),quarterly,
2021Q2,-1.2274565241472217,Mindtree (pre-merger),quarterly,
2021Q3,-1.5377750668179822,Mindtree (pre-merger),quarterly,
2021Q4,-7.435416351993666,Mindtree (pre-merger),quarterly,
2022Q1,-10.063403510816965,Mindtree (pre-merger),quarterly,
2022Q2,-6.633741934553857,Mindtree (pre-merger),quarterly,
2008Q1,6.343635583003237,Indian average (simple),quarterly,
2008Q2,3.715794552770263,Indian average (simple),quarterly,
2008Q3,1.6063225735334337,Indian average (simple),quarterly,
2008Q4,-10.924209768490979,Indian average (simple),quarterly,
2009Q1,-16.739812258874885,Indian average (simple),quarterly,
2009Q2,-11.240274213349743,Indian average (simple),quarterly,
2009Q3,-6.687289642274012,Indian average (simple),quarterly,
2009Q4,2.4201088543247753,Indian average (simple),quarterly,
2010Q1,3.5843404084462316,Indian average (simple),quarterly,
2010Q2,-1.712875784619285,Indian average (simple),quarterly,
2010Q3,5.91474439023866,Indian average (simple),quarterly,
2010Q4,2.779177284285222,Indian average (simple),quarterly,
2011Q1,3.5152809329811463,Indian average (simple),quarterly,
2011Q2,4.4838315094297805,Indian average (simple),quarterly,
2011Q3,-5.94743211431174,Indian average (simple),quarterly,
2011Q4,-3.1424612447110185,Indian average (simple),quarterly,
2012Q1,-2.128248284161706,Indian average (simple),quarterly,
2012Q2,-6.968709952628689,Indian average (simple),quarterly,
2012Q3,-4.898564279035137,Indian average (simple),quarterly,
2012Q4,-1.6664134205804486,Indian average (simple),quarterly,
2013Q1,1.905512894560963,Indian average (simple),quarterly,
2013Q2,5.299702877664922,Indian average (simple),quarterly,
2013Q3,6.963611281872075,Indian average (simple),quarterly,
2013Q4,6.631824048859061,Indian average (simple),quarterly,
2014Q1,5.52818868192996,Indian average (simple),quarterly,
2014Q2,5.130445936238992,Indian average (simple),quarterly,
2014Q3,4.306113951002854,Indian average (simple),quarterly,
2014Q4,0.756934812418228,Indian average (simple),quarterly,
2015Q1,-2.3458386938427593,Indian average (simple),quarterly,
2015Q2,-2.7228157732482887,Indian average (simple),quarterly,
2015Q3,-2.710050252064422,Indian average (simple),quarterly,
2015Q4,-1.9825293200745635,Indian average (simple),quarterly,
2016Q1,1.9494747769886456,Indian average (simple),quarterly,
2016Q2,6.006602713769574,Indian average (simple),quarterly,
2016Q3,3.23703611007504,Indian average (simple),quarterly,
2016Q4,3.2889860085766425,Indian average (simple),quarterly,
2017Q1,0.8601659105970848,Indian average (simple),quarterly,
2017Q2,0.11270143365822562,Indian average (simple),quarterly,
2017Q3,3.2333426932899445,Indian average (simple),quarterly,
2017Q4,6.31749390468551,Indian average (simple),quarterly,
2018Q1,8.198140845635269,Indian average (simple),quarterly,
2018Q2,5.278704366410709,Indian average (simple),quarterly,
2018Q3,1.0779093252348602,Indian average (simple),quarterly,
2018Q4,-0.669939204346617,Indian average (simple),quarterly,
2019Q1,-1.9808038872567353,Indian average (simple),quarterly,
2019Q2,-2.7585024330615053,Indian average (simple),quarterly,
2019Q3,-1.9468485608439665,Indian average (simple),quarterly,
2019Q4,-0.4125407370845685,Indian average (simple),quarterly,
2020Q1,-1.4995523501176873,Indian average (simple),quarterly,
2020Q2,-5.313904914773137,Indian average (simple),quarterly,
2020Q3,-0.7409183118483219,Indian average (simple),quarterly,
2020Q4,-0.4498245537146474,Indian average (simple),quarterly,
2021Q1,-0.9614906962626115,Indian average (simple),quarterly,
2021Q2,4.233283807432512,Indian average (simple),quarterly,
2021Q3,-0.09380273681733035,Indian average (simple),quarterly,
2021Q4,-2.0006333771859617,Indian average (simple),quarterly,
2022Q1,-4.714305605905244,Indian average (simple),quarterly,
2022Q2,-6.556973225564012,Indian average (simple),quarterly,
2022Q3,-6.225562761224765,Indian average (simple),quarterly,
2022Q4,-3.3668888146754443,Indian average (simple),quarterly,
2023Q1,1.1339532296380077,Indian average (simple),quarterly,
2023Q2,4.6014689101131765,Indian average (simple),quarterly,
2023Q3,5.612933112477354,Indian average (simple),quarterly,
2023Q4,4.722473001809696,Indian average (simple),quarterly,
2024Q1,3.9254971920823825,Indian average (simple),quarterly,
2024Q2,3.4535929858536414,Indian average (simple),quarterly,
2024Q3,3.8024560441655453,Indian average (simple),quarterly,
2024Q4,1.4537206382993701,Indian average (simple),quarterly,
2025Q1,-0.009539652825649059,Indian average (simple),quarterly,
2025Q2,0.722125392083392,Indian average (simple),quarterly,
2025Q3,0.3567070090375905,Indian average (simple),quarterly,
2025Q4,1.9387974468800733,Indian average (simple),quarterly,
2026Q1,3.6192198374714972,Indian average (simple),quarterly,
2026Q2,2.55066280500302,Indian average (simple),quarterly,
2008Q1,4.589281182636619,Indian average (revenue-weighted),quarterly,
2008Q2,1.0299890024327032,Indian average (revenue-weighted),quarterly,
2008Q3,-1.246283277466978,Indian average (revenue-weighted),quarterly,
2008Q4,-12.136420305106801,Indian average (revenue-weighted),quarterly,
2009Q1,-19.10644500104249,Indian average (revenue-weighted),quarterly,
2009Q2,-13.130788500079662,Indian average (revenue-weighted),quarterly,
2009Q3,-8.741600042163087,Indian average (revenue-weighted),quarterly,
2009Q4,1.3452805893790434,Indian average (revenue-weighted),quarterly,
2010Q1,5.849252669606743,Indian average (revenue-weighted),quarterly,
2010Q2,4.02800824464825,Indian average (revenue-weighted),quarterly,
2010Q3,6.462631527789881,Indian average (revenue-weighted),quarterly,
2010Q4,5.4918710833972355,Indian average (revenue-weighted),quarterly,
2011Q1,6.219897624718307,Indian average (revenue-weighted),quarterly,
2011Q2,6.9357258005654625,Indian average (revenue-weighted),quarterly,
2011Q3,0.9186258069709549,Indian average (revenue-weighted),quarterly,
2011Q4,-0.411288488049784,Indian average (revenue-weighted),quarterly,
2012Q1,-1.8470915529275187,Indian average (revenue-weighted),quarterly,
2012Q2,-6.822621931784126,Indian average (revenue-weighted),quarterly,
2012Q3,-4.829301908770894,Indian average (revenue-weighted),quarterly,
2012Q4,-1.7313316620193153,Indian average (revenue-weighted),quarterly,
2013Q1,1.2990420478725193,Indian average (revenue-weighted),quarterly,
2013Q2,4.4972620859889085,Indian average (revenue-weighted),quarterly,
2013Q3,6.289237003250453,Indian average (revenue-weighted),quarterly,
2013Q4,6.382521232784587,Indian average (revenue-weighted),quarterly,
2014Q1,5.5852630423906975,Indian average (revenue-weighted),quarterly,
2014Q2,5.3356307212634855,Indian average (revenue-weighted),quarterly,
2014Q3,5.013158411623248,Indian average (revenue-weighted),quarterly,
2014Q4,1.663194688085821,Indian average (revenue-weighted),quarterly,
2015Q1,-0.49100802462758886,Indian average (revenue-weighted),quarterly,
2015Q2,-1.2225322514654589,Indian average (revenue-weighted),quarterly,
2015Q3,-2.380619264175,Indian average (revenue-weighted),quarterly,
2015Q4,-2.471346818963417,Indian average (revenue-weighted),quarterly,
2016Q1,0.5997762897368746,Indian average (revenue-weighted),quarterly,
2016Q2,0.9490747037939254,Indian average (revenue-weighted),quarterly,
2016Q3,-0.2859703848957437,Indian average (revenue-weighted),quarterly,
2016Q4,0.16442177699794394,Indian average (revenue-weighted),quarterly,
2017Q1,-0.5457658289893473,Indian average (revenue-weighted),quarterly,
2017Q2,0.7300056298882777,Indian average (revenue-weighted),quarterly,
2017Q3,3.949634358547389,Indian average (revenue-weighted),quarterly,
2017Q4,6.37760039690191,Indian average (revenue-weighted),quarterly,
2018Q1,8.434251523150305,Indian average (revenue-weighted),quarterly,
2018Q2,4.4303925237239765,Indian average (revenue-weighted),quarterly,
2018Q3,0.7976981711116291,Indian average (revenue-weighted),quarterly,
2018Q4,-0.46091510047101,Indian average (revenue-weighted),quarterly,
2019Q1,-1.607504052499253,Indian average (revenue-weighted),quarterly,
2019Q2,-1.5765805592691866,Indian average (revenue-weighted),quarterly,
2019Q3,-1.6341926613114544,Indian average (revenue-weighted),quarterly,
2019Q4,-0.4480803144769458,Indian average (revenue-weighted),quarterly,
2020Q1,-2.572828146703449,Indian average (revenue-weighted),quarterly,
2020Q2,-6.75524045621941,Indian average (revenue-weighted),quarterly,
2020Q3,-1.2634801714602015,Indian average (revenue-weighted),quarterly,
2020Q4,-0.5205941275277304,Indian average (revenue-weighted),quarterly,
2021Q1,0.3275797619975469,Indian average (revenue-weighted),quarterly,
2021Q2,5.598074983592515,Indian average (revenue-weighted),quarterly,
2021Q3,0.5801325867977165,Indian average (revenue-weighted),quarterly,
2021Q4,-1.5468825134782465,Indian average (revenue-weighted),quarterly,
2022Q1,-5.0577835671433435,Indian average (revenue-weighted),quarterly,
2022Q2,-7.201591620628996,Indian average (revenue-weighted),quarterly,
2022Q3,-6.8575169980138675,Indian average (revenue-weighted),quarterly,
2022Q4,-3.7294976123289945,Indian average (revenue-weighted),quarterly,
2023Q1,0.8275558473854084,Indian average (revenue-weighted),quarterly,
2023Q2,4.084283304396421,Indian average (revenue-weighted),quarterly,
2023Q3,5.754401938809258,Indian average (revenue-weighted),quarterly,
2023Q4,4.8432213638616375,Indian average (revenue-weighted),quarterly,
2024Q1,4.7935241592671245,Indian average (revenue-weighted),quarterly,
2024Q2,4.571842411259977,Indian average (revenue-weighted),quarterly,
2024Q3,4.798669708990126,Indian average (revenue-weighted),quarterly,
2024Q4,2.568998329564512,Indian average (revenue-weighted),quarterly,
2025Q1,0.189259557071957,Indian average (revenue-weighted),quarterly,
2025Q2,0.2619209231097253,Indian average (revenue-weighted),quarterly,
2025Q3,0.20022908737292905,Indian average (revenue-weighted),quarterly,
2025Q4,1.9427961896982109,Indian average (revenue-weighted),quarterly,
2026Q1,4.199499762287073,Indian average (revenue-weighted),quarterly,
2026Q2,3.082079957764501,Indian average (revenue-weighted),quarterly,
2008Q3,7.0514720208049155,Accenture,quarterly,
2009Q3,-10.387458123022231,Accenture,quarterly,
2009Q4,-5.122018376465813,Accenture,quarterly,
2010Q1,-1.721541100933592,Accenture,quarterly,
2010Q2,0.8659838039751913,Accenture,quarterly,
2010Q3,-8.997453292997488,Accenture,quarterly,
2010Q4,-6.519402870150197,Accenture,quarterly,
2011Q1,-1.5601566407131937,Accenture,quarterly,
2011Q2,2.7379945633430403,Accenture,quarterly,
2011Q3,6.434772541725071,Accenture,quarterly,
2011Q4,1.1847248610531853,Accenture,quarterly,
2012Q1,-1.8831994586169838,Accenture,quarterly,
2015Q4,-14.12402508875307,Accenture,quarterly,
2016Q1,-8.33357084041013,Accenture,quarterly,
2016Q2,-2.8805327256232687,Accenture,quarterly,
2016Q3,0.5363478129821448,Accenture,quarterly,
2016Q4,0.44987466995874303,Accenture,quarterly,
2017Q1,-2.76367173729322,Accenture,quarterly,
2017Q2,-4.1405508096171495,Accenture,quarterly,
2017Q3,-2.7186913266954633,Accenture,quarterly,
2017Q4,4.943341668463651,Accenture,quarterly,
2018Q1,7.855297637577575,Accenture,quarterly,
2018Q2,10.064440986263527,Accenture,quarterly,
2018Q3,6.065684473742417,Accenture,quarterly,
2018Q4,-0.3748760445845045,Accenture,quarterly,
2019Q1,-2.263991642885,Accenture,quarterly,
2019Q2,-3.347557360141943,Accenture,quarterly,
2019Q3,-1.8447391798769077,Accenture,quarterly,
2019Q4,-0.46496132067232754,Accenture,quarterly,
2020Q1,-0.1370632339933131,Accenture,quarterly,
2020Q2,-7.351002917092516,Accenture,quarterly,
2020Q3,-4.707178895250536,Accenture,quarterly,
2020Q4,1.5742780032518229,Accenture,quarterly,
2021Q1,2.7801336871472806,Accenture,quarterly,
2021Q2,8.525524666847499,Accenture,quarterly,
2021Q3,0.3315229395640955,Accenture,quarterly,
2021Q4,-3.0094130139080733,Accenture,quarterly,
2022Q1,-4.4654535010239975,Accenture,quarterly,
2022Q2,-2.504587015975755,Accenture,quarterly,
2022Q3,-0.5375236837390247,Accenture,quarterly,
2022Q4,-3.8874367877655898,Accenture,quarterly,
2023Q1,-0.5449285614831991,Accenture,quarterly,
2023Q2,-0.49249300744310887,Accenture,quarterly,
2023Q3,2.0026776458940647,Accenture,quarterly,
2023Q4,2.262127168728761,Accenture,quarterly,
2024Q1,-0.656658469743595,Accenture,quarterly,
2024Q2,-3.0658717383547933,Accenture,quarterly,
2024Q3,-2.9091734073686286,Accenture,quarterly,
2024Q4,1.4127893135719205,Accenture,quarterly,
2025Q1,-2.3217313141628386,Accenture,quarterly,
2025Q2,2.1221427104618495,Accenture,quarterly,
2025Q3,6.36521265728791,Accenture,quarterly,
2025Q4,7.6871882670591,Accenture,quarterly,
2026Q1,9.83264733609404,Accenture,quarterly,
2026Q2,4.390285256335313,Accenture,quarterly,
2008Q4,11.956433061855721,Cognizant,quarterly,
2009Q1,5.4489481558723725,Cognizant,quarterly,
2009Q2,4.352747475736541,Cognizant,quarterly,
2009Q3,1.630244916312508,Cognizant,quarterly,
2009Q4,-5.825144783925161,Cognizant,quarterly,
2010Q1,-4.22308346088322,Cognizant,quarterly,
2010Q2,2.644804887012704,Cognizant,quarterly,
2010Q3,1.4076005905476947,Cognizant,quarterly,
2010Q4,9.02613452616167,Cognizant,quarterly,
2011Q1,9.582479875007436,Cognizant,quarterly,
2011Q2,1.0168295015531115,Cognizant,quarterly,
2011Q3,-3.307925302518626,Cognizant,quarterly,
2011Q4,-4.212483506990932,Cognizant,quarterly,
2012Q1,-1.4120259457068904,Cognizant,quarterly,
2014Q4,-5.820145900621464,Cognizant,quarterly,
2015Q1,-1.4072552365868631,Cognizant,quarterly,
2015Q2,5.22293172553772,Cognizant,quarterly,
2015Q3,11.727521268219455,Cognizant,quarterly,
2015Q4,11.738425552629682,Cognizant,quarterly,
2016Q1,2.722106410090059,Cognizant,quarterly,
2016Q2,-2.560291688396763,Cognizant,quarterly,
2016Q3,-7.373393177686854,Cognizant,quarterly,
2016Q4,-9.153482436599715,Cognizant,quarterly,
2017Q1,-1.2203350759082223,Cognizant,quarterly,
2017Q2,3.5407998180871454,Cognizant,quarterly,
2017Q3,8.553998879499288,Cognizant,quarterly,
2017Q4,10.126495189956747,Cognizant,quarterly,
2018Q1,9.746314073270929,Cognizant,quarterly,
2018Q2,4.155958371813466,Cognizant,quarterly,
2018Q3,1.1303467994568255,Cognizant,quarterly,
2018Q4,-0.4113219955114147,Cognizant,quarterly,
2019Q1,-3.9866187970073037,Cognizant,quarterly,
2019Q2,-3.617105297079909,Cognizant,quarterly,
2019Q3,-1.4836657012021544,Cognizant,quarterly,
2019Q4,-0.11251367064748719,Cognizant,quarterly,
2020Q1,0.7162620923085106,Cognizant,quarterly,
2020Q2,-1.0054419814627793,Cognizant,quarterly,
2020Q3,2.2558126090305994,Cognizant,quarterly,
2020Q4,-1.331005616401937,Cognizant,quarterly,
2021Q1,2.4491185455712845,Cognizant,quarterly,
2021Q2,6.778740859930893,Cognizant,quarterly,
2021Q3,-0.5898166377137564,Cognizant,quarterly,
2021Q4,-0.020888072867071728,Cognizant,quarterly,
2022Q1,-4.588799888755339,Cognizant,quarterly,
2022Q2,-5.73185198590535,Cognizant,quarterly,
2022Q3,-6.936864206154485,Cognizant,quarterly,
2022Q4,-5.915796423670089,Cognizant,quarterly,
2023Q1,-3.4993483641907948,Cognizant,quarterly,
2023Q2,-1.6605154017987975,Cognizant,quarterly,
2023Q3,1.6247829775023008,Cognizant,quarterly,
2023Q4,0.4741788082750098,Cognizant,quarterly,
2024Q1,0.9540808828040146,Cognizant,quarterly,
2024Q2,1.988315029751974,Cognizant,quarterly,
2024Q3,4.85083306508488,Cognizant,quarterly,
2024Q4,9.772822966285045,Cognizant,quarterly,
2025Q1,9.572988496761292,Cognizant,quarterly,
2025Q2,5.624006269634368,Cognizant,quarterly,
2025Q3,4.285159177892879,Cognizant,quarterly,
2025Q4,0.5204163277642486,Cognizant,quarterly,
2026Q1,-0.4785356141884005,Cognizant,quarterly,
2026Q2,0.7177324799621818,Cognizant,quarterly,
,-5.050639822821882,TCS,annual,2008.0
,-18.836369128701318,TCS,annual,2009.0
,5.517357670947167,TCS,annual,2010.0
,4.078437010004805,TCS,annual,2011.0
,-3.731221670816222,TCS,annual,2012.0
,2.687199380577029,TCS,annual,2013.0
,5.67479292334647,TCS,annual,2014.0
,0.7996337509666107,TCS,annual,2015.0
,-3.610982854947495,TCS,annual,2016.0
,1.096775582829788,TCS,annual,2017.0
,5.339264072624637,TCS,annual,2018.0
,-0.8366687896205995,TCS,annual,2019.0
,-4.805822476187421,TCS,annual,2020.0
,0.7817595634451724,TCS,annual,2021.0
,-6.168160204207249,TCS,annual,2022.0
,4.6965974984097105,TCS,annual,2023.0
,4.515144751142772,TCS,annual,2024.0
,0.6283228941273195,TCS,annual,2025.0
,-2.13471405034063,Infosys,annual,2008.0
,-9.924602506244385,Infosys,annual,2009.0
,9.368132374235127,Infosys,annual,2010.0
,3.291861617841967,Infosys,annual,2011.0
,-4.508067596163896,Infosys,annual,2012.0
,7.732740483508353,Infosys,annual,2013.0
,2.8355783397658243,Infosys,annual,2014.0
,-5.110825815189892,Infosys,annual,2015.0
,1.9500137924442633,Infosys,annual,2016.0
,4.8905083541953385,Infosys,annual,2017.0
,0.6015316757601781,Infosys,annual,2018.0
,0.16095959022873885,Infosys,annual,2019.0
,0.30429083582223715,Infosys,annual,2020.0
,5.0827782735791,Infosys,annual,2021.0
,-6.228957777701979,Infosys,annual,2022.0
,4.086464280205612,Infosys,annual,2023.0
,7.339965297902927,Infosys,annual,2024.0
,0.4906711756794162,Infosys,annual,2025.0
,1.997335472284032,HCLTech,annual,2008.0
,16.279113789174296,HCLTech,annual,2009.0
,4.021651775355906,HCLTech,annual,2010.0
,6.129475177306119,HCLTech,annual,2011.0
,-3.058203797227841,HCLTech,annual,2015.0
,6.121271036371329,HCLTech,annual,2016.0
,3.6568535369769037,HCLTech,annual,2017.0
,3.139579510822845,HCLTech,annual,2018.0
,0.5035809205782584,HCLTech,annual,2019.0
,-2.369738496214854,HCLTech,annual,2020.0
,-6.396915016135452,HCLTech,annual,2021.0
,-6.707385505072782,HCLTech,annual,2022.0
,1.8635772134402138,HCLTech,annual,2023.0
,3.6906956026985602,HCLTech,annual,2024.0
,2.6843967134257096,HCLTech,annual,2025.0
,1.633053691810374,Wipro,annual,2017.0
,0.0019120049976049103,Wipro,annual,2018.0
,-4.940133388967358,Wipro,annual,2019.0
,-5.969759606298055,Wipro,annual,2020.0
,4.536739568589869,Wipro,annual,2021.0
,-5.334581201936986,Wipro,annual,2022.0
,2.498220315232282,Wipro,annual,2023.0
,2.4044581252394277,Wipro,annual,2024.0
,-2.680542031585745,Wipro,annual,2025.0
,4.788571654854975,Tech Mahindra,annual,2008.0
,-19.48593808976031,Tech Mahindra,annual,2009.0
,-7.197428332703318,Tech Mahindra,annual,2010.0
,-15.928749350306376,Tech Mahindra,annual,2011.0
,4.074826926663376,Tech Mahindra,annual,2017.0
,5.9844295782519215,Tech Mahindra,annual,2018.0
,-4.627180161033862,Tech Mahindra,annual,2019.0
,1.278691729045556,Tech Mahindra,annual,2020.0
,4.665147973877236,Tech Mahindra,annual,2021.0
,-3.3654876978431982,Tech Mahindra,annual,2022.0
,2.9637025835473962,Tech Mahindra,annual,2023.0
,-2.140614159094818,Tech Mahindra,annual,2024.0
,0.4171465928531407,Tech Mahindra,annual,2025.0
,7.896956507410366,LTIMindtree,annual,2023.0
,3.139286805362276,LTIMindtree,annual,2024.0
,2.9977557479761674,LTIMindtree,annual,2025.0
,1.7540656129567864,LTI (pre-merger),annual,2017.0
,4.669015455369493,LTI (pre-merger),annual,2018.0
,-3.1648849421076726,LTI (pre-merger),annual,2019.0
,2.966540858951821,LTI (pre-merger),annual,2020.0
,-2.25071625624458,LTI (pre-merger),annual,2021.0
,1.483227163865883,Mindtree (pre-merger),annual,2017.0
,4.462326033516707,Mindtree (pre-merger),annual,2018.0
,0.4886702493552093,Mindtree (pre-merger),annual,2019.0
,-5.215366918862036,Mindtree (pre-merger),annual,2020.0
,-3.297655156515539,Mindtree (pre-merger),annual,2021.0
,-0.09986168650587635,Indian average (simple),annual,2008.0
,-7.99194898388293,Indian average (simple),annual,2009.0
,2.9274283719587206,Indian average (simple),annual,2010.0
,-0.6072438862883711,Indian average (simple),annual,2011.0
,-4.119644633490059,Indian average (simple),annual,2012.0
,5.209969932042691,Indian average (simple),annual,2013.0
,4.255185631556147,Indian average (simple),annual,2014.0
,-2.456465287150374,Indian average (simple),annual,2015.0
,1.4867673246226991,Indian average (simple),annual,2016.0
,2.655615838471207,Indian average (simple),annual,2017.0
,3.4568654759061985,Indian average (simple),annual,2018.0
,-1.773665217366755,Indian average (simple),annual,2019.0
,-1.9730234391061074,Indian average (simple),annual,2020.0
,0.4458769929422581,Indian average (simple),annual,2021.0
,-5.560914477352439,Indian average (simple),annual,2022.0
,4.00091973304093,Indian average (simple),annual,2023.0
,3.158156070541858,Indian average (simple),annual,2024.0
,0.7562918487460015,Indian average (simple),annual,2025.0
,-2.3110846430208833,Indian average (revenue-weighted),annual,2008.0
,-9.842042375300824,Indian average (revenue-weighted),annual,2009.0
,5.71032994183992,Indian average (revenue-weighted),annual,2010.0
,3.1342933387373657,Indian average (revenue-weighted),annual,2011.0
,-4.03638099753227,Indian average (revenue-weighted),annual,2012.0
,4.625213863529773,Indian average (revenue-weighted),annual,2013.0
,4.639301979484561,Indian average (revenue-weighted),annual,2014.0
,-1.673987188073848,Indian average (revenue-weighted),annual,2015.0
,-0.04744641126014344,Indian average (revenue-weighted),annual,2016.0
,2.641462534917801,Indian average (revenue-weighted),annual,2017.0
,3.279827247795507,Indian average (revenue-weighted),annual,2018.0
,-1.3320590398453847,Indian average (revenue-weighted),annual,2019.0
,-2.738322068923492,Indian average (revenue-weighted),annual,2020.0
,1.2714685221664421,Indian average (revenue-weighted),annual,2021.0
,-5.904555337955584,Indian average (revenue-weighted),annual,2022.0
,3.846024129232806,Indian average (revenue-weighted),annual,2023.0
,4.189028965094914,Indian average (revenue-weighted),annual,2024.0
,0.6550598220727691,Indian average (revenue-weighted),annual,2025.0
,-3.9501812954493793,Accenture,annual,2010.0
,2.1961657325428963,Accenture,annual,2011.0
,-2.547838147716419,Accenture,annual,2016.0
,-1.0163954021141652,Accenture,annual,2017.0
,5.75357800162082,Accenture,annual,2018.0
,-1.978430927470285,Accenture,annual,2019.0
,-2.652778793700904,Accenture,annual,2020.0
,2.395870547850482,Accenture,annual,2021.0
,-3.10183326227026,Accenture,annual,2022.0
,0.7875084472878808,Accenture,annual,2023.0
,-1.2357254870439531,Accenture,annual,2024.0
,3.4661408416868946,Accenture,annual,2025.0
,1.4970685191045803,Cognizant,annual,2009.0
,2.5979474131812808,Cognizant,annual,2010.0
,0.3728925225145687,Cognizant,annual,2011.0
,6.798597030961313,Cognizant,annual,2015.0
,-4.122806138049915,Cognizant,annual,2016.0
,5.243102862849609,Cognizant,annual,2017.0
,3.6342443792640555,Cognizant,annual,2018.0
,-2.305711730171094,Cognizant,annual,2019.0
,0.17138914365918534,Cognizant,annual,2020.0
,2.1795752617987088,Cognizant,annual,2021.0
,-5.843966431664987,Cognizant,annual,2022.0
,-0.7602881049564958,Cognizant,annual,2023.0
,4.421363270754649,Cognizant,annual,2024.0
,4.986196771402204,Cognizant,annual,2025.0
