cal_q,du,series,freq,year
2008Q1,-0.6803604422387411,TCS,quarterly,
2008Q2,-1.0165271776850724,TCS,quarterly,
2008Q3,2.750173326953862,TCS,quarterly,
2008Q4,2.7920595398627315,TCS,quarterly,
2009Q1,0.755671102256124,TCS,quarterly,
2009Q2,1.142869582362285,TCS,quarterly,
2009Q3,-1.992593946108095,TCS,quarterly,
2009Q4,1.490710834913816,TCS,quarterly,
2010Q1,2.600765781253195,TCS,quarterly,
2010Q2,4.20333817065521,TCS,quarterly,
2010Q3,5.267598582775113,TCS,quarterly,
2010Q4,3.2750046366670067,TCS,quarterly,
2011Q1,0.7308193306724843,TCS,quarterly,
2011Q2,0.7237667300230604,TCS,quarterly,
2011Q3,-0.8388305626634855,TCS,quarterly,
2011Q4,-2.171376022378425,TCS,quarterly,
2012Q1,-2.208678740284351,TCS,quarterly,
2012Q2,-2.310133127339809,TCS,quarterly,
2012Q3,-1.8215439891341216,TCS,quarterly,
2012Q4,-0.3665245398295917,TCS,quarterly,
2013Q1,1.7220597751670557,TCS,quarterly,
2013Q2,1.6831718259802817,TCS,quarterly,
2013Q3,2.181904739463989,TCS,quarterly,
2013Q4,3.132786314185259,TCS,quarterly,
2014Q1,2.171376022378426,TCS,quarterly,
2014Q2,3.1196719684065877,TCS,quarterly,
2014Q3,3.3021868304946347,TCS,quarterly,
2014Q4,2.807201877868652,TCS,quarterly,
2015Q1,1.8913093306486992,TCS,quarterly,
2015Q2,1.1655143591748731,TCS,quarterly,
2015Q3,-0.2322881416139749,TCS,quarterly,
2015Q4,-2.0979790469194524,TCS,quarterly,
2008Q1,3.234783386551934,Infosys,quarterly,
2008Q2,-2.3272782055375534,Infosys,quarterly,
2008Q3,-5.41386319890549,Infosys,quarterly,
2008Q4,-2.3873812904897473,Infosys,quarterly,
2009Q1,-1.2008149628396607,Infosys,quarterly,
2009Q2,-1.8169612360698668,Infosys,quarterly,
2009Q3,-0.6807378228025014,Infosys,quarterly,
2009Q4,2.2562337307086793,Infosys,quarterly,
2010Q1,3.4304155183769796,Infosys,quarterly,
2010Q2,10.437272188527578,Infosys,quarterly,
2010Q3,10.371982620036633,Infosys,quarterly,
2010Q4,5.7377112583302425,Infosys,quarterly,
2011Q1,-2.4952049613489575,Infosys,quarterly,
2011Q2,-4.9489264900183665,Infosys,quarterly,
2011Q3,-4.922129157425601,Infosys,quarterly,
2011Q4,-4.175179468022159,Infosys,quarterly,
2012Q1,-2.969178980740304,Infosys,quarterly,
2012Q2,-4.505881655657406,Infosys,quarterly,
2012Q3,-5.313334670077049,Infosys,quarterly,
2012Q4,-5.579135962841554,Infosys,quarterly,
2013Q1,1.2253386805764968,Infosys,quarterly,
2013Q2,3.7015877757113658,Infosys,quarterly,
2013Q3,5.571732746669549,Infosys,quarterly,
2013Q4,4.931045554433252,Infosys,quarterly,
2014Q1,3.718888041905429,Infosys,quarterly,
2014Q2,7.5164902350600045,Infosys,quarterly,
2014Q3,6.0093171323722885,Infosys,quarterly,
2014Q4,7.271372551804739,Infosys,quarterly,
2015Q1,2.4469991061950145,Infosys,quarterly,
2015Q2,0.1247660798155277,Infosys,quarterly,
2015Q3,-1.222509112925927,Infosys,quarterly,
2015Q4,-2.5720952517063176,Infosys,quarterly,
2016Q1,1.8904154639152653,Infosys,quarterly,
2016Q2,0.3733669552048809,Infosys,quarterly,
2016Q3,1.4652276786870415,Infosys,quarterly,
2016Q4,1.6000341346441338,Infosys,quarterly,
2017Q1,2.3443393189939634,Infosys,quarterly,
2017Q2,4.25596144187959,Infosys,quarterly,
2017Q3,2.6317308317373356,Infosys,quarterly,
2017Q4,3.597510245827798,Infosys,quarterly,
2018Q1,3.239635439375563,Infosys,quarterly,
2018Q2,2.003602676042042,Infosys,quarterly,
2018Q3,1.056968148968764,Infosys,quarterly,
2018Q4,-1.3041085829264367,Infosys,quarterly,
2019Q1,-2.8744493974984664,Infosys,quarterly,
2019Q2,-3.080812374233173,Infosys,quarterly,
2019Q3,-0.8211189830394604,Infosys,quarterly,
2019Q4,0.7134394113874111,Infosys,quarterly,
2020Q1,1.447552417378568,Infosys,quarterly,
2020Q2,-2.312945469377008,Infosys,quarterly,
2020Q3,-1.5430573226645805,Infosys,quarterly,
2020Q4,2.2262196487470702,Infosys,quarterly,
2021Q1,4.907526752132756,Infosys,quarterly,
2021Q2,8.608730484625148,Infosys,quarterly,
2021Q3,6.483751949530787,Infosys,quarterly,
2021Q4,2.51729539245016,Infosys,quarterly,
2022Q1,-0.8013780723553656,Infosys,quarterly,
2022Q2,-4.388695035587503,Infosys,quarterly,
2022Q3,-6.483751949530784,Infosys,quarterly,
2022Q4,-7.994855014792657,Infosys,quarterly,
2023Q1,-8.388148398070213,Infosys,quarterly,
2023Q2,-4.343264053664154,Infosys,quarterly,
2023Q3,-2.1766276481954514,Infosys,quarterly,
2023Q4,1.2165600163688373,Infosys,quarterly,
2024Q1,4.2819997182928144,Infosys,quarterly,
2024Q2,5.049149337626633,Infosys,quarterly,
2024Q3,4.890658538150846,Infosys,quarterly,
2024Q4,3.9127694223861975,Infosys,quarterly,
2025Q1,1.6627461460491832,Infosys,quarterly,
2025Q2,-0.1173020662363287,Infosys,quarterly,
2025Q3,-0.935679341088138,Infosys,quarterly,
2025Q4,-2.234072927460538,Infosys,quarterly,
2026Q1,-2.263348552070376,Infosys,quarterly,
2026Q2,-0.3527340517968411,Infosys,quarterly,
2014Q3,-2.6254491287656077,HCLTech,quarterly,
2014Q4,-1.43715048376529,HCLTech,quarterly,
2015Q1,-2.7695930389257284,HCLTech,quarterly,
2015Q2,-1.1904902506318311,HCLTech,quarterly,
2015Q3,1.0823918061010294,HCLTech,quarterly,
2015Q4,2.1480539516759327,HCLTech,quarterly,
2016Q1,4.418629228867252,HCLTech,quarterly,
2016Q2,2.7172374637106858,HCLTech,quarterly,
2016Q3,2.0130934406977623,HCLTech,quarterly,
2016Q4,-0.1181335045831205,HCLTech,quarterly,
2017Q1,0.1167542456037868,HCLTech,quarterly,
2017Q2,0.2328289759591168,HCLTech,quarterly,
2017Q3,0.8172841755874386,HCLTech,quarterly,
2017Q4,1.4084739881739023,HCLTech,quarterly,
2018Q1,0.2331003386475608,HCLTech,quarterly,
2018Q2,-0.583092031079321,HCLTech,quarterly,
2018Q3,0.8106587532988494,HCLTech,quarterly,
2018Q4,0.9280809074472784,HCLTech,quarterly,
2019Q1,-0.5837728195685528,HCLTech,quarterly,
2014Q2,6.08653439840969,Wipro,quarterly,
2014Q3,6.63874165293767,Wipro,quarterly,
2014Q4,5.880204514011997,Wipro,quarterly,
2015Q1,5.096644359202757,Wipro,quarterly,
2015Q2,5.007303798232114,Wipro,quarterly,
2015Q3,3.5872739429934013,Wipro,quarterly,
2015Q4,-1.0204170174241622,Wipro,quarterly,
2016Q1,-3.797924806521633,Wipro,quarterly,
2016Q2,-2.72294050628544,Wipro,quarterly,
2016Q3,0.6056953708189903,Wipro,quarterly,
2016Q4,4.879016416943205,Wipro,quarterly,
2017Q1,9.001760643855611,Wipro,quarterly,
2017Q2,2.9668430662212986,Wipro,quarterly,
2017Q3,-0.3629768050578724,Wipro,quarterly,
2017Q4,0.0,Wipro,quarterly,
2018Q1,-1.6647233433156168,Wipro,quarterly,
2018Q2,3.706341737688755,Wipro,quarterly,
2018Q3,3.5718082602079244,Wipro,quarterly,
2018Q4,1.5748356968139112,Wipro,quarterly,
2019Q1,2.369779142982318,Wipro,quarterly,
2019Q2,-0.2350177344953626,Wipro,quarterly,
2019Q3,-4.057835948433208,Wipro,quarterly,
2019Q4,-4.423325497682565,Wipro,quarterly,
2020Q1,-3.333642026759194,Wipro,quarterly,
2020Q2,-0.589972212718827,Wipro,quarterly,
2020Q3,5.682001581296394,Wipro,quarterly,
2020Q4,8.081550523904498,Wipro,quarterly,
2021Q1,4.033761572657533,Wipro,quarterly,
2021Q2,2.6855087303176326,Wipro,quarterly,
2021Q3,2.61230073146172,Wipro,quarterly,
2021Q4,-0.5810591595465631,Wipro,quarterly,
2022Q1,-0.9345862418237658,Wipro,quarterly,
2022Q2,-3.517361417826715,Wipro,quarterly,
2022Q3,-11.13575351302007,Wipro,quarterly,
2022Q4,-7.374942069774722,Wipro,quarterly,
2023Q1,-4.194743196931283,Wipro,quarterly,
2023Q2,-0.1194029992607689,Wipro,quarterly,
2023Q3,5.72280299073651,Wipro,quarterly,
2023Q4,5.2547213047144306,Wipro,quarterly,
2024Q1,6.170403040538919,Wipro,quarterly,
2024Q2,4.668292188270766,Wipro,quarterly,
2024Q3,2.223614144688193,Wipro,quarterly,
2024Q4,-0.5970166986503797,Wipro,quarterly,
2025Q1,-2.682376565916884,Wipro,quarterly,
2025Q2,-3.127064288782091,Wipro,quarterly,
2025Q3,0.0,Wipro,quarterly,
2025Q4,-0.4801929995407306,Wipro,quarterly,
2026Q1,-1.308763475536776,Wipro,quarterly,
2026Q2,-1.6607736399660635,Wipro,quarterly,
2008Q1,8.57668217574251,Tech Mahindra,quarterly,
2008Q2,9.937247381320375,Tech Mahindra,quarterly,
2008Q3,9.09717782057268,Tech Mahindra,quarterly,
2008Q4,-2.941388520629334,Tech Mahindra,quarterly,
2009Q1,-4.196419909903219,Tech Mahindra,quarterly,
2009Q2,-4.138521616285437,Tech Mahindra,quarterly,
2009Q3,8.3381608939051,Tech Mahindra,quarterly,
2009Q4,8.57668217574251,Tech Mahindra,quarterly,
2010Q1,4.196419909903221,Tech Mahindra,quarterly,
2010Q2,-2.8573372444056,Tech Mahindra,quarterly,
2010Q3,0.0,Tech Mahindra,quarterly,
2010Q4,4.02738991379399,Tech Mahindra,quarterly,
2011Q1,1.360565205577868,Tech Mahindra,quarterly,
2011Q2,2.8573372444055947,Tech Mahindra,quarterly,
2011Q3,-4.082199452025517,Tech Mahindra,quarterly,
2011Q4,-4.027389913793996,Tech Mahindra,quarterly,
2012Q1,0.0,Tech Mahindra,quarterly,
2016Q2,5.264373348542188,Tech Mahindra,quarterly,
2016Q3,1.801850550267843,Tech Mahindra,quarterly,
2016Q4,0.0,Tech Mahindra,quarterly,
2017Q1,-0.1754785489121192,Tech Mahindra,quarterly,
2017Q2,-1.290340483590784,Tech Mahindra,quarterly,
2017Q3,2.7947637764965383,Tech Mahindra,quarterly,
2017Q4,7.5035185942914095,Tech Mahindra,quarterly,
2018Q1,8.66448665014839,Tech Mahindra,quarterly,
2018Q2,5.434059470008102,Tech Mahindra,quarterly,
2018Q3,0.5911396000039505,Tech Mahindra,quarterly,
2018Q4,-0.6503026628125173,Tech Mahindra,quarterly,
2019Q1,-2.4418259257345185,Tech Mahindra,quarterly,
2019Q2,-1.61193818798833,Tech Mahindra,quarterly,
2019Q3,0.9816029737656634,Tech Mahindra,quarterly,
2019Q4,1.995431965295887,Tech Mahindra,quarterly,
2020Q1,1.650124432083589,Tech Mahindra,quarterly,
2020Q2,2.102736719207558,Tech Mahindra,quarterly,
2020Q3,3.7152265631292583,Tech Mahindra,quarterly,
2020Q4,3.3616217833151953,Tech Mahindra,quarterly,
2021Q1,4.971679473195241,Tech Mahindra,quarterly,
2021Q2,7.421462846958154,Tech Mahindra,quarterly,
2021Q3,2.174998026135877,Tech Mahindra,quarterly,
2021Q4,-3.5091319811270063,Tech Mahindra,quarterly,
2022Q1,-5.045058080008739,Tech Mahindra,quarterly,
2022Q2,-6.036966534407743,Tech Mahindra,quarterly,
2022Q3,-2.2974258796346088,Tech Mahindra,quarterly,
2022Q4,2.7939368689241433,Tech Mahindra,quarterly,
2023Q1,3.9880034769947663,Tech Mahindra,quarterly,
2023Q2,5.084654508495766,Tech Mahindra,quarterly,
2023Q3,1.4546901670635275,Tech Mahindra,quarterly,
2023Q4,1.3568105122107126,Tech Mahindra,quarterly,
2024Q1,-0.070560612756297,Tech Mahindra,quarterly,
2024Q2,-1.1887727275336912,Tech Mahindra,quarterly,
2024Q3,0.1392111593732576,Tech Mahindra,quarterly,
2024Q4,-2.2522173900267903,Tech Mahindra,quarterly,
2025Q1,-0.081032591109959,Tech Mahindra,quarterly,
2025Q2,-1.3559529785632252,Tech Mahindra,quarterly,
2025Q3,-2.144320253828849,Tech Mahindra,quarterly,
2025Q4,1.092018286782392,Tech Mahindra,quarterly,
2026Q1,-0.2667132096525255,Tech Mahindra,quarterly,
2026Q2,2.406953009218267,Tech Mahindra,quarterly,
2022Q3,-2.015480197846026,LTIMindtree,quarterly,
2022Q4,-1.3181736702064275,LTIMindtree,quarterly,
2023Q1,-1.8193345961205705,LTIMindtree,quarterly,
2023Q2,1.5448910941047558,LTIMindtree,quarterly,
2023Q3,3.645318371157955,LTIMindtree,quarterly,
2023Q4,5.286022052024058,LTIMindtree,quarterly,
2024Q1,6.170403040538919,LTIMindtree,quarterly,
2024Q2,4.044456481205703,LTIMindtree,quarterly,
2024Q3,1.262208380974798,LTIMindtree,quarterly,
2024Q4,-2.3149181866965636,LTIMindtree,quarterly,
2025Q1,-1.2739025777429829,LTIMindtree,quarterly,
2025Q2,-0.2267574667780545,LTIMindtree,quarterly,
2025Q3,0.4550633563996289,LTIMindtree,quarterly,
2025Q4,1.7411931476822085,LTIMindtree,quarterly,
2026Q1,-0.1166180890182396,LTIMindtree,quarterly,
2026Q2,-1.9484857132123805,LTIMindtree,quarterly,
2016Q2,3.655759573379751,LTI (pre-merger),quarterly,
2016Q3,6.536599325760354,LTI (pre-merger),quarterly,
2016Q4,5.096644359202757,LTI (pre-merger),quarterly,
2017Q1,2.8134848071518612,LTI (pre-merger),quarterly,
2017Q2,0.256082086167365,LTI (pre-merger),quarterly,
2017Q3,0.1239925763320573,LTI (pre-merger),quarterly,
2017Q4,1.2345835822299362,LTI (pre-merger),quarterly,
2018Q1,2.244483248056491,LTI (pre-merger),quarterly,
2018Q2,3.764559961636697,LTI (pre-merger),quarterly,
2018Q3,1.9632532407121004,LTI (pre-merger),quarterly,
2018Q4,1.8237587549780792,LTI (pre-merger),quarterly,
2019Q1,0.0,LTI (pre-merger),quarterly,
2019Q2,0.1230769386132666,LTI (pre-merger),quarterly,
2019Q3,-2.0872458170441552,LTI (pre-merger),quarterly,
2019Q4,-2.0694591242833096,LTI (pre-merger),quarterly,
2020Q1,-0.6184311608784657,LTI (pre-merger),quarterly,
2020Q2,-2.113192370342763,LTI (pre-merger),quarterly,
2020Q3,1.7220597751670557,LTI (pre-merger),quarterly,
2020Q4,3.3860550425137443,LTI (pre-merger),quarterly,
2021Q1,1.9656652549551807,LTI (pre-merger),quarterly,
2021Q2,5.499247412856514,LTI (pre-merger),quarterly,
2021Q3,2.051973023117654,LTI (pre-merger),quarterly,
2021Q4,-3.2631293970407627,LTI (pre-merger),quarterly,
2022Q1,-0.8552281815317253,LTI (pre-merger),quarterly,
2022Q2,-2.772932337020093,LTI (pre-merger),quarterly,
2016Q3,0.0,Mindtree (pre-merger),quarterly,
2016Q4,4.006258215207051,Mindtree (pre-merger),quarterly,
2017Q1,2.138356602532304,Mindtree (pre-merger),quarterly,
2017Q2,2.4897551621727088,Mindtree (pre-merger),quarterly,
2017Q3,2.4897551621727088,Mindtree (pre-merger),quarterly,
2017Q4,2.081962778239,Mindtree (pre-merger),quarterly,
2018Q1,4.008829806834494,Mindtree (pre-merger),quarterly,
2018Q2,2.9611854046644654,Mindtree (pre-merger),quarterly,
2018Q3,1.7603704418247812,Mindtree (pre-merger),quarterly,
2018Q4,2.4424552007074793,Mindtree (pre-merger),quarterly,
2019Q1,2.012140319942102,Mindtree (pre-merger),quarterly,
2019Q2,2.359218201681998,Mindtree (pre-merger),quarterly,
2019Q3,3.300629646817008,Mindtree (pre-merger),quarterly,
2019Q4,1.7276177191869195,Mindtree (pre-merger),quarterly,
2020Q1,1.5810606026642244,Mindtree (pre-merger),quarterly,
2020Q2,-2.2266800775751547,Mindtree (pre-merger),quarterly,
2020Q3,2.3107575010149493,Mindtree (pre-merger),quarterly,
2020Q4,9.062801745981815,Mindtree (pre-merger),quarterly,
2021Q1,9.70911241753195,Mindtree (pre-merger),quarterly,
2021Q2,9.711469157218383,Mindtree (pre-merger),quarterly,
2021Q3,5.072206527741603,Mindtree (pre-merger),quarterly,
2021Q4,-1.9441681614585384,Mindtree (pre-merger),quarterly,
2022Q1,-1.433716314640733,Mindtree (pre-merger),quarterly,
2022Q2,-2.433210065953067,Mindtree (pre-merger),quarterly,
2008Q1,3.7103683733519013,Indian average (simple),quarterly,
2008Q2,2.1978139993659167,Indian average (simple),quarterly,
2008Q3,2.144495982873684,Indian average (simple),quarterly,
2008Q4,-0.8455700904187834,Indian average (simple),quarterly,
2009Q1,-1.5471879234955852,Indian average (simple),quarterly,
2009Q2,-1.6042044233310062,Indian average (simple),quarterly,
2009Q3,1.8882763749981677,Indian average (simple),quarterly,
2009Q4,4.107875580455002,Indian average (simple),quarterly,
2010Q1,3.409200403177799,Indian average (simple),quarterly,
2010Q2,3.9277577049257295,Indian average (simple),quarterly,
2010Q3,5.213193734270582,Indian average (simple),quarterly,
2010Q4,4.346701936263746,Indian average (simple),quarterly,
2011Q1,-0.13460680836620167,Indian average (simple),quarterly,
2011Q2,-0.4559408385299039,Indian average (simple),quarterly,
2011Q3,-3.2810530573715346,Indian average (simple),quarterly,
2011Q4,-3.457981801398193,Indian average (simple),quarterly,
2012Q1,-1.7259525736748849,Indian average (simple),quarterly,
2012Q2,-3.4080073914986073,Indian average (simple),quarterly,
2012Q3,-3.5674393296055853,Indian average (simple),quarterly,
2012Q4,-2.972830251335573,Indian average (simple),quarterly,
2013Q1,1.4736992278717762,Indian average (simple),quarterly,
2013Q2,2.6923798008458237,Indian average (simple),quarterly,
2013Q3,3.876818743066769,Indian average (simple),quarterly,
2013Q4,4.031915934309255,Indian average (simple),quarterly,
2014Q1,2.9451320321419274,Indian average (simple),quarterly,
2014Q2,5.574232200625427,Indian average (simple),quarterly,
2014Q3,3.331199121759746,Indian average (simple),quarterly,
2014Q4,3.6304071149800246,Indian average (simple),quarterly,
2015Q1,1.6663399392801854,Indian average (simple),quarterly,
2015Q2,1.276773496647671,Indian average (simple),quarterly,
2015Q3,0.8037171236386322,Indian average (simple),quarterly,
2015Q4,-0.8856093410934999,Indian average (simple),quarterly,
2016Q1,0.8370399620869615,Indian average (simple),quarterly,
2016Q2,1.857559366910413,Indian average (simple),quarterly,
2016Q3,2.0704110610386652,Indian average (simple),quarterly,
2016Q4,2.5773032702356713,Indian average (simple),quarterly,
2017Q1,2.7065361782042348,Indian average (simple),quarterly,
2017Q2,1.485188374801549,Indian average (simple),quarterly,
2017Q3,1.4157582862113678,Indian average (simple),quarterly,
2017Q4,2.637674864793674,Indian average (simple),quarterly,
2018Q1,2.7876353566244805,Indian average (simple),quarterly,
2018Q2,2.8811095364934567,Indian average (simple),quarterly,
2018Q3,1.6256997408360618,Indian average (simple),quarterly,
2018Q4,0.8024532190346324,Indian average (simple),quarterly,
2019Q1,-0.25302144664618625,Indian average (simple),quarterly,
2019Q2,-0.48909463128432024,Indian average (simple),quarterly,
2019Q3,-0.5367936255868304,Indian average (simple),quarterly,
2019Q4,-0.41125910521913134,Indian average (simple),quarterly,
2020Q1,0.1453328528977444,Indian average (simple),quarterly,
2020Q2,-1.028010682161239,Indian average (simple),quarterly,
2020Q3,2.3773976195886153,Indian average (simple),quarterly,
2020Q4,5.2236497488924645,Indian average (simple),quarterly,
2021Q1,5.117549094094532,Indian average (simple),quarterly,
2021Q2,6.785283726395167,Indian average (simple),quarterly,
2021Q3,3.6790460515975285,Indian average (simple),quarterly,
2021Q4,-1.356038661344542,Indian average (simple),quarterly,
2022Q1,-1.8139933780720656,Indian average (simple),quarterly,
2022Q2,-3.8298330781590244,Indian average (simple),quarterly,
2022Q3,-5.483102885007872,Indian average (simple),quarterly,
2022Q4,-3.4735084714624156,Indian average (simple),quarterly,
2023Q1,-2.603555678531825,Indian average (simple),quarterly,
2023Q2,0.5417196374188998,Indian average (simple),quarterly,
2023Q3,2.1615459701906357,Indian average (simple),quarterly,
2023Q4,3.2785284713295093,Indian average (simple),quarterly,
2024Q1,4.138061296653589,Indian average (simple),quarterly,
2024Q2,3.143281319892353,Indian average (simple),quarterly,
2024Q3,2.1289230557967733,Indian average (simple),quarterly,
2024Q4,-0.31284571324688404,Indian average (simple),quarterly,
2025Q1,-0.5936413971801606,Indian average (simple),quarterly,
2025Q2,-1.2067692000899248,Indian average (simple),quarterly,
2025Q3,-0.6562340596293396,Indian average (simple),quarterly,
2025Q4,0.02973637686583297,Indian average (simple),quarterly,
2026Q1,-0.9888608315694793,Indian average (simple),quarterly,
2026Q2,-0.38876009893925445,Indian average (simple),quarterly,
2008Q1,1.67069545442696,Indian average (revenue-weighted),quarterly,
2008Q2,-0.5204352147378297,Indian average (revenue-weighted),quarterly,
2008Q3,0.06475170191616493,Indian average (revenue-weighted),quarterly,
2008Q4,0.2297005469763309,Indian average (revenue-weighted),quarterly,
2009Q1,-0.4161199402476098,Indian average (revenue-weighted),quarterly,
2009Q2,-0.455710816341804,Indian average (revenue-weighted),quarterly,
2009Q3,-0.6413542377393823,Indian average (revenue-weighted),quarterly,
2009Q4,2.369185499718223,Indian average (revenue-weighted),quarterly,
2010Q1,3.0598974904988046,Indian average (revenue-weighted),quarterly,
2010Q2,6.169999978873866,Indian average (revenue-weighted),quarterly,
2010Q3,6.810708311858348,Indian average (revenue-weighted),quarterly,
2010Q4,4.301970392777884,Indian average (revenue-weighted),quarterly,
2011Q1,-0.47938711452378285,Indian average (revenue-weighted),quarterly,
2011Q2,-1.3025691727443116,Indian average (revenue-weighted),quarterly,
2011Q3,-2.610183954563049,Indian average (revenue-weighted),quarterly,
2011Q4,-3.0589997182538835,Indian average (revenue-weighted),quarterly,
2012Q1,-2.362889265022346,Indian average (revenue-weighted),quarterly,
2012Q2,-3.1688276410925837,Indian average (revenue-weighted),quarterly,
2012Q3,-3.1709521297049688,Indian average (revenue-weighted),quarterly,
2012Q4,-2.416596659478874,Indian average (revenue-weighted),quarterly,
2013Q1,1.5286798070440137,Indian average (revenue-weighted),quarterly,
2013Q2,2.4625872945440115,Indian average (revenue-weighted),quarterly,
2013Q3,3.4781077124209916,Indian average (revenue-weighted),quarterly,
2013Q4,3.814683100844845,Indian average (revenue-weighted),quarterly,
2014Q1,2.749998925836959,Indian average (revenue-weighted),quarterly,
2014Q2,5.0413004919639315,Indian average (revenue-weighted),quarterly,
2014Q3,3.663390313600258,Indian average (revenue-weighted),quarterly,
2014Q4,3.7707552722851054,Indian average (revenue-weighted),quarterly,
2015Q1,1.8849307647674238,Indian average (revenue-weighted),quarterly,
2015Q2,1.261348478090882,Indian average (revenue-weighted),quarterly,
2015Q3,0.43868142819980604,Indian average (revenue-weighted),quarterly,
2015Q4,-1.3457596852024223,Indian average (revenue-weighted),quarterly,
2016Q1,0.7589785723088194,Indian average (revenue-weighted),quarterly,
2016Q2,0.8862827055878963,Indian average (revenue-weighted),quarterly,
2016Q3,1.5415884991685989,Indian average (revenue-weighted),quarterly,
2016Q4,1.9578859787618152,Indian average (revenue-weighted),quarterly,
2017Q1,3.1263009803937507,Indian average (revenue-weighted),quarterly,
2017Q2,2.0522254898126637,Indian average (revenue-weighted),quarterly,
2017Q3,1.4348021709269239,Indian average (revenue-weighted),quarterly,
2017Q4,2.679142178193442,Indian average (revenue-weighted),quarterly,
2018Q1,2.1503907752839377,Indian average (revenue-weighted),quarterly,
2018Q2,2.3576210989392457,Indian average (revenue-weighted),quarterly,
2018Q3,1.560270798686824,Indian average (revenue-weighted),quarterly,
2018Q4,0.1976841537705593,Indian average (revenue-weighted),quarterly,
2019Q1,-0.8363188671862399,Indian average (revenue-weighted),quarterly,
2019Q2,-1.6295673361615435,Indian average (revenue-weighted),quarterly,
2019Q3,-1.330083391036815,Indian average (revenue-weighted),quarterly,
2019Q4,-0.6240537829985856,Indian average (revenue-weighted),quarterly,
2020Q1,0.005610750247739843,Indian average (revenue-weighted),quarterly,
2020Q2,-1.044777839161315,Indian average (revenue-weighted),quarterly,
2020Q3,1.687711930040347,Indian average (revenue-weighted),quarterly,
2020Q4,4.329735731852891,Indian average (revenue-weighted),quarterly,
2021Q1,4.686882726981507,Indian average (revenue-weighted),quarterly,
2021Q2,6.567777344763298,Indian average (revenue-weighted),quarterly,
2021Q3,4.3418920262963105,Indian average (revenue-weighted),quarterly,
2021Q4,0.13557776043850048,Indian average (revenue-weighted),quarterly,
2022Q1,-1.5814241367813988,Indian average (revenue-weighted),quarterly,
2022Q2,-4.243052438806479,Indian average (revenue-weighted),quarterly,
2022Q3,-6.651471279403511,Indian average (revenue-weighted),quarterly,
2022Q4,-5.372460152199083,Indian average (revenue-weighted),quarterly,
2023Q1,-4.485187073511863,Indian average (revenue-weighted),quarterly,
2023Q2,-1.0551853427226046,Indian average (revenue-weighted),quarterly,
2023Q3,1.1370711872021289,Indian average (revenue-weighted),quarterly,
2023Q4,2.755927511069371,Indian average (revenue-weighted),quarterly,
2024Q1,4.312400310469435,Indian average (revenue-weighted),quarterly,
2024Q2,3.865974260085825,Indian average (revenue-weighted),quarterly,
2024Q3,3.0666863744126727,Indian average (revenue-weighted),quarterly,
2024Q4,1.1279897299961015,Indian average (revenue-weighted),quarterly,
2025Q1,-0.06658685001442369,Indian average (revenue-weighted),quarterly,
2025Q2,-1.0787841859688905,Indian average (revenue-weighted),quarterly,
2025Q3,-0.7287933401837619,Indian average (revenue-weighted),quarterly,
2025Q4,-0.8335352433081933,Indian average (revenue-weighted),quarterly,
2026Q1,-1.4663675206584084,Indian average (revenue-weighted),quarterly,
2026Q2,-0.42740866380592,Indian average (revenue-weighted),quarterly,
2009Q1,0.0,Accenture,quarterly,
2009Q2,-2.3810648693718557,Accenture,quarterly,
2009Q3,2.3530497410194036,Accenture,quarterly,
2009Q4,5.8496206681608625,Accenture,quarterly,
2010Q1,5.8496206681608625,Accenture,quarterly,
2010Q2,5.8496206681608625,Accenture,quarterly,
2010Q3,0.0,Accenture,quarterly,
2010Q4,-1.1428695823622743,Accenture,quarterly,
2011Q1,-2.298951822469872,Accenture,quarterly,
2011Q2,-3.4685557987889983,Accenture,quarterly,
2011Q3,-1.16960397631913,Accenture,quarterly,
2011Q4,0.0,Accenture,quarterly,
2012Q1,1.1560822401076003,Accenture,quarterly,
2015Q4,-1.1049836186584936,Accenture,quarterly,
2016Q1,-1.1049836186584936,Accenture,quarterly,
2016Q2,1.1049836186584936,Accenture,quarterly,
2016Q3,2.197890671877517,Accenture,quarterly,
2016Q4,2.197890671877517,Accenture,quarterly,
2017Q1,1.1049836186584936,Accenture,quarterly,
2017Q2,0.0,Accenture,quarterly,
2017Q3,-1.0929070532190317,Accenture,quarterly,
2017Q4,0.0,Accenture,quarterly,
2018Q1,0.0,Accenture,quarterly,
2018Q2,0.0,Accenture,quarterly,
2018Q3,0.0,Accenture,quarterly,
2018Q4,0.0,Accenture,quarterly,
2019Q1,0.0,Accenture,quarterly,
2019Q2,0.0,Accenture,quarterly,
2019Q3,0.0,Accenture,quarterly,
2019Q4,-1.0929070532190317,Accenture,quarterly,
2020Q1,0.0,Accenture,quarterly,
2020Q2,-3.352269203864356,Accenture,quarterly,
2020Q3,-1.1049836186584936,Accenture,quarterly,
2020Q4,2.173998663640582,Accenture,quarterly,
2021Q1,3.2435275753153956,Accenture,quarterly,
2021Q2,5.526267867504952,Accenture,quarterly,
2021Q3,2.197890671877517,Accenture,quarterly,
2021Q4,-1.0810916104215618,Accenture,quarterly,
2022Q1,-2.150620522096362,Accenture,quarterly,
2022Q2,-2.1739986636405875,Accenture,quarterly,
2022Q3,-1.0929070532190317,Accenture,quarterly,
2022Q4,-1.0929070532190317,Accenture,quarterly,
2023Q1,-1.0929070532190317,Accenture,quarterly,
2023Q2,0.0,Accenture,quarterly,
2023Q3,0.0,Accenture,quarterly,
2023Q4,0.0,Accenture,quarterly,
2024Q1,1.092907053219023,Accenture,quarterly,
2024Q2,1.092907053219023,Accenture,quarterly,
2024Q3,1.092907053219023,Accenture,quarterly,
2024Q4,0.0,Accenture,quarterly,
2025Q1,-1.0929070532190317,Accenture,quarterly,
2025Q2,0.0,Accenture,quarterly,
2025Q3,1.0810916104215675,Accenture,quarterly,
2025Q4,2.173998663640582,Accenture,quarterly,
2026Q1,2.173998663640582,Accenture,quarterly,
2026Q2,1.0810916104215675,Accenture,quarterly,
2018Q1,4.939275532957647,Cognizant,quarterly,
2018Q2,3.68139731227164,Cognizant,quarterly,
2018Q3,1.212136053234482,Cognizant,quarterly,
2018Q4,0.0,Cognizant,quarterly,
2019Q1,0.0,Cognizant,quarterly,
2019Q2,0.0,Cognizant,quarterly,
2019Q3,1.197619104671562,Cognizant,quarterly,
2019Q4,2.381064869371861,Cognizant,quarterly,
2020Q1,0.0,Cognizant,quarterly,
2020Q2,-3.681397312271632,Cognizant,quarterly,
2020Q3,1.1834457647002798,Cognizant,quarterly,
2020Q4,2.3256862164267185,Cognizant,quarterly,
2021Q1,2.381064869371861,Cognizant,quarterly,
2021Q2,4.879016416943205,Cognizant,quarterly,
2021Q3,-1.1834457647002796,Cognizant,quarterly,
2021Q4,-4.706751085798586,Cognizant,quarterly,
2022Q1,-3.593200922606333,Cognizant,quarterly,
2022Q2,-1.197619104671565,Cognizant,quarterly,
2022Q3,-1.197619104671565,Cognizant,quarterly,
2022Q4,-2.4391453124159126,Cognizant,quarterly,
2023Q1,-3.7271394797231654,Cognizant,quarterly,
2023Q2,-3.681397312271632,Cognizant,quarterly,
2023Q3,-3.681397312271632,Cognizant,quarterly,
2023Q4,-2.500130220541727,Cognizant,quarterly,
2024Q1,-2.409755157906053,Cognizant,quarterly,
2024Q2,-1.197619104671565,Cognizant,quarterly,
2024Q3,0.0,Cognizant,quarterly,
2024Q4,1.22700925918144,Cognizant,quarterly,
2025Q1,3.593200922606337,Cognizant,quarterly,
2025Q2,2.381064869371861,Cognizant,quarterly,
2025Q3,1.1834457647002798,Cognizant,quarterly,
2025Q4,1.212136053234482,Cognizant,quarterly,
2026Q1,0.0,Cognizant,quarterly,
2026Q2,0.0,Cognizant,quarterly,
,0.961336311723195,TCS,annual,2008.0
,0.3491643933560325,TCS,annual,2009.0
,3.8366767928376313,TCS,annual,2010.0
,-0.38890513108659147,TCS,annual,2011.0
,-1.6767200991469684,TCS,annual,2012.0
,2.1799806636991463,TCS,annual,2013.0
,2.850109174787075,TCS,annual,2014.0
,0.18163912532253623,TCS,annual,2015.0
,-1.7234348270952142,Infosys,annual,2008.0
,-0.3605700727508374,Infosys,annual,2009.0
,7.494345396317859,Infosys,annual,2010.0
,-4.135360019203771,Infosys,annual,2011.0
,-4.591882817329078,Infosys,annual,2012.0
,3.8574261893476662,Infosys,annual,2013.0
,6.129016990285615,Infosys,annual,2014.0
,-0.3057097946554256,Infosys,annual,2015.0
,1.3322610581128305,Infosys,annual,2016.0
,3.2073854596096716,Infosys,annual,2017.0
,1.2490244203649827,Infosys,annual,2018.0
,-1.515735335845922,Infosys,annual,2019.0
,-0.04555768147898753,Infosys,annual,2020.0
,5.629326144684713,Infosys,annual,2021.0
,-4.917170018066578,Infosys,annual,2022.0
,-3.4228700208902447,Infosys,annual,2023.0
,4.533644254114122,Infosys,annual,2024.0
,-0.4060770471839553,Infosys,annual,2025.0
,-0.1824093829451493,HCLTech,annual,2015.0
,2.257706657173145,HCLTech,annual,2016.0
,0.6438353463310611,HCLTech,annual,2017.0
,0.34718699207859194,HCLTech,annual,2018.0
,3.167701270751028,Wipro,annual,2015.0
,-0.25903838126121936,Wipro,annual,2016.0
,2.901406726254759,Wipro,annual,2017.0
,1.7970655878487434,Wipro,annual,2018.0
,-1.5866000094072046,Wipro,annual,2019.0
,2.4599844664307176,Wipro,annual,2020.0
,2.187627968722581,Wipro,annual,2021.0
,-5.740660810611319,Wipro,annual,2022.0
,1.6658445248147222,Wipro,annual,2023.0
,3.1163231687118746,Wipro,annual,2024.0
,-1.5724084635599265,Wipro,annual,2025.0
,6.167429714251559,Tech Mahindra,annual,2008.0
,2.1449753858647385,Tech Mahindra,annual,2009.0
,1.3416181448229028,Tech Mahindra,annual,2010.0
,-0.9729217289590126,Tech Mahindra,annual,2011.0
,2.2081158345712613,Tech Mahindra,annual,2017.0
,3.509845764336981,Tech Mahindra,annual,2018.0
,-0.2691822936653247,Tech Mahindra,annual,2019.0
,2.7074273744339,Tech Mahindra,annual,2020.0
,2.7647520912905668,Tech Mahindra,annual,2021.0
,-2.646378406281737,Tech Mahindra,annual,2022.0
,2.971039666191193,Tech Mahindra,annual,2023.0
,-0.8430848927358803,Tech Mahindra,annual,2024.0
,-0.6223218841799103,Tech Mahindra,annual,2025.0
,2.1642242302915493,LTIMindtree,annual,2023.0
,2.290537429005714,LTIMindtree,annual,2024.0
,0.1738991148902,LTIMindtree,annual,2025.0
,1.107035762970305,LTI (pre-merger),annual,2017.0
,2.449013801345842,LTI (pre-merger),annual,2018.0
,-1.0084070006785495,LTI (pre-merger),annual,2019.0
,0.5941228216148928,LTI (pre-merger),annual,2020.0
,1.5634390734721468,LTI (pre-merger),annual,2021.0
,2.2999574262791804,Mindtree (pre-merger),annual,2017.0
,2.793210213507805,Mindtree (pre-merger),annual,2018.0
,2.3499014719070073,Mindtree (pre-merger),annual,2019.0
,2.6819849430214586,Mindtree (pre-merger),annual,2020.0
,5.637154985258349,Mindtree (pre-merger),annual,2021.0
,1.8017770662931796,Indian average (simple),annual,2008.0
,0.7111899021566446,Indian average (simple),annual,2009.0
,4.224213444659465,Indian average (simple),annual,2010.0
,-1.8323956264164585,Indian average (simple),annual,2011.0
,-3.1343014582380233,Indian average (simple),annual,2012.0
,3.0187034265234063,Indian average (simple),annual,2013.0
,4.489563082536345,Indian average (simple),annual,2014.0
,0.7153053046182474,Indian average (simple),annual,2015.0
,1.110309778008252,Indian average (simple),annual,2016.0
,2.0612894260027064,Indian average (simple),annual,2017.0
,2.0242244632471578,Indian average (simple),annual,2018.0
,-0.40600463353799876,Indian average (simple),annual,2019.0
,1.6795923848043963,Indian average (simple),annual,2020.0
,3.5564600526856713,Indian average (simple),annual,2021.0
,-4.434736411653211,Indian average (simple),annual,2022.0
,0.844559600101805,Indian average (simple),annual,2023.0
,2.2743549897739577,Indian average (simple),annual,2024.0
,-0.606727070008398,Indian average (simple),annual,2025.0
,0.35131240002894737,Indian average (revenue-weighted),annual,2008.0
,0.21037315920498623,Indian average (revenue-weighted),annual,2009.0
,5.095519246039224,Indian average (revenue-weighted),annual,2010.0
,-1.8677029893360324,Indian average (revenue-weighted),annual,2011.0
,-2.821849478502403,Indian average (revenue-weighted),annual,2012.0
,2.8242948525544143,Indian average (revenue-weighted),annual,2013.0
,4.045960791055139,Indian average (revenue-weighted),annual,2014.0
,0.5651297027555185,Indian average (revenue-weighted),annual,2015.0
,1.0909957598670441,Indian average (revenue-weighted),annual,2016.0
,2.302865685544514,Indian average (revenue-weighted),annual,2017.0
,1.563975129558543,Indian average (revenue-weighted),annual,2018.0
,-1.1404923417312582,Indian average (revenue-weighted),annual,2019.0
,1.269745727720343,Indian average (revenue-weighted),annual,2020.0
,3.9423896984589715,Indian average (revenue-weighted),annual,2021.0
,-4.756713826640887,Indian average (revenue-weighted),annual,2022.0
,-0.42128544415053903,Indian average (revenue-weighted),annual,2023.0
,3.0823561205093424,Indian average (revenue-weighted),annual,2024.0
,-0.6681745115193686,Indian average (revenue-weighted),annual,2025.0
,1.4554013849521026,Accenture,annual,2009.0
,2.6390929384898625,Accenture,annual,2010.0
,-1.7342778993945,Accenture,annual,2011.0
,1.0989453359387584,Accenture,annual,2016.0
,0.0030191413598654737,Accenture,annual,2017.0
,0.0,Accenture,annual,2018.0
,-0.2732267633047579,Accenture,annual,2019.0
,-0.5708135397205668,Accenture,annual,2020.0
,2.4716486260690758,Accenture,annual,2021.0
,-1.627608323043753,Accenture,annual,2022.0
,-0.2732267633047579,Accenture,annual,2023.0
,0.8196802899142672,Accenture,annual,2024.0
,0.5405458052107794,Accenture,annual,2025.0
,2.4582022246159423,Cognizant,annual,2018.0
,0.8946709935108558,Cognizant,annual,2019.0
,-0.04306633278615846,Cognizant,annual,2020.0
,0.3424711089540502,Cognizant,annual,2021.0
,-2.106896111091344,Cognizant,annual,2022.0
,-3.3975160812020393,Cognizant,annual,2023.0
,-0.5950912508490446,Cognizant,annual,2024.0
,2.09246190247824,Cognizant,annual,2025.0
