cal_q,corr,metric,comparator,avg
2008Q4,,gR,Accenture,simple
2009Q1,0.5782729167433718,gR,Accenture,simple
2009Q2,0.8488320381562413,gR,Accenture,simple
2009Q3,0.827881919132031,gR,Accenture,simple
2009Q4,0.8585720297400803,gR,Accenture,simple
2010Q1,0.9345341702540674,gR,Accenture,simple
2010Q2,0.8816554078096541,gR,Accenture,simple
2010Q3,0.8058398061811136,gR,Accenture,simple
2010Q4,0.9252236762359716,gR,Accenture,simple
2011Q1,0.9351868220652951,gR,Accenture,simple
2011Q2,0.8844486655654091,gR,Accenture,simple
2011Q3,0.7604545160609036,gR,Accenture,simple
2011Q4,0.47197695699297376,gR,Accenture,simple
2012Q1,-0.041063248742010665,gR,Accenture,simple
2012Q2,,gR,Accenture,simple
2012Q3,,gR,Accenture,simple
2012Q4,,gR,Accenture,simple
2013Q1,,gR,Accenture,simple
2013Q2,,gR,Accenture,simple
2013Q3,,gR,Accenture,simple
2013Q4,,gR,Accenture,simple
2014Q1,,gR,Accenture,simple
2014Q2,,gR,Accenture,simple
2014Q3,,gR,Accenture,simple
2014Q4,,gR,Accenture,simple
2015Q1,,gR,Accenture,simple
2015Q2,,gR,Accenture,simple
2015Q3,,gR,Accenture,simple
2015Q4,,gR,Accenture,simple
2016Q1,,gR,Accenture,simple
2016Q2,,gR,Accenture,simple
2016Q3,0.31940545731203845,gR,Accenture,simple
2016Q4,0.41380577497468163,gR,Accenture,simple
2017Q1,0.5155257666293489,gR,Accenture,simple
2017Q2,0.6735258421051912,gR,Accenture,simple
2017Q3,0.48374350044875325,gR,Accenture,simple
2017Q4,0.39147405992346995,gR,Accenture,simple
2018Q1,0.10898110607917127,gR,Accenture,simple
2018Q2,0.01151127208329069,gR,Accenture,simple
2018Q3,0.3618864147826714,gR,Accenture,simple
2018Q4,0.4053865410906529,gR,Accenture,simple
2019Q1,0.3753254749891121,gR,Accenture,simple
2019Q2,0.13518478231622605,gR,Accenture,simple
2019Q3,-0.17081708077754185,gR,Accenture,simple
2019Q4,-0.08087210448926291,gR,Accenture,simple
2020Q1,0.23926832211240845,gR,Accenture,simple
2020Q2,0.9386488773210806,gR,Accenture,simple
2020Q3,0.9647006804237984,gR,Accenture,simple
2020Q4,0.9632953579069379,gR,Accenture,simple
2021Q1,0.9542796180704561,gR,Accenture,simple
2021Q2,0.9682252617483513,gR,Accenture,simple
2021Q3,0.990133263241078,gR,Accenture,simple
2021Q4,0.9887801369707905,gR,Accenture,simple
2022Q1,0.9895206013168324,gR,Accenture,simple
2022Q2,0.986759361562542,gR,Accenture,simple
2022Q3,0.978074773083241,gR,Accenture,simple
2022Q4,0.9611047200736753,gR,Accenture,simple
2023Q1,0.9532292659535567,gR,Accenture,simple
2023Q2,0.9768774708503416,gR,Accenture,simple
2023Q3,0.9763892583773146,gR,Accenture,simple
2023Q4,0.9785638245472655,gR,Accenture,simple
2024Q1,0.9765706795073653,gR,Accenture,simple
2024Q2,0.9661003830880928,gR,Accenture,simple
2024Q3,0.9592476521570955,gR,Accenture,simple
2024Q4,0.8487562069153807,gR,Accenture,simple
2025Q1,0.7452484807408698,gR,Accenture,simple
2025Q2,0.7276328720325448,gR,Accenture,simple
2025Q3,0.7345096581922521,gR,Accenture,simple
2025Q4,0.6683580968604133,gR,Accenture,simple
2026Q1,0.3322141966421141,gR,Accenture,simple
2026Q2,-0.04931748649988927,gR,Accenture,simple
2008Q4,,gR,Accenture,weighted
2009Q1,0.6160998289081355,gR,Accenture,weighted
2009Q2,0.8828067412151989,gR,Accenture,weighted
2009Q3,0.8838679113110461,gR,Accenture,weighted
2009Q4,0.8763709396267539,gR,Accenture,weighted
2010Q1,0.8823829555333836,gR,Accenture,weighted
2010Q2,0.80848673493078,gR,Accenture,weighted
2010Q3,0.7704716649619314,gR,Accenture,weighted
2010Q4,0.8901574799157012,gR,Accenture,weighted
2011Q1,0.9101307489621111,gR,Accenture,weighted
2011Q2,0.8702952719276116,gR,Accenture,weighted
2011Q3,0.7620797312754658,gR,Accenture,weighted
2011Q4,0.43526444690405475,gR,Accenture,weighted
2012Q1,-0.09901752062932768,gR,Accenture,weighted
2012Q2,,gR,Accenture,weighted
2012Q3,,gR,Accenture,weighted
2012Q4,,gR,Accenture,weighted
2013Q1,,gR,Accenture,weighted
2013Q2,,gR,Accenture,weighted
2013Q3,,gR,Accenture,weighted
2013Q4,,gR,Accenture,weighted
2014Q1,,gR,Accenture,weighted
2014Q2,,gR,Accenture,weighted
2014Q3,,gR,Accenture,weighted
2014Q4,,gR,Accenture,weighted
2015Q1,,gR,Accenture,weighted
2015Q2,,gR,Accenture,weighted
2015Q3,,gR,Accenture,weighted
2015Q4,,gR,Accenture,weighted
2016Q1,,gR,Accenture,weighted
2016Q2,,gR,Accenture,weighted
2016Q3,0.31885675196425484,gR,Accenture,weighted
2016Q4,0.4775937096215268,gR,Accenture,weighted
2017Q1,0.6750655276859651,gR,Accenture,weighted
2017Q2,0.832484146327526,gR,Accenture,weighted
2017Q3,0.686155422283273,gR,Accenture,weighted
2017Q4,0.4594261919334015,gR,Accenture,weighted
2018Q1,-0.006171271891483293,gR,Accenture,weighted
2018Q2,-0.40796882695066977,gR,Accenture,weighted
2018Q3,-0.005856468110338584,gR,Accenture,weighted
2018Q4,0.19004949028544907,gR,Accenture,weighted
2019Q1,0.18312416827872166,gR,Accenture,weighted
2019Q2,-0.18629438231492082,gR,Accenture,weighted
2019Q3,-0.5164779238662248,gR,Accenture,weighted
2019Q4,-0.48383347494777423,gR,Accenture,weighted
2020Q1,-0.08634972442495942,gR,Accenture,weighted
2020Q2,0.8848715897194283,gR,Accenture,weighted
2020Q3,0.9338947496363349,gR,Accenture,weighted
2020Q4,0.9343019084128391,gR,Accenture,weighted
2021Q1,0.9268950616404411,gR,Accenture,weighted
2021Q2,0.957716209613566,gR,Accenture,weighted
2021Q3,0.9817420503743229,gR,Accenture,weighted
2021Q4,0.9756708205628719,gR,Accenture,weighted
2022Q1,0.9723111317467464,gR,Accenture,weighted
2022Q2,0.9743930880560644,gR,Accenture,weighted
2022Q3,0.9635476784511191,gR,Accenture,weighted
2022Q4,0.9397127604976006,gR,Accenture,weighted
2023Q1,0.9321659075414928,gR,Accenture,weighted
2023Q2,0.9735274539816027,gR,Accenture,weighted
2023Q3,0.9699760818113468,gR,Accenture,weighted
2023Q4,0.9719080665241525,gR,Accenture,weighted
2024Q1,0.9730084230965386,gR,Accenture,weighted
2024Q2,0.9681460444001129,gR,Accenture,weighted
2024Q3,0.9567586204690198,gR,Accenture,weighted
2024Q4,0.8375705812102491,gR,Accenture,weighted
2025Q1,0.665602751108366,gR,Accenture,weighted
2025Q2,0.5006780242457752,gR,Accenture,weighted
2025Q3,0.4600408781539401,gR,Accenture,weighted
2025Q4,0.321152061838113,gR,Accenture,weighted
2026Q1,0.15522161505862428,gR,Accenture,weighted
2026Q2,0.17066297919206688,gR,Accenture,weighted
2008Q4,,gR,Cognizant,simple
2009Q1,,gR,Cognizant,simple
2009Q2,,gR,Cognizant,simple
2009Q3,,gR,Cognizant,simple
2009Q4,,gR,Cognizant,simple
2010Q1,,gR,Cognizant,simple
2010Q2,,gR,Cognizant,simple
2010Q3,,gR,Cognizant,simple
2010Q4,,gR,Cognizant,simple
2011Q1,,gR,Cognizant,simple
2011Q2,,gR,Cognizant,simple
2011Q3,,gR,Cognizant,simple
2011Q4,,gR,Cognizant,simple
2012Q1,,gR,Cognizant,simple
2012Q2,,gR,Cognizant,simple
2012Q3,,gR,Cognizant,simple
2012Q4,,gR,Cognizant,simple
2013Q1,,gR,Cognizant,simple
2013Q2,,gR,Cognizant,simple
2013Q3,,gR,Cognizant,simple
2013Q4,,gR,Cognizant,simple
2014Q1,,gR,Cognizant,simple
2014Q2,,gR,Cognizant,simple
2014Q3,,gR,Cognizant,simple
2014Q4,,gR,Cognizant,simple
2015Q1,,gR,Cognizant,simple
2015Q2,,gR,Cognizant,simple
2015Q3,,gR,Cognizant,simple
2015Q4,,gR,Cognizant,simple
2016Q1,,gR,Cognizant,simple
2016Q2,,gR,Cognizant,simple
2016Q3,,gR,Cognizant,simple
2016Q4,,gR,Cognizant,simple
2017Q1,,gR,Cognizant,simple
2017Q2,,gR,Cognizant,simple
2017Q3,,gR,Cognizant,simple
2017Q4,,gR,Cognizant,simple
2018Q1,,gR,Cognizant,simple
2018Q2,,gR,Cognizant,simple
2018Q3,,gR,Cognizant,simple
2018Q4,-0.05436254076152127,gR,Cognizant,simple
2019Q1,-0.48522873714989845,gR,Cognizant,simple
2019Q2,-0.22798065501539888,gR,Cognizant,simple
2019Q3,-0.14194008996406837,gR,Cognizant,simple
2019Q4,0.18772721811513735,gR,Cognizant,simple
2020Q1,0.6382654753129984,gR,Cognizant,simple
2020Q2,0.9398226088432627,gR,Cognizant,simple
2020Q3,0.9661070998334893,gR,Cognizant,simple
2020Q4,0.9732375432686146,gR,Cognizant,simple
2021Q1,0.944253913226,gR,Cognizant,simple
2021Q2,0.956862263006768,gR,Cognizant,simple
2021Q3,0.9649504238190698,gR,Cognizant,simple
2021Q4,0.9783340294923164,gR,Cognizant,simple
2022Q1,0.9709221478094607,gR,Cognizant,simple
2022Q2,0.9560467703442581,gR,Cognizant,simple
2022Q3,0.922314344496623,gR,Cognizant,simple
2022Q4,0.8240898352815089,gR,Cognizant,simple
2023Q1,0.870287344442732,gR,Cognizant,simple
2023Q2,0.9475837915433278,gR,Cognizant,simple
2023Q3,0.9273446514823726,gR,Cognizant,simple
2023Q4,0.9646085119083643,gR,Cognizant,simple
2024Q1,0.9607686775828889,gR,Cognizant,simple
2024Q2,0.9669380192170016,gR,Cognizant,simple
2024Q3,0.8352729154712523,gR,Cognizant,simple
2024Q4,0.468978537466723,gR,Cognizant,simple
2025Q1,0.6031505871844524,gR,Cognizant,simple
2025Q2,0.7026817177196446,gR,Cognizant,simple
2025Q3,0.6148584553813853,gR,Cognizant,simple
2025Q4,0.4493838034229236,gR,Cognizant,simple
2026Q1,0.004501682099584153,gR,Cognizant,simple
2026Q2,-0.29766798959416285,gR,Cognizant,simple
2008Q4,,gR,Cognizant,weighted
2009Q1,,gR,Cognizant,weighted
2009Q2,,gR,Cognizant,weighted
2009Q3,,gR,Cognizant,weighted
2009Q4,,gR,Cognizant,weighted
2010Q1,,gR,Cognizant,weighted
2010Q2,,gR,Cognizant,weighted
2010Q3,,gR,Cognizant,weighted
2010Q4,,gR,Cognizant,weighted
2011Q1,,gR,Cognizant,weighted
2011Q2,,gR,Cognizant,weighted
2011Q3,,gR,Cognizant,weighted
2011Q4,,gR,Cognizant,weighted
2012Q1,,gR,Cognizant,weighted
2012Q2,,gR,Cognizant,weighted
2012Q3,,gR,Cognizant,weighted
2012Q4,,gR,Cognizant,weighted
2013Q1,,gR,Cognizant,weighted
2013Q2,,gR,Cognizant,weighted
2013Q3,,gR,Cognizant,weighted
2013Q4,,gR,Cognizant,weighted
2014Q1,,gR,Cognizant,weighted
2014Q2,,gR,Cognizant,weighted
2014Q3,,gR,Cognizant,weighted
2014Q4,,gR,Cognizant,weighted
2015Q1,,gR,Cognizant,weighted
2015Q2,,gR,Cognizant,weighted
2015Q3,,gR,Cognizant,weighted
2015Q4,,gR,Cognizant,weighted
2016Q1,,gR,Cognizant,weighted
2016Q2,,gR,Cognizant,weighted
2016Q3,,gR,Cognizant,weighted
2016Q4,,gR,Cognizant,weighted
2017Q1,,gR,Cognizant,weighted
2017Q2,,gR,Cognizant,weighted
2017Q3,,gR,Cognizant,weighted
2017Q4,,gR,Cognizant,weighted
2018Q1,,gR,Cognizant,weighted
2018Q2,,gR,Cognizant,weighted
2018Q3,,gR,Cognizant,weighted
2018Q4,0.08191112838634648,gR,Cognizant,weighted
2019Q1,-0.5187974241179508,gR,Cognizant,weighted
2019Q2,-0.5019760660397072,gR,Cognizant,weighted
2019Q3,-0.5029231616654707,gR,Cognizant,weighted
2019Q4,-0.1985831306907188,gR,Cognizant,weighted
2020Q1,0.35625446397107124,gR,Cognizant,weighted
2020Q2,0.89496811886675,gR,Cognizant,weighted
2020Q3,0.9518531863638474,gR,Cognizant,weighted
2020Q4,0.9446893973906015,gR,Cognizant,weighted
2021Q1,0.9283679412510117,gR,Cognizant,weighted
2021Q2,0.9527381497335012,gR,Cognizant,weighted
2021Q3,0.9672222152855289,gR,Cognizant,weighted
2021Q4,0.9772353018103592,gR,Cognizant,weighted
2022Q1,0.9748352538022111,gR,Cognizant,weighted
2022Q2,0.9620135566196006,gR,Cognizant,weighted
2022Q3,0.9288687408591466,gR,Cognizant,weighted
2022Q4,0.8152972130579983,gR,Cognizant,weighted
2023Q1,0.8890420760819023,gR,Cognizant,weighted
2023Q2,0.9273142210767217,gR,Cognizant,weighted
2023Q3,0.9057180599335384,gR,Cognizant,weighted
2023Q4,0.9481017292554739,gR,Cognizant,weighted
2024Q1,0.9533915288314718,gR,Cognizant,weighted
2024Q2,0.9720151917105092,gR,Cognizant,weighted
2024Q3,0.8423969604774748,gR,Cognizant,weighted
2024Q4,0.4659842042005824,gR,Cognizant,weighted
2025Q1,0.5187397711519365,gR,Cognizant,weighted
2025Q2,0.44938160959169327,gR,Cognizant,weighted
2025Q3,0.273900989514639,gR,Cognizant,weighted
2025Q4,0.054398855877484595,gR,Cognizant,weighted
2026Q1,-0.19265604690266913,gR,Cognizant,weighted
2026Q2,-0.18560823133512014,gR,Cognizant,weighted
2008Q4,,gL,Accenture,simple
2009Q1,,gL,Accenture,simple
2009Q2,,gL,Accenture,simple
2009Q3,,gL,Accenture,simple
2009Q4,,gL,Accenture,simple
2010Q1,,gL,Accenture,simple
2010Q2,,gL,Accenture,simple
2010Q3,,gL,Accenture,simple
2010Q4,,gL,Accenture,simple
2011Q1,,gL,Accenture,simple
2011Q2,0.8769648241199751,gL,Accenture,simple
2011Q3,0.8576138233175636,gL,Accenture,simple
2011Q4,0.6280596835740877,gL,Accenture,simple
2012Q1,0.05304522068029062,gL,Accenture,simple
2012Q2,,gL,Accenture,simple
2012Q3,,gL,Accenture,simple
2012Q4,,gL,Accenture,simple
2013Q1,,gL,Accenture,simple
2013Q2,,gL,Accenture,simple
2013Q3,,gL,Accenture,simple
2013Q4,,gL,Accenture,simple
2014Q1,,gL,Accenture,simple
2014Q2,,gL,Accenture,simple
2014Q3,,gL,Accenture,simple
2014Q4,,gL,Accenture,simple
2015Q1,,gL,Accenture,simple
2015Q2,,gL,Accenture,simple
2015Q3,,gL,Accenture,simple
2015Q4,,gL,Accenture,simple
2016Q1,,gL,Accenture,simple
2016Q2,,gL,Accenture,simple
2016Q3,,gL,Accenture,simple
2016Q4,,gL,Accenture,simple
2017Q1,,gL,Accenture,simple
2017Q2,,gL,Accenture,simple
2017Q3,0.8110532828296863,gL,Accenture,simple
2017Q4,0.5146896814592307,gL,Accenture,simple
2018Q1,-0.015801929414688397,gL,Accenture,simple
2018Q2,-0.11377008031621919,gL,Accenture,simple
2018Q3,-0.2995310517405901,gL,Accenture,simple
2018Q4,-0.7948926481534156,gL,Accenture,simple
2019Q1,-0.9224250467163299,gL,Accenture,simple
2019Q2,-0.9396430731550707,gL,Accenture,simple
2019Q3,-0.9669725309810929,gL,Accenture,simple
2019Q4,-0.9587977418128165,gL,Accenture,simple
2020Q1,-0.43945526123292966,gL,Accenture,simple
2020Q2,0.6846045441137412,gL,Accenture,simple
2020Q3,0.8467305129761928,gL,Accenture,simple
2020Q4,0.8388256926606262,gL,Accenture,simple
2021Q1,0.8078882491946038,gL,Accenture,simple
2021Q2,0.8857777783636134,gL,Accenture,simple
2021Q3,0.9365360527794364,gL,Accenture,simple
2021Q4,0.9526825365446475,gL,Accenture,simple
2022Q1,0.965120108465954,gL,Accenture,simple
2022Q2,0.9712789351255373,gL,Accenture,simple
2022Q3,0.9636031544925983,gL,Accenture,simple
2022Q4,0.962528727215962,gL,Accenture,simple
2023Q1,0.9453799022301614,gL,Accenture,simple
2023Q2,0.9463149672046429,gL,Accenture,simple
2023Q3,0.9471203239826135,gL,Accenture,simple
2023Q4,0.9602990196453953,gL,Accenture,simple
2024Q1,0.9698616876375168,gL,Accenture,simple
2024Q2,0.9855069472643105,gL,Accenture,simple
2024Q3,0.94972175787273,gL,Accenture,simple
2024Q4,0.8356546201752418,gL,Accenture,simple
2025Q1,0.969291013463697,gL,Accenture,simple
2025Q2,0.9697574104550388,gL,Accenture,simple
2025Q3,0.7204785401553021,gL,Accenture,simple
2025Q4,0.3610634266743124,gL,Accenture,simple
2026Q1,0.07369962087284303,gL,Accenture,simple
2026Q2,0.03590509442659105,gL,Accenture,simple
2008Q4,,gL,Accenture,weighted
2009Q1,,gL,Accenture,weighted
2009Q2,,gL,Accenture,weighted
2009Q3,,gL,Accenture,weighted
2009Q4,,gL,Accenture,weighted
2010Q1,,gL,Accenture,weighted
2010Q2,,gL,Accenture,weighted
2010Q3,,gL,Accenture,weighted
2010Q4,,gL,Accenture,weighted
2011Q1,,gL,Accenture,weighted
2011Q2,,gL,Accenture,weighted
2011Q3,,gL,Accenture,weighted
2011Q4,,gL,Accenture,weighted
2012Q1,,gL,Accenture,weighted
2012Q2,,gL,Accenture,weighted
2012Q3,,gL,Accenture,weighted
2012Q4,,gL,Accenture,weighted
2013Q1,,gL,Accenture,weighted
2013Q2,,gL,Accenture,weighted
2013Q3,,gL,Accenture,weighted
2013Q4,,gL,Accenture,weighted
2014Q1,,gL,Accenture,weighted
2014Q2,,gL,Accenture,weighted
2014Q3,,gL,Accenture,weighted
2014Q4,,gL,Accenture,weighted
2015Q1,,gL,Accenture,weighted
2015Q2,,gL,Accenture,weighted
2015Q3,,gL,Accenture,weighted
2015Q4,,gL,Accenture,weighted
2016Q1,,gL,Accenture,weighted
2016Q2,,gL,Accenture,weighted
2016Q3,,gL,Accenture,weighted
2016Q4,,gL,Accenture,weighted
2017Q1,,gL,Accenture,weighted
2017Q2,,gL,Accenture,weighted
2017Q3,0.33341996703893684,gL,Accenture,weighted
2017Q4,0.00393232366791538,gL,Accenture,weighted
2018Q1,-0.4689682168041735,gL,Accenture,weighted
2018Q2,-0.852145828598595,gL,Accenture,weighted
2018Q3,-0.8222539722876896,gL,Accenture,weighted
2018Q4,-0.8904921395221217,gL,Accenture,weighted
2019Q1,-0.8913025432895386,gL,Accenture,weighted
2019Q2,-0.9230867443044493,gL,Accenture,weighted
2019Q3,-0.9654848344146779,gL,Accenture,weighted
2019Q4,-0.9737805020363267,gL,Accenture,weighted
2020Q1,-0.5786672372315108,gL,Accenture,weighted
2020Q2,0.5765112869177963,gL,Accenture,weighted
2020Q3,0.8319627468747208,gL,Accenture,weighted
2020Q4,0.793763287067413,gL,Accenture,weighted
2021Q1,0.745436793886841,gL,Accenture,weighted
2021Q2,0.8425113023949808,gL,Accenture,weighted
2021Q3,0.9001722633276006,gL,Accenture,weighted
2021Q4,0.9265929083222677,gL,Accenture,weighted
2022Q1,0.945600447686532,gL,Accenture,weighted
2022Q2,0.9537780231892582,gL,Accenture,weighted
2022Q3,0.9313266771257072,gL,Accenture,weighted
2022Q4,0.9159538213136493,gL,Accenture,weighted
2023Q1,0.8943014321666214,gL,Accenture,weighted
2023Q2,0.9104115097521266,gL,Accenture,weighted
2023Q3,0.9180358932990218,gL,Accenture,weighted
2023Q4,0.9410434869718185,gL,Accenture,weighted
2024Q1,0.9583484205463301,gL,Accenture,weighted
2024Q2,0.9839837365485817,gL,Accenture,weighted
2024Q3,0.9334212221002339,gL,Accenture,weighted
2024Q4,0.7621006295493534,gL,Accenture,weighted
2025Q1,0.9124500619582099,gL,Accenture,weighted
2025Q2,0.9543827767744357,gL,Accenture,weighted
2025Q3,0.7212506810335794,gL,Accenture,weighted
2025Q4,0.4105564408787387,gL,Accenture,weighted
2026Q1,0.26354988885531777,gL,Accenture,weighted
2026Q2,0.4381707926072942,gL,Accenture,weighted
2008Q4,,gL,Cognizant,simple
2009Q1,,gL,Cognizant,simple
2009Q2,,gL,Cognizant,simple
2009Q3,,gL,Cognizant,simple
2009Q4,,gL,Cognizant,simple
2010Q1,,gL,Cognizant,simple
2010Q2,,gL,Cognizant,simple
2010Q3,0.7247741470657121,gL,Cognizant,simple
2010Q4,0.7837795975955868,gL,Cognizant,simple
2011Q1,0.8384489693716586,gL,Cognizant,simple
2011Q2,0.8765383760513863,gL,Cognizant,simple
2011Q3,0.7392608536346463,gL,Cognizant,simple
2011Q4,0.500039661559979,gL,Cognizant,simple
2012Q1,0.8484685363774892,gL,Cognizant,simple
2012Q2,,gL,Cognizant,simple
2012Q3,,gL,Cognizant,simple
2012Q4,,gL,Cognizant,simple
2013Q1,,gL,Cognizant,simple
2013Q2,,gL,Cognizant,simple
2013Q3,,gL,Cognizant,simple
2013Q4,,gL,Cognizant,simple
2014Q1,,gL,Cognizant,simple
2014Q2,,gL,Cognizant,simple
2014Q3,,gL,Cognizant,simple
2014Q4,,gL,Cognizant,simple
2015Q1,,gL,Cognizant,simple
2015Q2,,gL,Cognizant,simple
2015Q3,,gL,Cognizant,simple
2015Q4,,gL,Cognizant,simple
2016Q1,,gL,Cognizant,simple
2016Q2,,gL,Cognizant,simple
2016Q3,0.2602564812660777,gL,Cognizant,simple
2016Q4,-0.014960308268809121,gL,Cognizant,simple
2017Q1,-0.33970747803976364,gL,Cognizant,simple
2017Q2,-0.6589573564040743,gL,Cognizant,simple
2017Q3,-0.4988369206426315,gL,Cognizant,simple
2017Q4,-0.04129471475981972,gL,Cognizant,simple
2018Q1,0.2685395094557694,gL,Cognizant,simple
2018Q2,0.19277259031668556,gL,Cognizant,simple
2018Q3,0.30330013925863386,gL,Cognizant,simple
2018Q4,0.7025315351755765,gL,Cognizant,simple
2019Q1,0.9475367860030877,gL,Cognizant,simple
2019Q2,0.9443719130644166,gL,Cognizant,simple
2019Q3,0.9206579328286971,gL,Cognizant,simple
2019Q4,0.8456205634664168,gL,Cognizant,simple
2020Q1,0.6727176044902959,gL,Cognizant,simple
2020Q2,0.9304030986506706,gL,Cognizant,simple
2020Q3,0.9554540709529328,gL,Cognizant,simple
2020Q4,0.9585431877329866,gL,Cognizant,simple
2021Q1,0.9689382380565646,gL,Cognizant,simple
2021Q2,0.9740369445175819,gL,Cognizant,simple
2021Q3,0.9908174900224938,gL,Cognizant,simple
2021Q4,0.99510936806179,gL,Cognizant,simple
2022Q1,0.9959322670973436,gL,Cognizant,simple
2022Q2,0.9975693196986174,gL,Cognizant,simple
2022Q3,0.9963869297374269,gL,Cognizant,simple
2022Q4,0.9846891272750351,gL,Cognizant,simple
2023Q1,0.9863497180112037,gL,Cognizant,simple
2023Q2,0.9911019586850132,gL,Cognizant,simple
2023Q3,0.993974547493683,gL,Cognizant,simple
2023Q4,0.9954729182256646,gL,Cognizant,simple
2024Q1,0.9954221777078422,gL,Cognizant,simple
2024Q2,0.978338322793558,gL,Cognizant,simple
2024Q3,0.9356616550956316,gL,Cognizant,simple
2024Q4,0.5951487284557022,gL,Cognizant,simple
2025Q1,-0.1368830824133693,gL,Cognizant,simple
2025Q2,0.1797392773584591,gL,Cognizant,simple
2025Q3,0.39181077367648875,gL,Cognizant,simple
2025Q4,0.4147568717671255,gL,Cognizant,simple
2026Q1,0.39418498643041816,gL,Cognizant,simple
2026Q2,0.11964586741809444,gL,Cognizant,simple
2008Q4,,gL,Cognizant,weighted
2009Q1,,gL,Cognizant,weighted
2009Q2,,gL,Cognizant,weighted
2009Q3,,gL,Cognizant,weighted
2009Q4,,gL,Cognizant,weighted
2010Q1,,gL,Cognizant,weighted
2010Q2,,gL,Cognizant,weighted
2010Q3,,gL,Cognizant,weighted
2010Q4,,gL,Cognizant,weighted
2011Q1,,gL,Cognizant,weighted
2011Q2,,gL,Cognizant,weighted
2011Q3,,gL,Cognizant,weighted
2011Q4,,gL,Cognizant,weighted
2012Q1,,gL,Cognizant,weighted
2012Q2,,gL,Cognizant,weighted
2012Q3,,gL,Cognizant,weighted
2012Q4,,gL,Cognizant,weighted
2013Q1,,gL,Cognizant,weighted
2013Q2,,gL,Cognizant,weighted
2013Q3,,gL,Cognizant,weighted
2013Q4,,gL,Cognizant,weighted
2014Q1,,gL,Cognizant,weighted
2014Q2,,gL,Cognizant,weighted
2014Q3,,gL,Cognizant,weighted
2014Q4,,gL,Cognizant,weighted
2015Q1,,gL,Cognizant,weighted
2015Q2,,gL,Cognizant,weighted
2015Q3,,gL,Cognizant,weighted
2015Q4,,gL,Cognizant,weighted
2016Q1,,gL,Cognizant,weighted
2016Q2,,gL,Cognizant,weighted
2016Q3,0.19020592511340098,gL,Cognizant,weighted
2016Q4,-0.20372593230567512,gL,Cognizant,weighted
2017Q1,-0.4261211245540215,gL,Cognizant,weighted
2017Q2,-0.04872916556668358,gL,Cognizant,weighted
2017Q3,0.4945742078387746,gL,Cognizant,weighted
2017Q4,0.8007039114053519,gL,Cognizant,weighted
2018Q1,0.9153913071935853,gL,Cognizant,weighted
2018Q2,0.9257801125297129,gL,Cognizant,weighted
2018Q3,0.8695143353459317,gL,Cognizant,weighted
2018Q4,0.8923763488944932,gL,Cognizant,weighted
2019Q1,0.9410067960972167,gL,Cognizant,weighted
2019Q2,0.9206524754348611,gL,Cognizant,weighted
2019Q3,0.887315997912779,gL,Cognizant,weighted
2019Q4,0.7850262956997173,gL,Cognizant,weighted
2020Q1,0.5101166298657046,gL,Cognizant,weighted
2020Q2,0.8575099280447626,gL,Cognizant,weighted
2020Q3,0.9347601585258768,gL,Cognizant,weighted
2020Q4,0.9531955072092606,gL,Cognizant,weighted
2021Q1,0.960898693612269,gL,Cognizant,weighted
2021Q2,0.9711239710500068,gL,Cognizant,weighted
2021Q3,0.9867637400960537,gL,Cognizant,weighted
2021Q4,0.9918576227805164,gL,Cognizant,weighted
2022Q1,0.9936678300675683,gL,Cognizant,weighted
2022Q2,0.9912828153948411,gL,Cognizant,weighted
2022Q3,0.9829163481794831,gL,Cognizant,weighted
2022Q4,0.9673256242120594,gL,Cognizant,weighted
2023Q1,0.959475461325131,gL,Cognizant,weighted
2023Q2,0.9738567730156177,gL,Cognizant,weighted
2023Q3,0.983023644796888,gL,Cognizant,weighted
2023Q4,0.9907301660612602,gL,Cognizant,weighted
2024Q1,0.9948122031076995,gL,Cognizant,weighted
2024Q2,0.9868048549467767,gL,Cognizant,weighted
2024Q3,0.9604214981906598,gL,Cognizant,weighted
2024Q4,0.7133376052301776,gL,Cognizant,weighted
2025Q1,0.07080042891983063,gL,Cognizant,weighted
2025Q2,0.2702068076725961,gL,Cognizant,weighted
2025Q3,0.42730620430068667,gL,Cognizant,weighted
2025Q4,0.4046954735154771,gL,Cognizant,weighted
2026Q1,0.23850358343819586,gL,Cognizant,weighted
2026Q2,-0.2508376504939583,gL,Cognizant,weighted
