cal_q,gR_usd,series,freq,year
2008Q1,24.79290736259611,TCS,quarterly,
2008Q2,18.92966459403536,TCS,quarterly,
2008Q3,13.735062069151809,TCS,quarterly,
2008Q4,-0.0674081589393702,TCS,quarterly,
2009Q1,-5.6964551520360365,TCS,quarterly,
2009Q2,-2.9952322283351216,TCS,quarterly,
2009Q3,-2.3137278911759283,TCS,quarterly,
2009Q4,9.757574119342166,TCS,quarterly,
2010Q1,16.258871073362897,TCS,quarterly,
2010Q2,19.240567586058063,TCS,quarterly,
2010Q3,26.46623121391662,TCS,quarterly,
2010Q4,27.10304388593388,TCS,quarterly,
2011Q1,28.634666161455396,TCS,quarterly,
2011Q2,29.60085152283346,TCS,quarterly,
2011Q3,23.10958795047048,TCS,quarterly,
2011Q4,18.743903714111028,TCS,quarterly,
2012Q1,16.50991168805442,TCS,quarterly,
2012Q2,12.311246111627662,TCS,quarterly,
2012Q3,12.21300095040397,TCS,quarterly,
2012Q4,13.101469397742443,TCS,quarterly,
2013Q1,13.805287734336854,TCS,quarterly,
2013Q2,14.858431561492385,TCS,quarterly,
2013Q3,15.670112753787398,TCS,quarterly,
2013Q4,15.37629326335673,TCS,quarterly,
2014Q1,14.176222879721935,TCS,quarterly,
2014Q2,15.455682618090863,TCS,quarterly,
2014Q3,16.33127408070857,TCS,quarterly,
2014Q4,13.400393947906585,TCS,quarterly,
2015Q1,10.73568089202509,TCS,quarterly,
2015Q2,8.85442207143143,TCS,quarterly,
2015Q3,5.616813266065821,TCS,quarterly,
2015Q4,5.300894214753501,TCS,quarterly,
2016Q1,7.577325147278316,TCS,quarterly,
2016Q2,7.767656528807477,TCS,quarterly,
2016Q3,5.112484901759511,TCS,quarterly,
2016Q4,5.674283359681865,TCS,quarterly,
2017Q1,5.660362880491451,TCS,quarterly,
2017Q2,5.116719748764777,TCS,quarterly,
2017Q3,8.014822073087512,TCS,quarterly,
2017Q4,8.725828822629515,TCS,quarterly,
2018Q1,11.046874023516631,TCS,quarterly,
2018Q2,9.548837821883044,TCS,quarterly,
2018Q3,9.571294546728446,TCS,quarterly,
2018Q4,9.232416619316036,TCS,quarterly,
2019Q1,8.202106998804114,TCS,quarterly,
2019Q2,8.243085024127812,TCS,quarterly,
2019Q3,5.629514583755791,TCS,quarterly,
2019Q4,6.203539091945269,TCS,quarterly,
2020Q1,0.8670841152713864,TCS,quarterly,
2020Q2,-8.084825841739454,TCS,quarterly,
2020Q3,-1.7000683652199315,TCS,quarterly,
2020Q4,2.0553522967495277,TCS,quarterly,
2021Q1,9.541036849310572,TCS,quarterly,
2021Q2,19.593344159005103,TCS,quarterly,
2021Q3,15.494050689619874,TCS,quarterly,
2021Q4,13.46706942682872,TCS,quarterly,
2022Q1,11.158587990484875,TCS,quarterly,
2022Q2,9.68748250524542,TCS,quarterly,
2022Q3,8.240845280340574,TCS,quarterly,
2022Q4,8.107975877053377,TCS,quarterly,
2023Q1,7.1876007152157,TCS,quarterly,
2023Q2,6.370853077314428,TCS,quarterly,
2023Q3,4.728644095915867,TCS,quarterly,
2023Q4,2.870077188327272,TCS,quarterly,
2024Q1,2.308111804724873,TCS,quarterly,
2024Q2,3.788383235997676,TCS,quarterly,
2024Q3,6.184766408230709,TCS,quarterly,
2024Q4,3.4821331816990693,TCS,quarterly,
2025Q1,1.3757972604573865,TCS,quarterly,
2025Q2,-1.1255646097428738,TCS,quarterly,
2025Q3,-2.6957234886772774,TCS,quarterly,
2025Q4,-0.3987246111817935,TCS,quarterly,
2026Q1,2.0682163692826734,TCS,quarterly,
2026Q2,2.698734736390455,TCS,quarterly,
2008Q1,28.01216991325277,Infosys,quarterly,
2008Q2,21.88238901696934,Infosys,quarterly,
2008Q3,17.380529176246252,Infosys,quarterly,
2008Q4,7.72001815981259,Infosys,quarterly,
2009Q1,-1.855996714379556,Infosys,quarterly,
2009Q2,-2.8987536873252298,Infosys,quarterly,
2009Q3,-5.233261545806745,Infosys,quarterly,
2009Q4,5.078078049574784,Infosys,quarterly,
2010Q1,14.506145384006006,Infosys,quarterly,
2010Q2,19.09002220359999,Infosys,quarterly,
2010Q3,25.956071146637765,Infosys,quarterly,
2010Q4,25.194554221791588,Infosys,quarterly,
2011Q1,21.197025071608454,Infosys,quarterly,
2011Q2,20.74092204767523,Infosys,quarterly,
2011Q3,15.453257786512486,Infosys,quarterly,
2011Q4,13.05300476655498,Infosys,quarterly,
2012Q1,10.029151015452896,Infosys,quarterly,
2012Q2,4.733574290094306,Infosys,quarterly,
2012Q3,2.8791150384011424,Infosys,quarterly,
2012Q4,5.65122102633424,Infosys,quarterly,
2013Q1,9.011215466787805,Infosys,quarterly,
2013Q2,12.78790325678595,Infosys,quarterly,
2013Q3,13.94957628960248,Infosys,quarterly,
2013Q4,9.43106794712414,Infosys,quarterly,
2014Q1,7.646403273410208,Infosys,quarterly,
2014Q2,6.889241440715418,Infosys,quarterly,
2014Q3,6.329743184687779,Infosys,quarterly,
2014Q4,5.466854419879792,Infosys,quarterly,
2015Q1,3.152460532999377,Infosys,quarterly,
2015Q2,5.606389414659905,Infosys,quarterly,
2015Q3,8.321803354406065,Infosys,quarterly,
2015Q4,8.177526987275964,Infosys,quarterly,
2016Q1,12.480888573231033,Infosys,quarterly,
2016Q2,10.309731825966956,Infosys,quarterly,
2016Q3,7.83690671155068,Infosys,quarterly,
2016Q4,5.810428035873938,Infosys,quarterly,
2017Q1,4.906268086276595,Infosys,quarterly,
2017Q2,5.824627541140641,Infosys,quarterly,
2017Q3,5.3069836777323625,Infosys,quarterly,
2017Q4,7.693200344520341,Infosys,quarterly,
2018Q1,8.788682084691311,Infosys,quarterly,
2018Q2,6.569307882287396,Infosys,quarterly,
2018Q3,6.835728342438829,Infosys,quarterly,
2018Q4,8.085209662909497,Infosys,quarterly,
2019Q1,8.70113769896297,Infosys,quarterly,
2019Q2,10.072243621450616,Infosys,quarterly,
2019Q3,9.434491373632056,Infosys,quarterly,
2019Q4,8.222928809120814,Infosys,quarterly,
2020Q1,4.379795411341505,Infosys,quarterly,
2020Q2,-0.3198979055626309,Infosys,quarterly,
2020Q3,3.12812993810887,Infosys,quarterly,
2020Q4,8.082515249774964,Infosys,quarterly,
2021Q1,12.232558208779867,Infosys,quarterly,
2021Q2,19.20995069476233,Infosys,quarterly,
2021Q3,18.8241999555195,Infosys,quarterly,
2021Q4,18.95950031133949,Infosys,quarterly,
2022Q1,16.941455742820217,Infosys,quarterly,
2022Q2,16.13019015411178,Infosys,quarterly,
2022Q3,13.043129463371328,Infosys,quarterly,
2022Q4,9.188184989833417,Infosys,quarterly,
2023Q1,6.205295804784244,Infosys,quarterly,
2023Q2,3.81902717474684,Infosys,quarterly,
2023Q3,3.515945027356166,Infosys,quarterly,
2023Q4,0.0858184991524187,Infosys,quarterly,
2024Q1,0.2193464358281441,Infosys,quarterly,
2024Q2,2.0791660989087486,Infosys,quarterly,
2024Q3,3.662498403499659,Infosys,quarterly,
2024Q4,5.750386373230396,Infosys,quarterly,
2025Q1,3.572577050401243,Infosys,quarterly,
2025Q2,4.703093534967364,Infosys,quarterly,
2025Q3,3.6513584831661263,Infosys,quarterly,
2025Q4,3.188156051453083,Infosys,quarterly,
2026Q1,6.348087957943573,Infosys,quarterly,
2026Q2,2.813714503435929,Infosys,quarterly,
2008Q1,27.58155857519608,HCLTech,quarterly,
2008Q2,23.73459830988287,HCLTech,quarterly,
2008Q3,15.494956143555408,HCLTech,quarterly,
2008Q4,11.063409412876318,HCLTech,quarterly,
2009Q1,16.7199060057874,HCLTech,quarterly,
2009Q2,19.0855894591213,HCLTech,quarterly,
2009Q3,22.947205658443877,HCLTech,quarterly,
2009Q4,25.107332974715163,HCLTech,quarterly,
2010Q1,19.3947546471306,HCLTech,quarterly,
2010Q2,19.454344616096385,HCLTech,quarterly,
2010Q3,24.347194506709087,HCLTech,quarterly,
2010Q4,28.210416950901884,HCLTech,quarterly,
2011Q1,28.86667013809555,HCLTech,quarterly,
2011Q2,26.65478920038541,HCLTech,quarterly,
2011Q3,22.06023805105236,HCLTech,quarterly,
2011Q4,16.773041577080964,HCLTech,quarterly,
2012Q1,13.61659726499756,HCLTech,quarterly,
2014Q3,12.086591329400962,HCLTech,quarterly,
2014Q4,12.069678818493225,HCLTech,quarterly,
2015Q1,9.074497049137534,HCLTech,quarterly,
2015Q2,8.876901829750535,HCLTech,quarterly,
2015Q3,7.458122703521178,HCLTech,quarterly,
2015Q4,4.927556386728491,HCLTech,quarterly,
2016Q1,6.28598234124822,HCLTech,quarterly,
2016Q2,9.49849236622478,HCLTech,quarterly,
2016Q3,10.90184336915169,HCLTech,quarterly,
2016Q4,10.833800815840284,HCLTech,quarterly,
2017Q1,13.510525426074029,HCLTech,quarterly,
2017Q2,10.83606832716467,HCLTech,quarterly,
2017Q3,11.276452912033756,HCLTech,quarterly,
2017Q4,12.995110689769602,HCLTech,quarterly,
2018Q1,11.489222299132146,HCLTech,quarterly,
2018Q2,8.652918170889699,HCLTech,quarterly,
2018Q3,8.478725955331964,HCLTech,quarterly,
2018Q4,10.22613786673216,HCLTech,quarterly,
2019Q1,11.124113005758073,HCLTech,quarterly,
2019Q2,14.015337114805506,HCLTech,quarterly,
2019Q3,16.924362335502703,HCLTech,quarterly,
2019Q4,14.436282239083804,HCLTech,quarterly,
2020Q1,11.029170374639577,HCLTech,quarterly,
2020Q2,-0.3432861331423738,HCLTech,quarterly,
2020Q3,0.8413174098584124,HCLTech,quarterly,
2020Q4,2.8373996490129145,HCLTech,quarterly,
2021Q1,5.823033176949592,HCLTech,quarterly,
2021Q2,14.373179151220867,HCLTech,quarterly,
2021Q3,10.736520722618488,HCLTech,quarterly,
2021Q4,12.920825715267943,HCLTech,quarterly,
2022Q1,10.45775392314289,HCLTech,quarterly,
2022Q2,10.639322241497483,HCLTech,quarterly,
2022Q3,9.931872241341468,HCLTech,quarterly,
2022Q4,8.572311400584839,HCLTech,quarterly,
2023Q1,7.759563309810689,HCLTech,quarterly,
2023Q2,5.627277672053849,HCLTech,quarterly,
2023Q3,4.5228739830106,HCLTech,quarterly,
2023Q4,5.137035676958692,HCLTech,quarterly,
2024Q1,5.862583353035598,HCLTech,quarterly,
2024Q2,4.997993230502078,HCLTech,quarterly,
2024Q3,6.608398180063156,HCLTech,quarterly,
2024Q4,3.396987535425481,HCLTech,quarterly,
2025Q1,1.96602703625134,HCLTech,quarterly,
2025Q2,5.240741787338916,HCLTech,quarterly,
2025Q3,5.615807493209,HCLTech,quarterly,
2025Q4,7.100989432975378,HCLTech,quarterly,
2026Q1,5.126470621447581,HCLTech,quarterly,
2026Q2,2.918900761030927,HCLTech,quarterly,
2014Q2,9.133578729081467,Wipro,quarterly,
2014Q3,8.257201148554207,Wipro,quarterly,
2014Q4,6.738687968055535,Wipro,quarterly,
2015Q1,3.1078129969172066,Wipro,quarterly,
2015Q2,3.0503454293414625,Wipro,quarterly,
2015Q3,3.352703428588686,Wipro,quarterly,
2015Q4,2.3613393166237935,Wipro,quarterly,
2016Q1,5.881634805877381,Wipro,quarterly,
2016Q2,7.343092136099905,Wipro,quarterly,
2016Q3,4.504256388303603,Wipro,quarterly,
2016Q4,3.4485254069300417,Wipro,quarterly,
2017Q1,3.7850527759410286,Wipro,quarterly,
2017Q2,0.134568624416725,Wipro,quarterly,
2017Q3,2.748500339719939,Wipro,quarterly,
2017Q4,3.622874146448901,Wipro,quarterly,
2018Q1,3.2466298651593055,Wipro,quarterly,
2018Q2,2.825133072594164,Wipro,quarterly,
2018Q3,2.000468801760685,Wipro,quarterly,
2018Q4,3.657578990984231,Wipro,quarterly,
2019Q1,2.7550220936765046,Wipro,quarterly,
2019Q2,2.482995770943997,Wipro,quarterly,
2019Q3,1.9417128863897624,Wipro,quarterly,
2019Q4,2.3327066472875013,Wipro,quarterly,
2020Q1,-0.1301738245193142,Wipro,quarterly,
2020Q2,-5.951551569733001,Wipro,quarterly,
2020Q3,-2.7963121554025197,Wipro,quarterly,
2020Q4,-1.1523077377586337,Wipro,quarterly,
2021Q1,3.7683148367364256,Wipro,quarterly,
2021Q2,22.86463425450399,Wipro,quarterly,
2021Q3,25.84494567165347,Wipro,quarterly,
2021Q4,24.27302682918782,Wipro,quarterly,
2022Q1,23.46731864436204,Wipro,quarterly,
2022Q2,13.23244106319338,Wipro,quarterly,
2022Q3,8.80250749105435,Wipro,quarterly,
2022Q4,6.656794132077734,Wipro,quarterly,
2023Q1,4.237129525860223,Wipro,quarterly,
2023Q2,0.8094576774445592,Wipro,quarterly,
2023Q3,-3.764886758547649,Wipro,quarterly,
2023Q4,-6.03743341504341,Wipro,quarterly,
2024Q1,-6.627977916027973,Wipro,quarterly,
2024Q2,-5.648751931347389,Wipro,quarterly,
2024Q3,-1.9801890186658944,Wipro,quarterly,
2024Q4,-1.0217299206954618,Wipro,quarterly,
2025Q1,-2.3183816872833862,Wipro,quarterly,
2025Q2,-1.477018392270046,Wipro,quarterly,
2025Q3,-2.11997909881989,Wipro,quarterly,
2025Q4,0.23933908281386,Wipro,quarterly,
2026Q1,2.077254300465183,Wipro,quarterly,
2026Q2,1.0419364144383712,Wipro,quarterly,
2008Q1,26.543336032851585,Tech Mahindra,quarterly,
2008Q2,25.4050264153696,Tech Mahindra,quarterly,
2008Q3,19.96820646352118,Tech Mahindra,quarterly,
2008Q4,-5.57679598005703,Tech Mahindra,quarterly,
2009Q1,-19.79590920187544,Tech Mahindra,quarterly,
2009Q2,-17.740537856873104,Tech Mahindra,quarterly,
2009Q3,-13.099117110616437,Tech Mahindra,quarterly,
2009Q4,9.024031101880126,Tech Mahindra,quarterly,
2010Q1,20.10574678514246,Tech Mahindra,quarterly,
2010Q2,9.782229309384546,Tech Mahindra,quarterly,
2010Q3,32.76749707240029,Tech Mahindra,quarterly,
2010Q4,5.779300799453162,Tech Mahindra,quarterly,
2011Q1,7.41355930295816,Tech Mahindra,quarterly,
2011Q2,14.333976372304267,Tech Mahindra,quarterly,
2011Q3,-10.25882768222922,Tech Mahindra,quarterly,
2011Q4,7.104852339407043,Tech Mahindra,quarterly,
2012Q1,1.1069564916548704,Tech Mahindra,quarterly,
2016Q2,4.194480948410932,Tech Mahindra,quarterly,
2016Q3,5.894053740987078,Tech Mahindra,quarterly,
2016Q4,9.523850356586308,Tech Mahindra,quarterly,
2017Q1,10.089525119228092,Tech Mahindra,quarterly,
2017Q2,9.84103817367822,Tech Mahindra,quarterly,
2017Q3,9.492184312681143,Tech Mahindra,quarterly,
2017Q4,8.00613164215094,Tech Mahindra,quarterly,
2018Q1,9.53616140151584,Tech Mahindra,quarterly,
2018Q2,7.277785151200615,Tech Mahindra,quarterly,
2018Q3,3.256382997883394,Tech Mahindra,quarterly,
2018Q4,4.181395968442503,Tech Mahindra,quarterly,
2019Q1,1.8456966580213496,Tech Mahindra,quarterly,
2019Q2,1.8663690525732628,Tech Mahindra,quarterly,
2019Q3,5.511870362247291,Tech Mahindra,quarterly,
2019Q4,7.060278513869761,Tech Mahindra,quarterly,
2020Q1,2.110090896383508,Tech Mahindra,quarterly,
2020Q2,-3.2309631506829737,Tech Mahindra,quarterly,
2020Q3,-1.711238184954448,Tech Mahindra,quarterly,
2020Q4,-3.331349561709617,Tech Mahindra,quarterly,
2021Q1,2.669243727234926,Tech Mahindra,quarterly,
2021Q2,13.61615365654179,Tech Mahindra,quarterly,
2021Q3,15.164349211285543,Tech Mahindra,quarterly,
2021Q4,15.85435909301762,Tech Mahindra,quarterly,
2022Q1,19.022264995588355,Tech Mahindra,quarterly,
2022Q2,16.53931557471668,Tech Mahindra,quarterly,
2022Q3,10.654548742435384,Tech Mahindra,quarterly,
2022Q4,8.425948730929415,Tech Mahindra,quarterly,
2023Q1,3.6331221660871273,Tech Mahindra,quarterly,
2023Q2,-1.9615931502466983,Tech Mahindra,quarterly,
2023Q3,-5.198944786254075,Tech Mahindra,quarterly,
2023Q4,-5.880181118228873,Tech Mahindra,quarterly,
2024Q1,-7.432294665054763,Tech Mahindra,quarterly,
2024Q2,-2.6472748512071607,Tech Mahindra,quarterly,
2024Q3,2.13566565723247,Tech Mahindra,quarterly,
2024Q4,-0.3534483967671046,Tech Mahindra,quarterly,
2025Q1,0.0368104106579747,Tech Mahindra,quarterly,
2025Q2,0.351548229233901,Tech Mahindra,quarterly,
2025Q3,-0.176397999524095,Tech Mahindra,quarterly,
2025Q4,2.6684364107885465,Tech Mahindra,quarterly,
2026Q1,4.7850107475327475,Tech Mahindra,quarterly,
2026Q2,5.954978109090296,Tech Mahindra,quarterly,
2022Q3,17.44652298939892,LTIMindtree,quarterly,
2022Q4,13.07646112955362,LTIMindtree,quarterly,
2023Q1,11.27954941453443,LTIMindtree,quarterly,
2023Q2,7.775478196473867,LTIMindtree,quarterly,
2023Q3,5.112203008962147,LTIMindtree,quarterly,
2023Q4,3.4738754068111333,LTIMindtree,quarterly,
2024Q1,1.1190111594198324,LTIMindtree,quarterly,
2024Q2,3.480791326268201,LTIMindtree,quarterly,
2024Q3,4.641857775282878,LTIMindtree,quarterly,
2024Q4,4.9506148887609775,LTIMindtree,quarterly,
2025Q1,5.600445360148925,LTIMindtree,quarterly,
2025Q2,5.077774461987696,LTIMindtree,quarterly,
2025Q3,4.639493317108944,LTIMindtree,quarterly,
2025Q4,5.907883867820087,LTIMindtree,quarterly,
2026Q1,7.771394229613561,LTIMindtree,quarterly,
2026Q2,5.908820565083333,LTIMindtree,quarterly,
2016Q2,10.243197471366305,LTI (pre-merger),quarterly,
2016Q3,6.818861783562936,LTI (pre-merger),quarterly,
2016Q4,8.55658883296467,LTI (pre-merger),quarterly,
2017Q1,10.095378063106589,LTI (pre-merger),quarterly,
2017Q2,11.474944719778463,LTI (pre-merger),quarterly,
2017Q3,12.12535742963492,LTI (pre-merger),quarterly,
2017Q4,18.021134873408432,LTI (pre-merger),quarterly,
2018Q1,19.56133865716271,LTI (pre-merger),quarterly,
2018Q2,21.040848247735276,LTI (pre-merger),quarterly,
2018Q3,19.389512218797748,LTI (pre-merger),quarterly,
2018Q4,16.715891470755288,LTI (pre-merger),quarterly,
2019Q1,13.539050482793948,LTI (pre-merger),quarterly,
2019Q2,10.832579289887844,LTI (pre-merger),quarterly,
2019Q3,10.20674281593568,LTI (pre-merger),quarterly,
2019Q4,12.832906875277631,LTI (pre-merger),quarterly,
2020Q1,14.718144578460684,LTI (pre-merger),quarterly,
2020Q2,9.058143433221874,LTI (pre-merger),quarterly,
2020Q3,10.60474704145244,LTI (pre-merger),quarterly,
2020Q4,8.1290173919825,LTI (pre-merger),quarterly,
2021Q1,8.753982154573745,LTI (pre-merger),quarterly,
2021Q2,18.624246191939974,LTI (pre-merger),quarterly,
2021Q3,22.97962800519764,LTI (pre-merger),quarterly,
2021Q4,25.67022048740296,LTI (pre-merger),quarterly,
2022Q1,24.288482004405704,LTI (pre-merger),quarterly,
2022Q2,21.02147355813346,LTI (pre-merger),quarterly,
2016Q2,25.052507730166944,Mindtree (pre-merger),quarterly,
2016Q3,7.140139511537219,Mindtree (pre-merger),quarterly,
2016Q4,4.577701834980194,Mindtree (pre-merger),quarterly,
2017Q1,0.3072199036970058,Mindtree (pre-merger),quarterly,
2017Q2,0.5512416865195365,Mindtree (pre-merger),quarterly,
2017Q3,6.615638267797386,Mindtree (pre-merger),quarterly,
2017Q4,10.88404059433394,Mindtree (pre-merger),quarterly,
2018Q1,14.53478060813031,Mindtree (pre-merger),quarterly,
2018Q2,18.80522315029396,Mindtree (pre-merger),quarterly,
2018Q3,17.810966007650524,Mindtree (pre-merger),quarterly,
2018Q4,16.00660870602625,Mindtree (pre-merger),quarterly,
2019Q1,14.692494007907689,Mindtree (pre-merger),quarterly,
2019Q2,8.983691899559744,Mindtree (pre-merger),quarterly,
2019Q3,9.51625892203361,Mindtree (pre-merger),quarterly,
2019Q4,9.005511651939473,Mindtree (pre-merger),quarterly,
2020Q1,6.071442469916768,Mindtree (pre-merger),quarterly,
2020Q2,-4.252670181820379,Mindtree (pre-merger),quarterly,
2020Q3,-3.759841355700755,Mindtree (pre-merger),quarterly,
2020Q4,-0.4005102750448356,Mindtree (pre-merger),quarterly,
2021Q1,3.459575510515707,Mindtree (pre-merger),quarterly,
2021Q2,20.400421110351243,Mindtree (pre-merger),quarterly,
2021Q3,29.369842063792667,Mindtree (pre-merger),quarterly,
2021Q4,29.02326294912349,Mindtree (pre-merger),quarterly,
2022Q1,28.646690000817788,Mindtree (pre-merger),quarterly,
2022Q2,25.15291126956422,Mindtree (pre-merger),quarterly,
2008Q1,26.732492970974135,Indian average (simple),quarterly,
2008Q2,22.487919584064294,Indian average (simple),quarterly,
2008Q3,16.644688463118662,Indian average (simple),quarterly,
2008Q4,3.2848058584231272,Indian average (simple),quarterly,
2009Q1,-2.6571137656259074,Indian average (simple),quarterly,
2009Q2,-1.137233578353038,Indian average (simple),quarterly,
2009Q3,0.5752747777111922,Indian average (simple),quarterly,
2009Q4,12.24175406137806,Indian average (simple),quarterly,
2010Q1,17.566379472410492,Indian average (simple),quarterly,
2010Q2,16.891790928784747,Indian average (simple),quarterly,
2010Q3,27.38424848491594,Indian average (simple),quarterly,
2010Q4,21.57182896452013,Indian average (simple),quarterly,
2011Q1,21.527980168529393,Indian average (simple),quarterly,
2011Q2,22.832634785799588,Indian average (simple),quarterly,
2011Q3,12.591064026451527,Indian average (simple),quarterly,
2011Q4,13.918700599288504,Indian average (simple),quarterly,
2012Q1,10.315654115039937,Indian average (simple),quarterly,
2012Q2,8.522410200860984,Indian average (simple),quarterly,
2012Q3,7.546057994402556,Indian average (simple),quarterly,
2012Q4,9.376345212038341,Indian average (simple),quarterly,
2013Q1,11.40825160056233,Indian average (simple),quarterly,
2013Q2,13.823167409139167,Indian average (simple),quarterly,
2013Q3,14.809844521694938,Indian average (simple),quarterly,
2013Q4,12.403680605240435,Indian average (simple),quarterly,
2014Q1,10.91131307656607,Indian average (simple),quarterly,
2014Q2,10.49283426262925,Indian average (simple),quarterly,
2014Q3,10.75120243583788,Indian average (simple),quarterly,
2014Q4,9.418903788583785,Indian average (simple),quarterly,
2015Q1,6.517612867769802,Indian average (simple),quarterly,
2015Q2,6.597014686295832,Indian average (simple),quarterly,
2015Q3,6.1873606881454375,Indian average (simple),quarterly,
2015Q4,5.191829226345438,Indian average (simple),quarterly,
2016Q1,8.056457716908737,Indian average (simple),quarterly,
2016Q2,10.62987985814904,Indian average (simple),quarterly,
2016Q3,6.886935200978959,Indian average (simple),quarterly,
2016Q4,6.917882663265329,Indian average (simple),quarterly,
2017Q1,6.907761750687826,Indian average (simple),quarterly,
2017Q2,6.254172688780433,Indian average (simple),quarterly,
2017Q3,7.939991287526717,Indian average (simple),quarterly,
2017Q4,9.992617301894525,Indian average (simple),quarterly,
2018Q1,11.171955562758324,Indian average (simple),quarterly,
2018Q2,10.674293356697737,Indian average (simple),quarterly,
2018Q3,9.620439838655942,Indian average (simple),quarterly,
2018Q4,9.729319897880853,Indian average (simple),quarterly,
2019Q1,8.694231563703521,Indian average (simple),quarterly,
2019Q2,8.070900253335541,Indian average (simple),quarterly,
2019Q3,8.45213618278527,Indian average (simple),quarterly,
2019Q4,8.584879118360607,Indian average (simple),quarterly,
2020Q1,5.577936288784875,Indian average (simple),quarterly,
2020Q2,-1.8750073356369914,Indian average (simple),quarterly,
2020Q3,0.6581049040202954,Indian average (simple),quarterly,
2020Q4,2.3171595732866885,Indian average (simple),quarterly,
2021Q1,6.60682063772869,Indian average (simple),quarterly,
2021Q2,18.38313274547504,Indian average (simple),quarterly,
2021Q3,19.773362331383883,Indian average (simple),quarterly,
2021Q4,20.02403783030972,Indian average (simple),quarterly,
2022Q1,19.140364757374552,Indian average (simple),quarterly,
2022Q2,16.057590909494632,Indian average (simple),quarterly,
2022Q3,11.35323770132367,Indian average (simple),quarterly,
2022Q4,9.0046127100054,Indian average (simple),quarterly,
2023Q1,6.7170434893820685,Indian average (simple),quarterly,
2023Q2,3.7400834412978075,Indian average (simple),quarterly,
2023Q3,1.4859724284071765,Indian average (simple),quarterly,
2023Q4,-0.05846796033712801,Indian average (simple),quarterly,
2024Q1,-0.7585366380123815,Indian average (simple),quarterly,
2024Q2,1.0083845181870255,Indian average (simple),quarterly,
2024Q3,3.542166234273829,Indian average (simple),quarterly,
2024Q4,2.7008239436088934,Indian average (simple),quarterly,
2025Q1,1.7055459051055804,Indian average (simple),quarterly,
2025Q2,2.1284291685858263,Indian average (simple),quarterly,
2025Q3,1.4857597844104682,Indian average (simple),quarterly,
2025Q4,3.117680039111527,Indian average (simple),quarterly,
2026Q1,4.696072371047553,Indian average (simple),quarterly,
2026Q2,3.5561808482448853,Indian average (simple),quarterly,
2008Q1,26.401262339486266,Indian average (revenue-weighted),quarterly,
2008Q2,21.124963074736723,Indian average (revenue-weighted),quarterly,
2008Q3,15.699638581669037,Indian average (revenue-weighted),quarterly,
2008Q4,3.9070012526117845,Indian average (revenue-weighted),quarterly,
2009Q1,-1.4996583669832038,Indian average (revenue-weighted),quarterly,
2009Q2,-0.0395984420688521,Indian average (revenue-weighted),quarterly,
2009Q3,0.4955307616015115,Indian average (revenue-weighted),quarterly,
2009Q4,10.831696179053576,Indian average (revenue-weighted),quarterly,
2010Q1,16.480985544402,Indian average (revenue-weighted),quarterly,
2010Q2,18.655703328011235,Indian average (revenue-weighted),quarterly,
2010Q3,26.38021961824558,Indian average (revenue-weighted),quarterly,
2010Q4,25.498348376229778,Indian average (revenue-weighted),quarterly,
2011Q1,25.14002099292586,Indian average (revenue-weighted),quarterly,
2011Q2,25.465303050862023,Indian average (revenue-weighted),quarterly,
2011Q3,18.74586193943282,Indian average (revenue-weighted),quarterly,
2011Q4,15.99919399415973,Indian average (revenue-weighted),quarterly,
2012Q1,13.231351451748479,Indian average (revenue-weighted),quarterly,
2012Q2,9.347835167135154,Indian average (revenue-weighted),quarterly,
2012Q3,8.605905685055781,Indian average (revenue-weighted),quarterly,
2012Q4,10.171355251259405,Indian average (revenue-weighted),quarterly,
2013Q1,11.938893187428446,Indian average (revenue-weighted),quarterly,
2013Q2,14.05889279991936,Indian average (revenue-weighted),quarterly,
2013Q3,15.01221374675315,Indian average (revenue-weighted),quarterly,
2013Q4,13.121874129357373,Indian average (revenue-weighted),quarterly,
2014Q1,11.73468890002504,Indian average (revenue-weighted),quarterly,
2014Q2,11.587152089097845,Indian average (revenue-weighted),quarterly,
2014Q3,11.789084211886646,Indian average (revenue-weighted),quarterly,
2014Q4,10.057502678583472,Indian average (revenue-weighted),quarterly,
2015Q1,7.262512846891097,Indian average (revenue-weighted),quarterly,
2015Q2,7.0145603825795915,Indian average (revenue-weighted),quarterly,
2015Q3,6.13741057231963,Indian average (revenue-weighted),quarterly,
2015Q4,5.394862611137712,Indian average (revenue-weighted),quarterly,
2016Q1,8.244493116260633,Indian average (revenue-weighted),quarterly,
2016Q2,8.503502294323816,Indian average (revenue-weighted),quarterly,
2016Q3,6.557584822278243,Indian average (revenue-weighted),quarterly,
2016Q4,6.490560813243105,Indian average (revenue-weighted),quarterly,
2017Q1,6.771580005625253,Indian average (revenue-weighted),quarterly,
2017Q2,5.838215824431555,Indian average (revenue-weighted),quarterly,
2017Q3,7.33084851276227,Indian average (revenue-weighted),quarterly,
2017Q4,8.566415893118647,Indian average (revenue-weighted),quarterly,
2018Q1,9.60404890946454,Indian average (revenue-weighted),quarterly,
2018Q2,8.052493802486525,Indian average (revenue-weighted),quarterly,
2018Q3,7.581277299003728,Indian average (revenue-weighted),quarterly,
2018Q4,8.206473457204813,Indian average (revenue-weighted),quarterly,
2019Q1,7.685499741396154,Indian average (revenue-weighted),quarterly,
2019Q2,8.296356684773686,Indian average (revenue-weighted),quarterly,
2019Q3,7.9543761126530335,Indian average (revenue-weighted),quarterly,
2019Q4,7.748060497252217,Indian average (revenue-weighted),quarterly,
2020Q1,3.7374716419723053,Indian average (revenue-weighted),quarterly,
2020Q2,-3.8849461248075596,Indian average (revenue-weighted),quarterly,
2020Q3,-0.07783231615028327,Indian average (revenue-weighted),quarterly,
2020Q4,2.7760910685507447,Indian average (revenue-weighted),quarterly,
2021Q1,8.089946344589602,Indian average (revenue-weighted),quarterly,
2021Q2,18.652009493958253,Indian average (revenue-weighted),quarterly,
2021Q3,17.43073524629001,Indian average (revenue-weighted),quarterly,
2021Q4,16.988062182292488,Indian average (revenue-weighted),quarterly,
2022Q1,15.46961457574758,Indian average (revenue-weighted),quarterly,
2022Q2,13.012029659622012,Indian average (revenue-weighted),quarterly,
2022Q3,10.343235191420643,Indian average (revenue-weighted),quarterly,
2022Q4,8.506506809032775,Indian average (revenue-weighted),quarterly,
2023Q1,6.574333391399061,Indian average (revenue-weighted),quarterly,
2023Q2,4.346309185863208,Indian average (revenue-weighted),quarterly,
2023Q3,2.559658891256011,Indian average (revenue-weighted),quarterly,
2023Q4,0.8378144686167243,Indian average (revenue-weighted),quarterly,
2024Q1,0.4934437289179703,Indian average (revenue-weighted),quarterly,
2024Q2,1.9124766199473353,Indian average (revenue-weighted),quarterly,
2024Q3,4.277990619909885,Indian average (revenue-weighted),quarterly,
2024Q4,3.2348289700131962,Indian average (revenue-weighted),quarterly,
2025Q1,1.6413175626334557,Indian average (revenue-weighted),quarterly,
2025Q2,1.6994125189636977,Indian average (revenue-weighted),quarterly,
2025Q3,0.8603638274250277,Indian average (revenue-weighted),quarterly,
2025Q4,2.391283186514535,Indian average (revenue-weighted),quarterly,
2026Q1,4.093779377773878,Indian average (revenue-weighted),quarterly,
2026Q2,2.991144523927777,Indian average (revenue-weighted),quarterly,
2008Q1,16.667440450544245,Accenture,quarterly,
2008Q2,18.295993854761576,Accenture,quarterly,
2008Q3,16.046295687098873,Accenture,quarterly,
2008Q4,5.912469784179271,Accenture,quarterly,
2009Q1,-6.345233075027229,Accenture,quarterly,
2009Q2,-17.05828102843334,Accenture,quarterly,
2009Q3,-15.347152236959438,Accenture,quarterly,
2009Q4,-11.184480558109298,Accenture,quarterly,
2010Q1,-1.721541100933592,Accenture,quarterly,
2010Q2,7.953417762640901,Accenture,quarterly,
2010Q3,5.19957283404124,Accenture,quarterly,
2010Q4,11.618010973641285,Accenture,quarterly,
2011Q1,15.653943045470507,Accenture,quarterly,
2011Q2,18.75276449330631,Accenture,quarterly,
2011Q3,21.00595365986445,Accenture,quarterly,
2011Q4,15.71573404276672,Accenture,quarterly,
2012Q1,11.586151321853007,Accenture,quarterly,
2015Q4,1.4765357278535185,Accenture,quarterly,
2016Q1,5.860075330292496,Accenture,quarterly,
2016Q2,8.20415804268585,Accenture,quarterly,
2016Q3,7.339260709583622,Accenture,quarterly,
2016Q4,6.08044641209611,Accenture,quarterly,
2017Q1,4.576837639305496,Accenture,quarterly,
2017Q2,4.99796733402774,Accenture,quarterly,
2017Q3,7.495004546789172,Accenture,quarterly,
2017Q4,14.905892631178094,Accenture,quarterly,
2018Q1,17.508516559592042,Accenture,quarterly,
2018Q2,18.74353881403812,Accenture,quarterly,
2018Q3,13.800561026300606,Accenture,quarterly,
2018Q4,7.042811687372444,Accenture,quarterly,
2019Q1,5.352956663154611,Accenture,quarterly,
2019Q2,3.714103128738615,Accenture,quarterly,
2019Q3,5.118671012944005,Accenture,quarterly,
2019Q4,6.862961189401945,Accenture,quarterly,
2020Q1,6.368030412854714,Accenture,quarterly,
2020Q2,-0.9812494136146076,Accenture,quarterly,
2020Q3,-2.0134963293180945,Accenture,quarterly,
2020Q4,3.488304079778749,Accenture,quarterly,
2021Q1,8.154624163346528,Accenture,quarterly,
2021Q2,18.793363722659663,Accenture,quarterly,
2021Q3,21.388613070380416,Accenture,quarterly,
2021Q4,24.08346405764095,Accenture,quarterly,
2022Q1,21.893466707965775,Accenture,quarterly,
2022Q2,19.742683566173064,Accenture,quarterly,
2022Q3,13.920965779888212,Accenture,quarterly,
2022Q4,5.0976434869241745,Accenture,quarterly,
2023Q1,4.974738191539397,Accenture,quarterly,
2023Q2,2.4802004048495188,Accenture,quarterly,
2023Q3,3.576085944836829,Accenture,quarterly,
2023Q4,2.9809503292576727,Accenture,quarterly,
2024Q1,-0.0926434679741727,Accenture,quarterly,
2024Q2,-0.5919049567194916,Accenture,quarterly,
2024Q3,2.5972794807351223,Accenture,quarterly,
2024Q4,8.646348382484474,Accenture,quarterly,
2025Q1,5.298949900960575,Accenture,quarterly,
2025Q2,7.379010086522827,Accenture,quarterly,
2025Q3,7.005029049215024,Accenture,quarterly,
2025Q4,5.7799877096990535,Accenture,quarterly,
2026Q1,7.9848198189246595,Accenture,quarterly,
2026Q2,5.4355286921230945,Accenture,quarterly,
2008Q1,33.449628909275745,Cognizant,quarterly,
2008Q2,28.29396080095184,Cognizant,quarterly,
2008Q3,27.363980208900735,Cognizant,quarterly,
2008Q4,22.726866777666125,Cognizant,quarterly,
2009Q1,14.823103359042197,Cognizant,quarterly,
2009Q2,12.48731142113178,Cognizant,quarterly,
2009Q3,14.983384178764766,Cognizant,quarterly,
2009Q4,18.12885486057684,Cognizant,quarterly,
2010Q1,25.21009787557647,Cognizant,quarterly,
2010Q2,35.2824854825989,Cognizant,quarterly,
2010Q3,35.474112078672576,Cognizant,quarterly,
2010Q4,37.28283170466272,Cognizant,quarterly,
2011Q1,35.6838624119694,Cognizant,quarterly,
2011Q2,29.5593030165662,Cognizant,quarterly,
2011Q3,27.428237737304055,Cognizant,quarterly,
2011Q4,23.856167152332713,Cognizant,quarterly,
2012Q1,22.155702800439737,Cognizant,quarterly,
2014Q4,15.202353331643865,Cognizant,quarterly,
2015Q1,18.38967474322344,Cognizant,quarterly,
2015Q2,20.347901024014448,Cognizant,quarterly,
2015Q3,21.08996276842675,Cognizant,quarterly,
2015Q4,16.448437366223,Cognizant,quarterly,
2016Q1,9.514154942609942,Cognizant,quarterly,
2016Q2,8.829899859063804,Cognizant,quarterly,
2016Q3,8.022130194403122,Cognizant,quarterly,
2016Q4,6.8590625090142066,Cognizant,quarterly,
2017Q1,10.204459307749326,Cognizant,quarterly,
2017Q2,8.530859173298268,Cognizant,quarterly,
2017Q3,8.671209285573012,Cognizant,quarterly,
2017Q4,10.049601683669032,Cognizant,quarterly,
2018Q1,9.82285445205548,Cognizant,quarterly,
2018Q2,8.760157517714763,Cognizant,quarterly,
2018Q3,7.959324191730269,Cognizant,quarterly,
2018Q4,7.5692773313245425,Cognizant,quarterly,
2019Q1,4.937427633557237,Cognizant,quarterly,
2019Q2,3.3144067319803585,Cognizant,quarterly,
2019Q3,4.08416117873742,Cognizant,quarterly,
2019Q4,3.685190568154907,Cognizant,quarterly,
2020Q1,2.7596232300993844,Cognizant,quarterly,
2020Q2,-3.4642943443539616,Cognizant,quarterly,
2020Q3,-0.1177717719449891,Cognizant,quarterly,
2020Q4,-2.361942582288058,Cognizant,quarterly,
2021Q1,4.081252701981717,Cognizant,quarterly,
2021Q2,13.649574458853756,Cognizant,quarterly,
2021Q3,11.161009547523644,Cognizant,quarterly,
2021Q4,13.254500764520309,Cognizant,quarterly,
2022Q1,9.218617937388554,Cognizant,quarterly,
2022Q2,6.766884012786941,Cognizant,quarterly,
2022Q3,2.354030166818344,Cognizant,quarterly,
2022Q4,1.289535340335668,Cognizant,quarterly,
2023Q1,-0.29051690904075,Cognizant,quarterly,
2023Q2,-0.4084973000748886,Cognizant,quarterly,
2023Q3,0.8201809356572528,Cognizant,quarterly,
2023Q4,-1.688067593041556,Cognizant,quarterly,
2024Q1,-1.0865129869103765,Cognizant,quarterly,
2024Q2,-0.7395267886156882,Cognizant,quarterly,
2024Q3,2.9576645382492828,Cognizant,quarterly,
2024Q4,6.587747301720634,Cognizant,quarterly,
2025Q1,7.1929731160261134,Cognizant,quarterly,
2025Q2,7.82965368988686,Cognizant,quarterly,
2025Q3,7.097346235028078,Cognizant,quarterly,
2025Q4,4.820904672049279,Cognizant,quarterly,
2026Q1,5.662606841125111,Cognizant,quarterly,
2026Q2,4.401232421571875,Cognizant,quarterly,
,14.00614625506719,TCS,annual,2008.0
,-0.21337718395399685,TCS,annual,2009.0
,22.583463626339324,TCS,annual,2010.0
,24.72860490702309,TCS,annual,2011.0
,13.474635859507089,TCS,annual,2012.0
,14.955161587246948,TCS,annual,2013.0
,14.843328806496231,TCS,annual,2014.0
,7.544958926407102,TCS,annual,2015.0
,6.514651512253729,TCS,annual,2016.0
,6.905441989094389,TCS,annual,2017.0
,9.834582527876561,TCS,annual,2018.0
,7.052105373554932,TCS,annual,2019.0
,-1.632539582160883,TCS,annual,2020.0
,14.48408180570362,TCS,annual,2021.0
,9.268856455391735,TCS,annual,2022.0
,5.269234442775475,TCS,annual,2023.0
,3.9504026215442773,TCS,annual,2024.0
,-0.7207478896817597,TCS,annual,2025.0
,18.39454193788987,Infosys,annual,2008.0
,-1.181158368633741,Infosys,annual,2009.0
,21.424688853220054,Infosys,annual,2010.0
,17.40045904896895,Infosys,annual,2011.0
,5.778499812179129,Infosys,annual,2012.0
,11.286924793678358,Infosys,annual,2013.0
,6.5618851515041055,Infosys,annual,2014.0
,6.385862786908578,Infosys,annual,2015.0
,9.032510489244995,Infosys,annual,2016.0
,5.947490459606354,Infosys,annual,2017.0
,7.56417454693311,Infosys,annual,2018.0
,9.101697288180159,Infosys,annual,2019.0
,3.8934735488013095,Infosys,annual,2020.0
,17.390600273824884,Infosys,annual,2021.0
,13.689783511617815,Infosys,annual,2022.0
,3.3656232257419227,Infosys,annual,2023.0
,2.968648555361366,Infosys,annual,2024.0
,3.7738389985205503,Infosys,annual,2025.0
,19.137047732167968,HCLTech,annual,2008.0
,21.07985281868809,HCLTech,annual,2009.0
,23.09227848542875,HCLTech,annual,2010.0
,23.2963492103877,HCLTech,annual,2011.0
,7.546475130344445,HCLTech,annual,2015.0
,9.429373735398462,HCLTech,annual,2016.0
,12.1426506109822,HCLTech,annual,2017.0
,9.703341860710177,HCLTech,annual,2018.0
,14.171930845450817,HCLTech,annual,2019.0
,3.5722980879817694,HCLTech,annual,2020.0
,10.966470656130252,HCLTech,annual,2021.0
,9.872085503244701,HCLTech,annual,2022.0
,5.747025510312426,HCLTech,annual,2023.0
,5.198181310749774,HCLTech,annual,2024.0
,5.0138102617152445,HCLTech,annual,2025.0
,2.9652883033252055,Wipro,annual,2015.0
,5.288138453086819,Wipro,annual,2016.0
,2.571507441658773,Wipro,annual,2017.0
,2.9345404707106733,Wipro,annual,2018.0
,2.378511700542698,Wipro,annual,2019.0
,-2.464114866883943,Wipro,annual,2020.0
,19.447282427084346,Wipro,annual,2021.0
,12.742538360813901,Wipro,annual,2022.0
,-1.169032495558489,Wipro,annual,2023.0
,-3.8492871353950084,Wipro,annual,2024.0
,-1.4183824263642646,Wipro,annual,2025.0
,16.471181264615733,Tech Mahindra,annual,2008.0
,-10.383164446347898,Tech Mahindra,annual,2009.0
,17.458144075127237,Tech Mahindra,annual,2010.0
,4.1067717851476155,Tech Mahindra,annual,2011.0
,9.33338534581157,Tech Mahindra,annual,2017.0
,6.035405846323443,Tech Mahindra,annual,2018.0
,4.108602075367611,Tech Mahindra,annual,2019.0
,-1.5402679080452566,Tech Mahindra,annual,2020.0
,11.930078086619158,Tech Mahindra,annual,2021.0
,13.517580334293674,Tech Mahindra,annual,2022.0
,-2.3251201769362964,Tech Mahindra,annual,2023.0
,-2.1051579755874674,Tech Mahindra,annual,2024.0
,0.7262057407700031,Tech Mahindra,annual,2025.0
,6.838492608978076,LTIMindtree,annual,2023.0
,3.5725058430628414,LTIMindtree,annual,2024.0
,5.307013460573227,LTIMindtree,annual,2025.0
,13.048636359459968,LTI (pre-merger),annual,2017.0
,19.111576712980384,LTI (pre-merger),annual,2018.0
,11.857497326243747,LTI (pre-merger),annual,2019.0
,10.587111051191139,LTI (pre-merger),annual,2020.0
,19.27822219271448,LTI (pre-merger),annual,2021.0
,4.639167064337986,Mindtree (pre-merger),annual,2017.0
,16.80902468116164,Mindtree (pre-merger),annual,2018.0
,10.49047365784825,Mindtree (pre-merger),annual,2019.0
,-0.5329356730367306,Mindtree (pre-merger),annual,2020.0
,20.941897467047845,Mindtree (pre-merger),annual,2021.0
,17.002229297435193,Indian average (simple),annual,2008.0
,2.3255382049381126,Indian average (simple),annual,2009.0
,21.139643760028843,Indian average (simple),annual,2010.0
,17.38304623788184,Indian average (simple),annual,2011.0
,9.626567835843108,Indian average (simple),annual,2012.0
,13.121043190462654,Indian average (simple),annual,2013.0
,10.70260697900017,Indian average (simple),annual,2014.0
,6.1106462867463325,Indian average (simple),annual,2015.0
,7.566168547496001,Indian average (simple),annual,2016.0
,7.798325610135891,Indian average (simple),annual,2017.0
,10.284663806670855,Indian average (simple),annual,2018.0
,8.451545466741173,Indian average (simple),annual,2019.0
,1.6975749511210576,Indian average (simple),annual,2020.0
,16.348376129874943,Indian average (simple),annual,2021.0
,11.818168833072367,Indian average (simple),annual,2022.0
,2.9543705192188523,Indian average (simple),annual,2023.0
,1.622548869955964,Indian average (simple),annual,2024.0
,2.1136230242555003,Indian average (simple),annual,2025.0
,16.418441024787057,Indian average (revenue-weighted),annual,2008.0
,2.5039164643343597,Indian average (revenue-weighted),annual,2009.0
,21.971540109461507,Indian average (revenue-weighted),annual,2010.0
,21.061534546763603,Indian average (revenue-weighted),annual,2011.0
,10.451452474118753,Indian average (revenue-weighted),annual,2012.0
,13.546175734628314,Indian average (revenue-weighted),annual,2013.0
,11.823000594448136,Indian average (revenue-weighted),annual,2014.0
,6.416353983473197,Indian average (revenue-weighted),annual,2015.0
,7.3687170262848625,Indian average (revenue-weighted),annual,2016.0
,7.1351221168468735,Indian average (revenue-weighted),annual,2017.0
,8.346161348929405,Indian average (revenue-weighted),annual,2018.0
,7.910862270692244,Indian average (revenue-weighted),annual,2019.0
,0.6715964995348053,Indian average (revenue-weighted),annual,2020.0
,15.306376582557979,Indian average (revenue-weighted),annual,2021.0
,11.301142001383758,Indian average (revenue-weighted),annual,2022.0
,3.5456171814390083,Indian average (revenue-weighted),annual,2023.0
,2.482428678538366,Indian average (revenue-weighted),annual,2024.0
,1.6422895256207068,Indian average (revenue-weighted),annual,2025.0
,14.079065069740231,Accenture,annual,2008.0
,-12.518489967708534,Accenture,annual,2009.0
,5.9052871869246,Accenture,annual,2010.0
,17.778930711542866,Accenture,annual,2011.0
,6.880117246721229,Accenture,annual,2016.0
,8.147423186996505,Accenture,annual,2017.0
,14.124798260196869,Accenture,annual,2018.0
,5.264054446983554,Accenture,annual,2019.0
,1.7178601544954213,Accenture,annual,2020.0
,18.34394473144467,Accenture,annual,2021.0
,14.91060687009364,Accenture,annual,2022.0
,3.483656353484606,Accenture,annual,2023.0
,2.708772948061304,Accenture,annual,2024.0
,6.368681948124759,Accenture,annual,2025.0
,27.668851923575854,Cognizant,annual,2008.0
,15.201033032984412,Cognizant,annual,2009.0
,33.696465062849235,Cognizant,annual,2010.0
,28.73505996029491,Cognizant,annual,2011.0
,19.047185178983224,Cognizant,annual,2015.0
,8.274770961371173,Cognizant,annual,2016.0
,9.356895522513279,Cognizant,annual,2017.0
,8.506823440212868,Cognizant,annual,2018.0
,3.999560664420601,Cognizant,annual,2019.0
,-0.7836139993313193,Cognizant,annual,2020.0
,10.561870956288228,Cognizant,annual,2021.0
,4.856628558788706,Cognizant,annual,2022.0
,-0.38678782652841076,Cognizant,annual,2023.0
,1.9596933008841344,Cognizant,annual,2024.0
,6.72077363163659,Cognizant,annual,2025.0
