file,line,firm,cal_q,fiscal_q,column,dimension,level,action,old,new,n_rows,reason,source,note
corrections_1a.csv,2,mindtree,2022Q1,Q4FY22,segment_growth_qoq,"Retail, CPG & Manufacturing",raw,replace,2.4,-2.4,1,"Sign lost: Mindtree releases print negatives in parentheses, e.g. ""(3.7)%""; parser stored them as positive. Systematic: all 211 Mindtree growth rows in ltim.csv are >=0; 16 verified negatives found (4 total-revenue, 12 segment).",https://nsearchives.nseindia.com/corporate/10LetterQ4Results_18042022163758.pdf | <pandas.core.indexing._LocIndexer object at 0x110906fd0>,all matching vintages
corrections_1a.csv,3,mindtree,2022Q1,Q4FY22,segment_growth_qoq,UK and Ireland,raw,replace,6.0,-6.0,1,"Sign lost: Mindtree releases print negatives in parentheses, e.g. ""(3.7)%""; parser stored them as positive. Systematic: all 211 Mindtree growth rows in ltim.csv are >=0; 16 verified negatives found (4 total-revenue, 12 segment).",https://nsearchives.nseindia.com/corporate/10LetterQ4Results_18042022163758.pdf | <pandas.core.indexing._LocIndexer object at 0x1109070c0>,all matching vintages
corrections_1a.csv,4,mindtree,2021Q4,Q3FY22,segment_growth_qoq,UK and Ireland,raw,replace,7.1,-7.1,1,"Sign lost: Mindtree releases print negatives in parentheses, e.g. ""(3.7)%""; parser stored them as positive. Systematic: all 211 Mindtree growth rows in ltim.csv are >=0; 16 verified negatives found (4 total-revenue, 12 segment).",https://nsearchives.nseindia.com/corporate/129LetterQ3Results_13012022155113.pdf | <pandas.core.indexing._LocIndexer object at 0x1109071b0>,all matching vintages
corrections_1a.csv,5,mindtree,2022Q2,Q1FY23,segment_growth_qoq,Continental Europe,raw,replace,9.2,-9.2,1,"Sign lost: Mindtree releases print negatives in parentheses, e.g. ""(3.7)%""; parser stored them as positive. Systematic: all 211 Mindtree growth rows in ltim.csv are >=0; 16 verified negatives found (4 total-revenue, 12 segment).",https://nsearchives.nseindia.com/corporate/MINDTREE_13072022155715_50LetterQ1Results.pdf | <pandas.core.indexing._LocIndexer object at 0x1109072f0>,all matching vintages
corrections_1a.csv,6,mindtree,2022Q2,Q1FY23,segment_growth_qoq,Customer Success,raw,replace,1.1,-1.1,1,"Sign lost: Mindtree releases print negatives in parentheses, e.g. ""(3.7)%""; parser stored them as positive. Systematic: all 211 Mindtree growth rows in ltim.csv are >=0; 16 verified negatives found (4 total-revenue, 12 segment).",https://nsearchives.nseindia.com/corporate/MINDTREE_13072022155715_50LetterQ1Results.pdf | <pandas.core.indexing._LocIndexer object at 0x110907430>,all matching vintages
corrections_1a.csv,7,mindtree,2022Q2,Q1FY23,segment_growth_qoq,"Retail, CPG & Manufacturing",raw,replace,8.7,-8.7,1,"Sign lost: Mindtree releases print negatives in parentheses, e.g. ""(3.7)%""; parser stored them as positive. Systematic: all 211 Mindtree growth rows in ltim.csv are >=0; 16 verified negatives found (4 total-revenue, 12 segment).",https://nsearchives.nseindia.com/corporate/MINDTREE_13072022155715_50LetterQ1Results.pdf | <pandas.core.indexing._LocIndexer object at 0x110907570>,all matching vintages
corrections_1a.csv,8,mindtree,2022Q2,Q1FY23,segment_growth_qoq,UK and Ireland,raw,replace,18.7,-18.7,1,"Sign lost: Mindtree releases print negatives in parentheses, e.g. ""(3.7)%""; parser stored them as positive. Systematic: all 211 Mindtree growth rows in ltim.csv are >=0; 16 verified negatives found (4 total-revenue, 12 segment).",https://nsearchives.nseindia.com/corporate/MINDTREE_13072022155715_50LetterQ1Results.pdf | <pandas.core.indexing._LocIndexer object at 0x1109076b0>,all matching vintages
corrections_1a.csv,9,mindtree,2022Q3,Q2FY23,segment_growth_qoq,Continental Europe,raw,replace,9.1,-9.1,1,"Sign lost: Mindtree releases print negatives in parentheses, e.g. ""(3.7)%""; parser stored them as positive. Systematic: all 211 Mindtree growth rows in ltim.csv are >=0; 16 verified negatives found (4 total-revenue, 12 segment).",https://nsearchives.nseindia.com/corporate/MINDTREE_13102022161548_98LetterQ2results.pdf | <pandas.core.indexing._LocIndexer object at 0x1109077f0>,all matching vintages
corrections_1a.csv,10,mindtree,2022Q3,Q2FY23,segment_growth_qoq,"Retail, CPG & Manufacturing",raw,replace,0.8,-0.8,1,"Sign lost: Mindtree releases print negatives in parentheses, e.g. ""(3.7)%""; parser stored them as positive. Systematic: all 211 Mindtree growth rows in ltim.csv are >=0; 16 verified negatives found (4 total-revenue, 12 segment).",https://nsearchives.nseindia.com/corporate/MINDTREE_13102022161548_98LetterQ2results.pdf | <pandas.core.indexing._LocIndexer object at 0x110907930>,all matching vintages
corrections_1a.csv,11,mindtree,2022Q3,Q2FY23,segment_growth_yoy,Continental Europe,raw,replace,6.6,-6.6,1,"Sign lost: Mindtree releases print negatives in parentheses, e.g. ""(3.7)%""; parser stored them as positive. Systematic: all 211 Mindtree growth rows in ltim.csv are >=0; 16 verified negatives found (4 total-revenue, 12 segment).",https://nsearchives.nseindia.com/corporate/MINDTREE_13102022161548_98LetterQ2results.pdf | <pandas.core.indexing._LocIndexer object at 0x110907a70>,all matching vintages
corrections_1a.csv,12,mindtree,2022Q3,Q2FY23,segment_growth_yoy,"Retail, CPG & Manufacturing",raw,replace,11.5,-11.5,1,"Sign lost: Mindtree releases print negatives in parentheses, e.g. ""(3.7)%""; parser stored them as positive. Systematic: all 211 Mindtree growth rows in ltim.csv are >=0; 16 verified negatives found (4 total-revenue, 12 segment).",https://nsearchives.nseindia.com/corporate/MINDTREE_13102022161548_98LetterQ2results.pdf | <pandas.core.indexing._LocIndexer object at 0x110907bb0>,all matching vintages
corrections_1a.csv,13,mindtree,2022Q3,Q2FY23,segment_growth_yoy,UK and Ireland,raw,replace,26.7,-26.7,1,"Sign lost: Mindtree releases print negatives in parentheses, e.g. ""(3.7)%""; parser stored them as positive. Systematic: all 211 Mindtree growth rows in ltim.csv are >=0; 16 verified negatives found (4 total-revenue, 12 segment).",https://nsearchives.nseindia.com/corporate/MINDTREE_13102022161548_98LetterQ2results.pdf | <pandas.core.indexing._LocIndexer object at 0x110907cf0>,all matching vintages
corrections_1a.csv,14,mindtree,2016Q3,Q2FY17,revenue_growth_qoq,total,raw,replace,3.0,-3.0,1,"Sign lost: Mindtree releases print negatives in parentheses, e.g. ""(3.7)%""; parser stored them as positive. Systematic: all 211 Mindtree growth rows in ltim.csv are >=0; 16 verified negatives found (4 total-revenue, 12 segment).",https://nsearchives.nseindia.com/corporate/118LettertoSEsonQtr2resultsintimationasperRegulation33ofLODR_21102016163303.zip | <pandas.core.indexing._LocIndexer object at 0x110907e30>,all matching vintages
corrections_1a.csv,15,mindtree,2016Q4,Q3FY17,revenue_growth_qoq,total,raw,replace,0.4,-0.4,1,"Sign lost: Mindtree releases print negatives in parentheses, e.g. ""(3.7)%""; parser stored them as positive. Systematic: all 211 Mindtree growth rows in ltim.csv are >=0; 16 verified negatives found (4 total-revenue, 12 segment).",https://nsearchives.nseindia.com/corporate/164reg33Q3_19012017160733.zip | <pandas.core.indexing._LocIndexer object at 0x110907f70>,all matching vintages
corrections_1a.csv,16,mindtree,2020Q3,Q2FY21,revenue_growth_yoy,total,raw,replace,3.7,-3.7,1,"Sign lost: Mindtree releases print negatives in parentheses, e.g. ""(3.7)%""; parser stored them as positive. Systematic: all 211 Mindtree growth rows in ltim.csv are >=0; 16 verified negatives found (4 total-revenue, 12 segment).",https://nsearchives.nseindia.com/corporate/201LetteronQtr2resultsOct152020_15102020163206.zip | <pandas.core.indexing._LocIndexer object at 0x1109140f0>,all matching vintages
corrections_1a.csv,17,mindtree,2020Q4,Q3FY21,revenue_growth_yoy,total,raw,replace,0.4,-0.4,1,"Sign lost: Mindtree releases print negatives in parentheses, e.g. ""(3.7)%""; parser stored them as positive. Systematic: all 211 Mindtree growth rows in ltim.csv are >=0; 16 verified negatives found (4 total-revenue, 12 segment).",https://nsearchives.nseindia.com/corporate/247LettertoSEsonQtr3resultsintimationasperRegulatio33ofLODR_18012021154325.zip | <pandas.core.indexing._LocIndexer object at 0x110914230>,all matching vintages
corrections_1b.csv,14,lti,2017Q2,Q1FY18,segment_growth_qoq,Enterprise Solutions,raw,replace,2.7,-2.7,1,"Sign error: the document prints a negative growth as '(x.x)%', which parse_num in scripts/extract/ltim_parse_tables.py reads as positive (it only recognises '(x)' and '(x%)').",https://www.ltm.com/content/dam/ltimcorporatewebsite/uploads/investors/2017/07/LTI-Q1Y18-Earnings-Release-and-Factsheet_Final-Upload-4-20-PM.pdf | p10; table 'Constant Currency Reporting'; row 'Enterprise Solutions'; col qoq,all matching vintages
corrections_1b.csv,15,lti,2017Q2,Q1FY18,segment_growth_qoq,Europe,raw,replace,4.5,-4.5,1,"Sign error: the document prints a negative growth as '(x.x)%', which parse_num in scripts/extract/ltim_parse_tables.py reads as positive (it only recognises '(x)' and '(x%)').",https://www.ltm.com/content/dam/ltimcorporatewebsite/uploads/investors/2017/07/LTI-Q1Y18-Earnings-Release-and-Factsheet_Final-Upload-4-20-PM.pdf | p10; table 'Constant Currency Reporting'; row 'Europe'; col qoq,all matching vintages
corrections_1b.csv,16,lti,2017Q2,Q1FY18,segment_growth_qoq,Manufacturing,raw,replace,13.3,-13.3,1,"Sign error: the document prints a negative growth as '(x.x)%', which parse_num in scripts/extract/ltim_parse_tables.py reads as positive (it only recognises '(x)' and '(x%)').",https://www.ltm.com/content/dam/ltimcorporatewebsite/uploads/investors/2017/07/LTI-Q1Y18-Earnings-Release-and-Factsheet_Final-Upload-4-20-PM.pdf | p10; table 'Constant Currency Reporting'; row 'Manufacturing'; col qoq,all matching vintages
corrections_1b.csv,17,lti,2017Q2,Q1FY18,segment_growth_qoq,Platform Based Solutions,raw,replace,4.2,-4.2,1,"Sign error: the document prints a negative growth as '(x.x)%', which parse_num in scripts/extract/ltim_parse_tables.py reads as positive (it only recognises '(x)' and '(x%)').",https://www.ltm.com/content/dam/ltimcorporatewebsite/uploads/investors/2017/07/LTI-Q1Y18-Earnings-Release-and-Factsheet_Final-Upload-4-20-PM.pdf | p10; table 'Constant Currency Reporting'; row 'Platform Based Solutions'; col qoq,all matching vintages
corrections_1b.csv,18,lti,2017Q2,Q1FY18,segment_growth_qoq,Testing,raw,replace,0.9,-0.9,1,"Sign error: the document prints a negative growth as '(x.x)%', which parse_num in scripts/extract/ltim_parse_tables.py reads as positive (it only recognises '(x)' and '(x%)').",https://www.ltm.com/content/dam/ltimcorporatewebsite/uploads/investors/2017/07/LTI-Q1Y18-Earnings-Release-and-Factsheet_Final-Upload-4-20-PM.pdf | p10; table 'Constant Currency Reporting'; row 'Service Offering Testing'; col qoq,all matching vintages
corrections_1b.csv,19,lti,2017Q2,Q1FY18,segment_growth_yoy,RoW,raw,replace,2.5,-2.5,1,"Sign error: the document prints a negative growth as '(x.x)%', which parse_num in scripts/extract/ltim_parse_tables.py reads as positive (it only recognises '(x)' and '(x%)').",https://www.ltm.com/content/dam/ltimcorporatewebsite/uploads/investors/2017/07/LTI-Q1Y18-Earnings-Release-and-Factsheet_Final-Upload-4-20-PM.pdf | p10; table 'Constant Currency Reporting'; row 'RoW'; col yoy,all matching vintages
corrections_1b.csv,20,mindtree,2016Q3,Q2FY17,revenue_growth_qoq,total,raw,duplicate,3.0,-3.0,0,"Sign error: the document prints a negative growth as '(x.x)%', which parse_num in scripts/extract/ltim_parse_tables.py reads as positive (it only recognises '(x)' and '(x%)').",https://nsearchives.nseindia.com/corporate/118LettertoSEsonQtr2resultsintimationasperRegulation33ofLODR_21102016163303.zip | PDF inside NSE zip; p21; table 'Q2 Q1 Q2 Growth (%) [USD]'; row 'Revenue'; col qoq,same change already applied from corrections_1a.csv line 14
corrections_1b.csv,21,mindtree,2016Q4,Q3FY17,revenue_growth_qoq,total,raw,duplicate,0.4,-0.4,0,"Sign error: the document prints a negative growth as '(x.x)%', which parse_num in scripts/extract/ltim_parse_tables.py reads as positive (it only recognises '(x)' and '(x%)').",https://nsearchives.nseindia.com/corporate/164reg33Q3_19012017160733.zip | PDF inside NSE zip; p21; table 'Q3 Q2 Q3 Growth (%) [USD]'; row 'Revenue'; col qoq,same change already applied from corrections_1a.csv line 15
corrections_1b.csv,22,mindtree,2020Q3,Q2FY21,revenue_growth_yoy,total,raw,duplicate,3.7,-3.7,0,"Sign error: the document prints a negative growth as '(x.x)%', which parse_num in scripts/extract/ltim_parse_tables.py reads as positive (it only recognises '(x)' and '(x%)').",https://nsearchives.nseindia.com/corporate/201LetteronQtr2resultsOct152020_15102020163206.zip | PDF inside NSE zip; p25; table '($ million) [USD]'; row 'Revenue'; col yoy,same change already applied from corrections_1a.csv line 16
corrections_1b.csv,23,mindtree,2020Q4,Q3FY21,revenue_growth_yoy,total,raw,duplicate,0.4,-0.4,0,"Sign error: the document prints a negative growth as '(x.x)%', which parse_num in scripts/extract/ltim_parse_tables.py reads as positive (it only recognises '(x)' and '(x%)').",https://nsearchives.nseindia.com/corporate/247LettertoSEsonQtr3resultsintimationasperRegulatio33ofLODR_18012021154325.zip | PDF inside NSE zip; p25; table '($ million) [USD]'; row 'Revenue'; col yoy,same change already applied from corrections_1a.csv line 17
corrections_1b.csv,24,mindtree,2021Q4,Q3FY22,segment_growth_qoq,UK and Ireland,raw,duplicate,7.1,-7.1,0,"Sign error: the document prints a negative growth as '(x.x)%', which parse_num in scripts/extract/ltim_parse_tables.py reads as positive (it only recognises '(x)' and '(x%)').",https://nsearchives.nseindia.com/corporate/129LetterQ3Results_13012022155113.pdf | p12; table 'Revenue by Geography'; row 'UK and Ireland'; col qoq,same change already applied from corrections_1a.csv line 4
corrections_1b.csv,25,mindtree,2022Q1,Q4FY22,segment_growth_qoq,"Retail, CPG & Manufacturing",raw,duplicate,2.4,-2.4,0,"Sign error: the document prints a negative growth as '(x.x)%', which parse_num in scripts/extract/ltim_parse_tables.py reads as positive (it only recognises '(x)' and '(x%)').","https://nsearchives.nseindia.com/corporate/10LetterQ4Results_18042022163758.pdf | p14; table 'Revenue by Industry'; row 'Retail, CPG & Manufacturing'; col qoq",same change already applied from corrections_1a.csv line 2
corrections_1b.csv,26,mindtree,2022Q1,Q4FY22,segment_growth_qoq,UK and Ireland,raw,duplicate,6.0,-6.0,0,"Sign error: the document prints a negative growth as '(x.x)%', which parse_num in scripts/extract/ltim_parse_tables.py reads as positive (it only recognises '(x)' and '(x%)').",https://nsearchives.nseindia.com/corporate/10LetterQ4Results_18042022163758.pdf | p14; table 'Revenue by Geography'; row 'UK and Ireland'; col qoq,same change already applied from corrections_1a.csv line 3
corrections_1b.csv,27,mindtree,2022Q2,Q1FY23,segment_growth_qoq,Continental Europe,raw,duplicate,9.2,-9.2,0,"Sign error: the document prints a negative growth as '(x.x)%', which parse_num in scripts/extract/ltim_parse_tables.py reads as positive (it only recognises '(x)' and '(x%)').",https://nsearchives.nseindia.com/corporate/MINDTREE_13072022155715_50LetterQ1Results.pdf | p12; table 'Revenue by Geography'; row 'Continental Europe'; col qoq,same change already applied from corrections_1a.csv line 5
corrections_1b.csv,28,mindtree,2022Q2,Q1FY23,segment_growth_qoq,Customer Success,raw,duplicate,1.1,-1.1,0,"Sign error: the document prints a negative growth as '(x.x)%', which parse_num in scripts/extract/ltim_parse_tables.py reads as positive (it only recognises '(x)' and '(x%)').",https://nsearchives.nseindia.com/corporate/MINDTREE_13072022155715_50LetterQ1Results.pdf | p12; table 'Revenue by Service Lines'; row 'Customer Success'; col qoq,same change already applied from corrections_1a.csv line 6
corrections_1b.csv,29,mindtree,2022Q2,Q1FY23,segment_growth_qoq,"Retail, CPG & Manufacturing",raw,duplicate,8.7,-8.7,0,"Sign error: the document prints a negative growth as '(x.x)%', which parse_num in scripts/extract/ltim_parse_tables.py reads as positive (it only recognises '(x)' and '(x%)').","https://nsearchives.nseindia.com/corporate/MINDTREE_13072022155715_50LetterQ1Results.pdf | p12; table 'Revenue by Industry'; row 'Retail, CPG & Manufacturing'; col qoq",same change already applied from corrections_1a.csv line 7
corrections_1b.csv,30,mindtree,2022Q2,Q1FY23,segment_growth_qoq,UK and Ireland,raw,duplicate,18.7,-18.7,0,"Sign error: the document prints a negative growth as '(x.x)%', which parse_num in scripts/extract/ltim_parse_tables.py reads as positive (it only recognises '(x)' and '(x%)').",https://nsearchives.nseindia.com/corporate/MINDTREE_13072022155715_50LetterQ1Results.pdf | p12; table 'Revenue by Geography'; row 'UK and Ireland'; col qoq,same change already applied from corrections_1a.csv line 8
corrections_1b.csv,31,mindtree,2022Q3,Q2FY23,segment_growth_qoq,Continental Europe,raw,duplicate,9.1,-9.1,0,"Sign error: the document prints a negative growth as '(x.x)%', which parse_num in scripts/extract/ltim_parse_tables.py reads as positive (it only recognises '(x)' and '(x%)').",https://nsearchives.nseindia.com/corporate/MINDTREE_13102022161548_98LetterQ2results.pdf | p13; table 'Revenue by Geography'; row 'Continental Europe'; col qoq,same change already applied from corrections_1a.csv line 9
corrections_1b.csv,32,mindtree,2022Q3,Q2FY23,segment_growth_qoq,"Retail, CPG & Manufacturing",raw,duplicate,0.8,-0.8,0,"Sign error: the document prints a negative growth as '(x.x)%', which parse_num in scripts/extract/ltim_parse_tables.py reads as positive (it only recognises '(x)' and '(x%)').","https://nsearchives.nseindia.com/corporate/MINDTREE_13102022161548_98LetterQ2results.pdf | p13; table 'Revenue by Industry'; row 'Retail, CPG & Manufacturing'; col qoq",same change already applied from corrections_1a.csv line 10
corrections_1b.csv,33,mindtree,2022Q3,Q2FY23,segment_growth_yoy,Continental Europe,raw,duplicate,6.6,-6.6,0,"Sign error: the document prints a negative growth as '(x.x)%', which parse_num in scripts/extract/ltim_parse_tables.py reads as positive (it only recognises '(x)' and '(x%)').",https://nsearchives.nseindia.com/corporate/MINDTREE_13102022161548_98LetterQ2results.pdf | p13; table 'Revenue by Geography'; row 'Continental Europe'; col yoy,same change already applied from corrections_1a.csv line 11
corrections_1b.csv,34,mindtree,2022Q3,Q2FY23,segment_growth_yoy,"Retail, CPG & Manufacturing",raw,duplicate,11.5,-11.5,0,"Sign error: the document prints a negative growth as '(x.x)%', which parse_num in scripts/extract/ltim_parse_tables.py reads as positive (it only recognises '(x)' and '(x%)').","https://nsearchives.nseindia.com/corporate/MINDTREE_13102022161548_98LetterQ2results.pdf | p13; table 'Revenue by Industry'; row 'Retail, CPG & Manufacturing'; col yoy",same change already applied from corrections_1a.csv line 12
corrections_1b.csv,35,mindtree,2022Q3,Q2FY23,segment_growth_yoy,UK and Ireland,raw,duplicate,26.7,-26.7,0,"Sign error: the document prints a negative growth as '(x.x)%', which parse_num in scripts/extract/ltim_parse_tables.py reads as positive (it only recognises '(x)' and '(x%)').",https://nsearchives.nseindia.com/corporate/MINDTREE_13102022161548_98LetterQ2results.pdf | p13; table 'Revenue by Geography'; row 'UK and Ireland'; col yoy,same change already applied from corrections_1a.csv line 13
corrections_1a.csv,18,mindtree,2020Q3,Q2FY21,rev_rep_yoy,total,core,duplicate,3.7,-3.7,0,Propagated from the raw sign error above (USD reported YoY growth). Levels confirm: 261.0 vs 271.0 = -3.7%; 274.1 vs 275.2 = -0.4%.,https://nsearchives.nseindia.com/corporate/201LetteronQtr2resultsOct152020_15102020163206.zip | PDF inside NSE zip; p25; ($ million) table; Revenue row; Y-o-Y col,value already equals new_value (applied by an upstream/raw-level correction)
corrections_1a.csv,19,mindtree,2020Q4,Q3FY21,rev_rep_yoy,total,core,duplicate,0.4,-0.4,0,Propagated from the raw sign error above (USD reported YoY growth). Levels confirm: 261.0 vs 271.0 = -3.7%; 274.1 vs 275.2 = -0.4%.,https://nsearchives.nseindia.com/corporate/247LettertoSEsonQtr3resultsintimationasperRegulatio33ofLODR_18012021154325.zip | PDF inside NSE zip; p25; ($ million) table; Revenue row; Y-o-Y col,value already equals new_value (applied by an upstream/raw-level correction)
corrections_1a.csv,20,cognizant,2021Q2,2021Q2,attrition,total,core,replace,29.0,18.0,1,"Pipeline mixes definitions: for 2020Q1-2021Q4 panel_long holds both TTM (period_type=ltm) and quarterly-annualized (quarter) voluntary attrition under dimension 'total'; pick() keeps an arbitrary one (unstable sort, period_type not ranked). 6 of 8 quarters got TTM, these 2 got quarterly-annualized. Replace with TTM for a consistent series (or rank ltm before quarter in pick()).",https://www.sec.gov/Archives/edgar/data/1058290/000105829023000019/exhibit99312312022.htm | slide 13: Employee Metrics,
corrections_1a.csv,21,cognizant,2021Q3,2021Q3,attrition,total,core,replace,33.0,24.0,1,"Pipeline mixes definitions: for 2020Q1-2021Q4 panel_long holds both TTM (period_type=ltm) and quarterly-annualized (quarter) voluntary attrition under dimension 'total'; pick() keeps an arbitrary one (unstable sort, period_type not ranked). 6 of 8 quarters got TTM, these 2 got quarterly-annualized. Replace with TTM for a consistent series (or rank ltm before quarter in pick()).",https://www.sec.gov/Archives/edgar/data/1058290/000105829023000019/exhibit99312312022.htm | slide 13: Employee Metrics,
corrections_1a.csv,22,tcs,2007Q1,Q4FY07,rev_usd,total,core,set_missing,1183.89,,1,"Not reported USD revenue: INR revenue (51,464 mn) converted at the period-end rate Rs 43.47/USD (convenience translation). All later TCS quarters are average-rate USD. Feeds gR_usd 2008Q1 (24.8 log pts).",https://web.archive.org/web/20140123005927/http://www.tcs.com/investors/Documents/Presentations/TCS_Analysts_Q4_07.PDF (local copy data/sources/gfc/tcs/TCS_Analysts_Q4FY07.pdf) | p11 and p15 footnote,subcon_share recomputed
corrections_1a.csv,23,wipro,2007Q1,Q4FY07,headcount,total,core,set_missing,67818,,1,"Old perimeter (Global IT business: IT Services 50,354 + BPO 17,464; excludes India/Middle East IT). From Q1FY09 Wipro restated to IT Services incl. India/ME IT and BPO (e.g. 2007Q2: 72,137 old vs 82,565 restated). 2007Q2+ in core are on the new perimeter; 2007Q1 has no restated value. Feeds gL 2008Q1 (+34 log pts).","https://www.sec.gov/Archives/edgar/data/1123799/000095013407015826/f32110exv99w3.htm ; https://www.sec.gov/Archives/edgar/data/1123799/000095013408013325/f42331exv99w3.htm | Key Operating Metrics - People (No of people, quarter end)",
corrections_1a.csv,24,accenture,2017Q4,,rev_usd,total,core,flag_only,9884.313,,1,"Latest-vintage rule picks the FY19 releases' ASC 606 restated prior-year columns for FY18, while FY17 (2016Q4-2017Q3) and earlier remain pre-ASC 606 ""net revenues"". gR_usd 2017Q4-2018Q3 therefore compares different revenue definitions (+3.7 to +4.6 pp vs the reported USD growth of 12/15/16/11%). gR (local currency) is unaffected. Fix: use original FY18 net-revenue vintage for the gR_usd base, or set gR_usd missing for 2017Q4-2018Q3.",https://www.sec.gov/Archives/edgar/data/1467373/000146737317000505/fy18q1earnings8-kexhibit.htm ; https://www.sec.gov/Archives/edgar/data/1467373/000146737318000420/fy19q1earnings8-kexhibit.htm | Summary of Revenues; Q1FY18 release text,no change
corrections_1a.csv,24,accenture,2018Q1,,rev_usd,total,core,flag_only,9909.238,,1,"Latest-vintage rule picks the FY19 releases' ASC 606 restated prior-year columns for FY18, while FY17 (2016Q4-2017Q3) and earlier remain pre-ASC 606 ""net revenues"". gR_usd 2017Q4-2018Q3 therefore compares different revenue definitions (+3.7 to +4.6 pp vs the reported USD growth of 12/15/16/11%). gR (local currency) is unaffected. Fix: use original FY18 net-revenue vintage for the gR_usd base, or set gR_usd missing for 2017Q4-2018Q3.",https://www.sec.gov/Archives/edgar/data/1467373/000146737317000505/fy18q1earnings8-kexhibit.htm ; https://www.sec.gov/Archives/edgar/data/1467373/000146737318000420/fy19q1earnings8-kexhibit.htm | Summary of Revenues; Q1FY18 release text,no change
corrections_1a.csv,24,accenture,2018Q2,,rev_usd,total,core,flag_only,10694.996,,1,"Latest-vintage rule picks the FY19 releases' ASC 606 restated prior-year columns for FY18, while FY17 (2016Q4-2017Q3) and earlier remain pre-ASC 606 ""net revenues"". gR_usd 2017Q4-2018Q3 therefore compares different revenue definitions (+3.7 to +4.6 pp vs the reported USD growth of 12/15/16/11%). gR (local currency) is unaffected. Fix: use original FY18 net-revenue vintage for the gR_usd base, or set gR_usd missing for 2017Q4-2018Q3.",https://www.sec.gov/Archives/edgar/data/1467373/000146737317000505/fy18q1earnings8-kexhibit.htm ; https://www.sec.gov/Archives/edgar/data/1467373/000146737318000420/fy19q1earnings8-kexhibit.htm | Summary of Revenues; Q1FY18 release text,no change
corrections_1a.csv,24,accenture,2018Q3,,rev_usd,total,core,flag_only,10503.987,,1,"Latest-vintage rule picks the FY19 releases' ASC 606 restated prior-year columns for FY18, while FY17 (2016Q4-2017Q3) and earlier remain pre-ASC 606 ""net revenues"". gR_usd 2017Q4-2018Q3 therefore compares different revenue definitions (+3.7 to +4.6 pp vs the reported USD growth of 12/15/16/11%). gR (local currency) is unaffected. Fix: use original FY18 net-revenue vintage for the gR_usd base, or set gR_usd missing for 2017Q4-2018Q3.",https://www.sec.gov/Archives/edgar/data/1467373/000146737317000505/fy18q1earnings8-kexhibit.htm ; https://www.sec.gov/Archives/edgar/data/1467373/000146737318000420/fy19q1earnings8-kexhibit.htm | Summary of Revenues; Q1FY18 release text,no change
corrections_1a.csv,25,wipro,2017Q2,,headcount,total,core,flag_only,"161439,159300,158865,159923 (headcount)",,1,"ISRE carve-out restatement (Q3FY19) reaches back only to Q1FY18; FY17 quarters (2016Q2-2017Q1) stay on the old perimeter. gL and gR_usd for 2017Q2-2018Q1 compare ex-ISRE vs incl-ISRE (headcount: Q1FY18 166,790 as first reported vs 161,439 restated, ~-3 pp on gL).",https://www.wipro.com/content/dam/nexus/en/investor/quarterly-results/2018-2019/q3fy19/analyst-data-sheet-q3-fy19.pdf | p1 Note 1; p2 Closing Employee Count row,"descriptive old_value, not asserted"
corrections_1a.csv,25,wipro,2017Q2,,rev_usd,IT Services,core,flag_only,"161439,159300,158865,159923 (headcount)",,1,"ISRE carve-out restatement (Q3FY19) reaches back only to Q1FY18; FY17 quarters (2016Q2-2017Q1) stay on the old perimeter. gL and gR_usd for 2017Q2-2018Q1 compare ex-ISRE vs incl-ISRE (headcount: Q1FY18 166,790 as first reported vs 161,439 restated, ~-3 pp on gL).",https://www.wipro.com/content/dam/nexus/en/investor/quarterly-results/2018-2019/q3fy19/analyst-data-sheet-q3-fy19.pdf | p1 Note 1; p2 Closing Employee Count row,"descriptive old_value, not asserted"
corrections_1a.csv,25,wipro,2017Q3,,headcount,total,core,flag_only,"161439,159300,158865,159923 (headcount)",,1,"ISRE carve-out restatement (Q3FY19) reaches back only to Q1FY18; FY17 quarters (2016Q2-2017Q1) stay on the old perimeter. gL and gR_usd for 2017Q2-2018Q1 compare ex-ISRE vs incl-ISRE (headcount: Q1FY18 166,790 as first reported vs 161,439 restated, ~-3 pp on gL).",https://www.wipro.com/content/dam/nexus/en/investor/quarterly-results/2018-2019/q3fy19/analyst-data-sheet-q3-fy19.pdf | p1 Note 1; p2 Closing Employee Count row,"descriptive old_value, not asserted"
corrections_1a.csv,25,wipro,2017Q3,,rev_usd,IT Services,core,flag_only,"161439,159300,158865,159923 (headcount)",,1,"ISRE carve-out restatement (Q3FY19) reaches back only to Q1FY18; FY17 quarters (2016Q2-2017Q1) stay on the old perimeter. gL and gR_usd for 2017Q2-2018Q1 compare ex-ISRE vs incl-ISRE (headcount: Q1FY18 166,790 as first reported vs 161,439 restated, ~-3 pp on gL).",https://www.wipro.com/content/dam/nexus/en/investor/quarterly-results/2018-2019/q3fy19/analyst-data-sheet-q3-fy19.pdf | p1 Note 1; p2 Closing Employee Count row,"descriptive old_value, not asserted"
corrections_1a.csv,25,wipro,2017Q4,,headcount,total,core,flag_only,"161439,159300,158865,159923 (headcount)",,1,"ISRE carve-out restatement (Q3FY19) reaches back only to Q1FY18; FY17 quarters (2016Q2-2017Q1) stay on the old perimeter. gL and gR_usd for 2017Q2-2018Q1 compare ex-ISRE vs incl-ISRE (headcount: Q1FY18 166,790 as first reported vs 161,439 restated, ~-3 pp on gL).",https://www.wipro.com/content/dam/nexus/en/investor/quarterly-results/2018-2019/q3fy19/analyst-data-sheet-q3-fy19.pdf | p1 Note 1; p2 Closing Employee Count row,"descriptive old_value, not asserted"
corrections_1a.csv,25,wipro,2017Q4,,rev_usd,IT Services,core,flag_only,"161439,159300,158865,159923 (headcount)",,1,"ISRE carve-out restatement (Q3FY19) reaches back only to Q1FY18; FY17 quarters (2016Q2-2017Q1) stay on the old perimeter. gL and gR_usd for 2017Q2-2018Q1 compare ex-ISRE vs incl-ISRE (headcount: Q1FY18 166,790 as first reported vs 161,439 restated, ~-3 pp on gL).",https://www.wipro.com/content/dam/nexus/en/investor/quarterly-results/2018-2019/q3fy19/analyst-data-sheet-q3-fy19.pdf | p1 Note 1; p2 Closing Employee Count row,"descriptive old_value, not asserted"
corrections_1a.csv,25,wipro,2018Q1,,headcount,total,core,flag_only,"161439,159300,158865,159923 (headcount)",,1,"ISRE carve-out restatement (Q3FY19) reaches back only to Q1FY18; FY17 quarters (2016Q2-2017Q1) stay on the old perimeter. gL and gR_usd for 2017Q2-2018Q1 compare ex-ISRE vs incl-ISRE (headcount: Q1FY18 166,790 as first reported vs 161,439 restated, ~-3 pp on gL).",https://www.wipro.com/content/dam/nexus/en/investor/quarterly-results/2018-2019/q3fy19/analyst-data-sheet-q3-fy19.pdf | p1 Note 1; p2 Closing Employee Count row,"descriptive old_value, not asserted"
corrections_1a.csv,25,wipro,2018Q1,,rev_usd,IT Services,core,flag_only,"161439,159300,158865,159923 (headcount)",,1,"ISRE carve-out restatement (Q3FY19) reaches back only to Q1FY18; FY17 quarters (2016Q2-2017Q1) stay on the old perimeter. gL and gR_usd for 2017Q2-2018Q1 compare ex-ISRE vs incl-ISRE (headcount: Q1FY18 166,790 as first reported vs 161,439 restated, ~-3 pp on gL).",https://www.wipro.com/content/dam/nexus/en/investor/quarterly-results/2018-2019/q3fy19/analyst-data-sheet-q3-fy19.pdf | p1 Note 1; p2 Closing Employee Count row,"descriptive old_value, not asserted"
corrections_1a.csv,26,wipro,2018Q3,Q2FY19,headcount,total,core,flag_only,171451,,1,"Unlogged step: ~9,000 employees taken over with the Alight large deal (rebadging) in Q2FY19 (+6.6% QoQ). Not a definition change, but non-hiring growth inside gL for 2018Q3-2019Q2.",https://www.wipro.com/content/dam/nexus/en/investor/quarterly-results/2018-2019/q2fy19/transcripts-conference-call-q2-fy19.pdf | p15 Q&A (Saurabh Govil),no change
corrections_1a.csv,27,tcs,2009Q1,Q4FY09,headcount,total,core,flag_only,143761,,1,"Perimeter break: total includes TCS e-Serve and Diligenta from Q4FY09; Q3FY09 total excluded 12,459 e-Serve employees. gL 2009Q1-2009Q4 (GFC episode) is inflated by consolidation, not hiring.",https://web.archive.org/web/20090126153439/http://www.tcs.com:80/investors/Documents/presentations/TCS_Analysts_Q3_08-09.pdf ; https://web.archive.org/web/20090521050525/http://www.tcs.com:80/sitecollectiondocuments/investors/presentations/TCS_Analysts_Q4_09.pdf | Q3FY09 deck p16 HR slide; Q4FY09 deck p19 HR slide (local copies data/sources/gfc/tcs/),no change
corrections_1a.csv,28,tcs,2007Q1,,rev_rep_yoy,total,core,flag_only,INR-terms growth (e.g. 2008Q1 18.43),,1,gfc.csv labels INR-terms growth basis=reported; tcs.csv uses basis=reported_inr for the same concept and rev_rep_yoy for every other firm-quarter is USD growth. 2010Q3-2011Q2 are USD-terms. Not used in gR (cc) but mislabels rev_rep_yoy.,https://web.archive.org/web/20110304162702/http://www.tcs.com:80/investors/Documents/Presentations/TCS_Analysts_Q4_2008.PDF | p8 US GAAP Revenue Growth - Quarterly (image slide; read visually from local copy data/sources/gfc/tcs/TCS_Analysts_Q4FY08.pdf),"descriptive old_value, not asserted"
corrections_1a.csv,28,tcs,2007Q2,,rev_rep_yoy,total,core,flag_only,INR-terms growth (e.g. 2008Q1 18.43),,1,gfc.csv labels INR-terms growth basis=reported; tcs.csv uses basis=reported_inr for the same concept and rev_rep_yoy for every other firm-quarter is USD growth. 2010Q3-2011Q2 are USD-terms. Not used in gR (cc) but mislabels rev_rep_yoy.,https://web.archive.org/web/20110304162702/http://www.tcs.com:80/investors/Documents/Presentations/TCS_Analysts_Q4_2008.PDF | p8 US GAAP Revenue Growth - Quarterly (image slide; read visually from local copy data/sources/gfc/tcs/TCS_Analysts_Q4FY08.pdf),"descriptive old_value, not asserted"
corrections_1a.csv,28,tcs,2007Q3,,rev_rep_yoy,total,core,flag_only,INR-terms growth (e.g. 2008Q1 18.43),,1,gfc.csv labels INR-terms growth basis=reported; tcs.csv uses basis=reported_inr for the same concept and rev_rep_yoy for every other firm-quarter is USD growth. 2010Q3-2011Q2 are USD-terms. Not used in gR (cc) but mislabels rev_rep_yoy.,https://web.archive.org/web/20110304162702/http://www.tcs.com:80/investors/Documents/Presentations/TCS_Analysts_Q4_2008.PDF | p8 US GAAP Revenue Growth - Quarterly (image slide; read visually from local copy data/sources/gfc/tcs/TCS_Analysts_Q4FY08.pdf),"descriptive old_value, not asserted"
corrections_1a.csv,28,tcs,2007Q4,,rev_rep_yoy,total,core,flag_only,INR-terms growth (e.g. 2008Q1 18.43),,1,gfc.csv labels INR-terms growth basis=reported; tcs.csv uses basis=reported_inr for the same concept and rev_rep_yoy for every other firm-quarter is USD growth. 2010Q3-2011Q2 are USD-terms. Not used in gR (cc) but mislabels rev_rep_yoy.,https://web.archive.org/web/20110304162702/http://www.tcs.com:80/investors/Documents/Presentations/TCS_Analysts_Q4_2008.PDF | p8 US GAAP Revenue Growth - Quarterly (image slide; read visually from local copy data/sources/gfc/tcs/TCS_Analysts_Q4FY08.pdf),"descriptive old_value, not asserted"
corrections_1a.csv,28,tcs,2008Q1,,rev_rep_yoy,total,core,flag_only,INR-terms growth (e.g. 2008Q1 18.43),,1,gfc.csv labels INR-terms growth basis=reported; tcs.csv uses basis=reported_inr for the same concept and rev_rep_yoy for every other firm-quarter is USD growth. 2010Q3-2011Q2 are USD-terms. Not used in gR (cc) but mislabels rev_rep_yoy.,https://web.archive.org/web/20110304162702/http://www.tcs.com:80/investors/Documents/Presentations/TCS_Analysts_Q4_2008.PDF | p8 US GAAP Revenue Growth - Quarterly (image slide; read visually from local copy data/sources/gfc/tcs/TCS_Analysts_Q4FY08.pdf),"descriptive old_value, not asserted"
corrections_1a.csv,28,tcs,2008Q2,,rev_rep_yoy,total,core,flag_only,INR-terms growth (e.g. 2008Q1 18.43),,1,gfc.csv labels INR-terms growth basis=reported; tcs.csv uses basis=reported_inr for the same concept and rev_rep_yoy for every other firm-quarter is USD growth. 2010Q3-2011Q2 are USD-terms. Not used in gR (cc) but mislabels rev_rep_yoy.,https://web.archive.org/web/20110304162702/http://www.tcs.com:80/investors/Documents/Presentations/TCS_Analysts_Q4_2008.PDF | p8 US GAAP Revenue Growth - Quarterly (image slide; read visually from local copy data/sources/gfc/tcs/TCS_Analysts_Q4FY08.pdf),"descriptive old_value, not asserted"
corrections_1a.csv,28,tcs,2008Q3,,rev_rep_yoy,total,core,flag_only,INR-terms growth (e.g. 2008Q1 18.43),,1,gfc.csv labels INR-terms growth basis=reported; tcs.csv uses basis=reported_inr for the same concept and rev_rep_yoy for every other firm-quarter is USD growth. 2010Q3-2011Q2 are USD-terms. Not used in gR (cc) but mislabels rev_rep_yoy.,https://web.archive.org/web/20110304162702/http://www.tcs.com:80/investors/Documents/Presentations/TCS_Analysts_Q4_2008.PDF | p8 US GAAP Revenue Growth - Quarterly (image slide; read visually from local copy data/sources/gfc/tcs/TCS_Analysts_Q4FY08.pdf),"descriptive old_value, not asserted"
corrections_1a.csv,28,tcs,2008Q4,,rev_rep_yoy,total,core,flag_only,INR-terms growth (e.g. 2008Q1 18.43),,1,gfc.csv labels INR-terms growth basis=reported; tcs.csv uses basis=reported_inr for the same concept and rev_rep_yoy for every other firm-quarter is USD growth. 2010Q3-2011Q2 are USD-terms. Not used in gR (cc) but mislabels rev_rep_yoy.,https://web.archive.org/web/20110304162702/http://www.tcs.com:80/investors/Documents/Presentations/TCS_Analysts_Q4_2008.PDF | p8 US GAAP Revenue Growth - Quarterly (image slide; read visually from local copy data/sources/gfc/tcs/TCS_Analysts_Q4FY08.pdf),"descriptive old_value, not asserted"
corrections_1a.csv,28,tcs,2009Q1,,rev_rep_yoy,total,core,flag_only,INR-terms growth (e.g. 2008Q1 18.43),,1,gfc.csv labels INR-terms growth basis=reported; tcs.csv uses basis=reported_inr for the same concept and rev_rep_yoy for every other firm-quarter is USD growth. 2010Q3-2011Q2 are USD-terms. Not used in gR (cc) but mislabels rev_rep_yoy.,https://web.archive.org/web/20110304162702/http://www.tcs.com:80/investors/Documents/Presentations/TCS_Analysts_Q4_2008.PDF | p8 US GAAP Revenue Growth - Quarterly (image slide; read visually from local copy data/sources/gfc/tcs/TCS_Analysts_Q4FY08.pdf),"descriptive old_value, not asserted"
corrections_1a.csv,28,tcs,2009Q2,,rev_rep_yoy,total,core,flag_only,INR-terms growth (e.g. 2008Q1 18.43),,1,gfc.csv labels INR-terms growth basis=reported; tcs.csv uses basis=reported_inr for the same concept and rev_rep_yoy for every other firm-quarter is USD growth. 2010Q3-2011Q2 are USD-terms. Not used in gR (cc) but mislabels rev_rep_yoy.,https://web.archive.org/web/20110304162702/http://www.tcs.com:80/investors/Documents/Presentations/TCS_Analysts_Q4_2008.PDF | p8 US GAAP Revenue Growth - Quarterly (image slide; read visually from local copy data/sources/gfc/tcs/TCS_Analysts_Q4FY08.pdf),"descriptive old_value, not asserted"
corrections_1a.csv,28,tcs,2009Q3,,rev_rep_yoy,total,core,flag_only,INR-terms growth (e.g. 2008Q1 18.43),,1,gfc.csv labels INR-terms growth basis=reported; tcs.csv uses basis=reported_inr for the same concept and rev_rep_yoy for every other firm-quarter is USD growth. 2010Q3-2011Q2 are USD-terms. Not used in gR (cc) but mislabels rev_rep_yoy.,https://web.archive.org/web/20110304162702/http://www.tcs.com:80/investors/Documents/Presentations/TCS_Analysts_Q4_2008.PDF | p8 US GAAP Revenue Growth - Quarterly (image slide; read visually from local copy data/sources/gfc/tcs/TCS_Analysts_Q4FY08.pdf),"descriptive old_value, not asserted"
corrections_1a.csv,28,tcs,2009Q4,,rev_rep_yoy,total,core,flag_only,INR-terms growth (e.g. 2008Q1 18.43),,1,gfc.csv labels INR-terms growth basis=reported; tcs.csv uses basis=reported_inr for the same concept and rev_rep_yoy for every other firm-quarter is USD growth. 2010Q3-2011Q2 are USD-terms. Not used in gR (cc) but mislabels rev_rep_yoy.,https://web.archive.org/web/20110304162702/http://www.tcs.com:80/investors/Documents/Presentations/TCS_Analysts_Q4_2008.PDF | p8 US GAAP Revenue Growth - Quarterly (image slide; read visually from local copy data/sources/gfc/tcs/TCS_Analysts_Q4FY08.pdf),"descriptive old_value, not asserted"
corrections_1a.csv,28,tcs,2010Q1,,rev_rep_yoy,total,core,flag_only,INR-terms growth (e.g. 2008Q1 18.43),,1,gfc.csv labels INR-terms growth basis=reported; tcs.csv uses basis=reported_inr for the same concept and rev_rep_yoy for every other firm-quarter is USD growth. 2010Q3-2011Q2 are USD-terms. Not used in gR (cc) but mislabels rev_rep_yoy.,https://web.archive.org/web/20110304162702/http://www.tcs.com:80/investors/Documents/Presentations/TCS_Analysts_Q4_2008.PDF | p8 US GAAP Revenue Growth - Quarterly (image slide; read visually from local copy data/sources/gfc/tcs/TCS_Analysts_Q4FY08.pdf),"descriptive old_value, not asserted"
corrections_1a.csv,28,tcs,2010Q2,,rev_rep_yoy,total,core,flag_only,INR-terms growth (e.g. 2008Q1 18.43),,1,gfc.csv labels INR-terms growth basis=reported; tcs.csv uses basis=reported_inr for the same concept and rev_rep_yoy for every other firm-quarter is USD growth. 2010Q3-2011Q2 are USD-terms. Not used in gR (cc) but mislabels rev_rep_yoy.,https://web.archive.org/web/20110304162702/http://www.tcs.com:80/investors/Documents/Presentations/TCS_Analysts_Q4_2008.PDF | p8 US GAAP Revenue Growth - Quarterly (image slide; read visually from local copy data/sources/gfc/tcs/TCS_Analysts_Q4FY08.pdf),"descriptive old_value, not asserted"
corrections_1a.csv,29,techm,2007Q1,,rev_rep_yoy,total,core,flag_only,INR consolidated growth (e.g. 2008Q4 17),,1,GFC TechM rev_rep_yoy are INR headline growth (rounded) labelled basis=reported; post-2015 TechM rev_rep_yoy are USD.,https://web.archive.org/web/20120327144710/http://techmahindra.com/Documents/Financials/financialchart/09_q3/TechM_Q3_F09_Consolidated.pdf | p1 headline,"descriptive old_value, not asserted"
corrections_1a.csv,29,techm,2007Q2,,rev_rep_yoy,total,core,flag_only,INR consolidated growth (e.g. 2008Q4 17),,1,GFC TechM rev_rep_yoy are INR headline growth (rounded) labelled basis=reported; post-2015 TechM rev_rep_yoy are USD.,https://web.archive.org/web/20120327144710/http://techmahindra.com/Documents/Financials/financialchart/09_q3/TechM_Q3_F09_Consolidated.pdf | p1 headline,"descriptive old_value, not asserted"
corrections_1a.csv,29,techm,2007Q3,,rev_rep_yoy,total,core,flag_only,INR consolidated growth (e.g. 2008Q4 17),,1,GFC TechM rev_rep_yoy are INR headline growth (rounded) labelled basis=reported; post-2015 TechM rev_rep_yoy are USD.,https://web.archive.org/web/20120327144710/http://techmahindra.com/Documents/Financials/financialchart/09_q3/TechM_Q3_F09_Consolidated.pdf | p1 headline,"descriptive old_value, not asserted"
corrections_1a.csv,29,techm,2007Q4,,rev_rep_yoy,total,core,flag_only,INR consolidated growth (e.g. 2008Q4 17),,1,GFC TechM rev_rep_yoy are INR headline growth (rounded) labelled basis=reported; post-2015 TechM rev_rep_yoy are USD.,https://web.archive.org/web/20120327144710/http://techmahindra.com/Documents/Financials/financialchart/09_q3/TechM_Q3_F09_Consolidated.pdf | p1 headline,"descriptive old_value, not asserted"
corrections_1a.csv,29,techm,2008Q1,,rev_rep_yoy,total,core,flag_only,INR consolidated growth (e.g. 2008Q4 17),,1,GFC TechM rev_rep_yoy are INR headline growth (rounded) labelled basis=reported; post-2015 TechM rev_rep_yoy are USD.,https://web.archive.org/web/20120327144710/http://techmahindra.com/Documents/Financials/financialchart/09_q3/TechM_Q3_F09_Consolidated.pdf | p1 headline,"descriptive old_value, not asserted"
corrections_1a.csv,29,techm,2008Q2,,rev_rep_yoy,total,core,flag_only,INR consolidated growth (e.g. 2008Q4 17),,1,GFC TechM rev_rep_yoy are INR headline growth (rounded) labelled basis=reported; post-2015 TechM rev_rep_yoy are USD.,https://web.archive.org/web/20120327144710/http://techmahindra.com/Documents/Financials/financialchart/09_q3/TechM_Q3_F09_Consolidated.pdf | p1 headline,"descriptive old_value, not asserted"
corrections_1a.csv,29,techm,2008Q3,,rev_rep_yoy,total,core,flag_only,INR consolidated growth (e.g. 2008Q4 17),,1,GFC TechM rev_rep_yoy are INR headline growth (rounded) labelled basis=reported; post-2015 TechM rev_rep_yoy are USD.,https://web.archive.org/web/20120327144710/http://techmahindra.com/Documents/Financials/financialchart/09_q3/TechM_Q3_F09_Consolidated.pdf | p1 headline,"descriptive old_value, not asserted"
corrections_1a.csv,29,techm,2008Q4,,rev_rep_yoy,total,core,flag_only,INR consolidated growth (e.g. 2008Q4 17),,1,GFC TechM rev_rep_yoy are INR headline growth (rounded) labelled basis=reported; post-2015 TechM rev_rep_yoy are USD.,https://web.archive.org/web/20120327144710/http://techmahindra.com/Documents/Financials/financialchart/09_q3/TechM_Q3_F09_Consolidated.pdf | p1 headline,"descriptive old_value, not asserted"
corrections_1a.csv,29,techm,2009Q1,,rev_rep_yoy,total,core,flag_only,INR consolidated growth (e.g. 2008Q4 17),,1,GFC TechM rev_rep_yoy are INR headline growth (rounded) labelled basis=reported; post-2015 TechM rev_rep_yoy are USD.,https://web.archive.org/web/20120327144710/http://techmahindra.com/Documents/Financials/financialchart/09_q3/TechM_Q3_F09_Consolidated.pdf | p1 headline,"descriptive old_value, not asserted"
corrections_1a.csv,29,techm,2009Q2,,rev_rep_yoy,total,core,flag_only,INR consolidated growth (e.g. 2008Q4 17),,1,GFC TechM rev_rep_yoy are INR headline growth (rounded) labelled basis=reported; post-2015 TechM rev_rep_yoy are USD.,https://web.archive.org/web/20120327144710/http://techmahindra.com/Documents/Financials/financialchart/09_q3/TechM_Q3_F09_Consolidated.pdf | p1 headline,"descriptive old_value, not asserted"
corrections_1a.csv,29,techm,2009Q3,,rev_rep_yoy,total,core,flag_only,INR consolidated growth (e.g. 2008Q4 17),,1,GFC TechM rev_rep_yoy are INR headline growth (rounded) labelled basis=reported; post-2015 TechM rev_rep_yoy are USD.,https://web.archive.org/web/20120327144710/http://techmahindra.com/Documents/Financials/financialchart/09_q3/TechM_Q3_F09_Consolidated.pdf | p1 headline,"descriptive old_value, not asserted"
corrections_1a.csv,29,techm,2009Q4,,rev_rep_yoy,total,core,flag_only,INR consolidated growth (e.g. 2008Q4 17),,1,GFC TechM rev_rep_yoy are INR headline growth (rounded) labelled basis=reported; post-2015 TechM rev_rep_yoy are USD.,https://web.archive.org/web/20120327144710/http://techmahindra.com/Documents/Financials/financialchart/09_q3/TechM_Q3_F09_Consolidated.pdf | p1 headline,"descriptive old_value, not asserted"
corrections_1a.csv,29,techm,2010Q1,,rev_rep_yoy,total,core,flag_only,INR consolidated growth (e.g. 2008Q4 17),,1,GFC TechM rev_rep_yoy are INR headline growth (rounded) labelled basis=reported; post-2015 TechM rev_rep_yoy are USD.,https://web.archive.org/web/20120327144710/http://techmahindra.com/Documents/Financials/financialchart/09_q3/TechM_Q3_F09_Consolidated.pdf | p1 headline,"descriptive old_value, not asserted"
corrections_1a.csv,29,techm,2010Q2,,rev_rep_yoy,total,core,flag_only,INR consolidated growth (e.g. 2008Q4 17),,1,GFC TechM rev_rep_yoy are INR headline growth (rounded) labelled basis=reported; post-2015 TechM rev_rep_yoy are USD.,https://web.archive.org/web/20120327144710/http://techmahindra.com/Documents/Financials/financialchart/09_q3/TechM_Q3_F09_Consolidated.pdf | p1 headline,"descriptive old_value, not asserted"
corrections_1a.csv,29,techm,2010Q3,,rev_rep_yoy,total,core,flag_only,INR consolidated growth (e.g. 2008Q4 17),,1,GFC TechM rev_rep_yoy are INR headline growth (rounded) labelled basis=reported; post-2015 TechM rev_rep_yoy are USD.,https://web.archive.org/web/20120327144710/http://techmahindra.com/Documents/Financials/financialchart/09_q3/TechM_Q3_F09_Consolidated.pdf | p1 headline,"descriptive old_value, not asserted"
corrections_1a.csv,29,techm,2010Q4,,rev_rep_yoy,total,core,flag_only,INR consolidated growth (e.g. 2008Q4 17),,1,GFC TechM rev_rep_yoy are INR headline growth (rounded) labelled basis=reported; post-2015 TechM rev_rep_yoy are USD.,https://web.archive.org/web/20120327144710/http://techmahindra.com/Documents/Financials/financialchart/09_q3/TechM_Q3_F09_Consolidated.pdf | p1 headline,"descriptive old_value, not asserted"
corrections_1a.csv,29,techm,2011Q1,,rev_rep_yoy,total,core,flag_only,INR consolidated growth (e.g. 2008Q4 17),,1,GFC TechM rev_rep_yoy are INR headline growth (rounded) labelled basis=reported; post-2015 TechM rev_rep_yoy are USD.,https://web.archive.org/web/20120327144710/http://techmahindra.com/Documents/Financials/financialchart/09_q3/TechM_Q3_F09_Consolidated.pdf | p1 headline,"descriptive old_value, not asserted"
corrections_1a.csv,29,techm,2011Q2,,rev_rep_yoy,total,core,flag_only,INR consolidated growth (e.g. 2008Q4 17),,1,GFC TechM rev_rep_yoy are INR headline growth (rounded) labelled basis=reported; post-2015 TechM rev_rep_yoy are USD.,https://web.archive.org/web/20120327144710/http://techmahindra.com/Documents/Financials/financialchart/09_q3/TechM_Q3_F09_Consolidated.pdf | p1 headline,"descriptive old_value, not asserted"
corrections_1a.csv,29,techm,2011Q3,,rev_rep_yoy,total,core,flag_only,INR consolidated growth (e.g. 2008Q4 17),,1,GFC TechM rev_rep_yoy are INR headline growth (rounded) labelled basis=reported; post-2015 TechM rev_rep_yoy are USD.,https://web.archive.org/web/20120327144710/http://techmahindra.com/Documents/Financials/financialchart/09_q3/TechM_Q3_F09_Consolidated.pdf | p1 headline,"descriptive old_value, not asserted"
corrections_1a.csv,29,techm,2011Q4,,rev_rep_yoy,total,core,flag_only,INR consolidated growth (e.g. 2008Q4 17),,1,GFC TechM rev_rep_yoy are INR headline growth (rounded) labelled basis=reported; post-2015 TechM rev_rep_yoy are USD.,https://web.archive.org/web/20120327144710/http://techmahindra.com/Documents/Financials/financialchart/09_q3/TechM_Q3_F09_Consolidated.pdf | p1 headline,"descriptive old_value, not asserted"
corrections_1a.csv,29,techm,2012Q1,,rev_rep_yoy,total,core,flag_only,INR consolidated growth (e.g. 2008Q4 17),,1,GFC TechM rev_rep_yoy are INR headline growth (rounded) labelled basis=reported; post-2015 TechM rev_rep_yoy are USD.,https://web.archive.org/web/20120327144710/http://techmahindra.com/Documents/Financials/financialchart/09_q3/TechM_Q3_F09_Consolidated.pdf | p1 headline,"descriptive old_value, not asserted"
corrections_1b.csv,6,wipro,2018Q3,Q2FY19,headcount,total,core,flag_only,171451,,1,"Level step of ~9,000 employees transferred with the Alight deal (rebadging, company says not inorganic); raises Wipro gL by ~5pp in 2018Q3-2019Q2. Value is correct as reported; not adjusted (no DIVEST-style adjustment exists for inflows).",https://www.wipro.com/content/dam/nexus/en/investor/quarterly-results/2018-2019/q2fy19/transcripts-conference-call-q2-fy19.pdf | p15 (CFO/analyst Q&A),no change
corrections_1b.csv,2,accenture,2017Q4,Q1FY18,gR_usd,total,yoy,replace,14.9059,11.1843,1,"ASC 606 basis mix: tidy rev_usd for FY18 quarters is the restated post-ASC 606 vintage (incl. reimbursements, from FY19 releases) while the FY17 base is net revenues; gR_usd = log(gross_FY18/net_FY17) overstates USD growth by ~3.5-4pp. Replaced by the like-for-like log change of net revenues printed in the same FY18 release (current and prior-year columns). Applied at yoy level because no single level series is consistent across FY18 (FY19 growth needs the gross FY18 level).","https://www.sec.gov/Archives/edgar/data/1467373/000146737317000505/fy18q1earnings8-kexhibit.htm | Summary of Revenues (three months), current and prior-year columns",
corrections_1b.csv,3,accenture,2018Q1,Q2FY18,gR_usd,total,yoy,replace,17.5085,14.1863,1,"ASC 606 basis mix: tidy rev_usd for FY18 quarters is the restated post-ASC 606 vintage (incl. reimbursements, from FY19 releases) while the FY17 base is net revenues; gR_usd = log(gross_FY18/net_FY17) overstates USD growth by ~3.5-4pp. Replaced by the like-for-like log change of net revenues printed in the same FY18 release (current and prior-year columns). Applied at yoy level because no single level series is consistent across FY18 (FY19 growth needs the gross FY18 level).","https://www.sec.gov/Archives/edgar/data/1467373/000146737318000138/fy18q2earnings8-kexhibit.htm | Summary of Revenues (three months), current and prior-year columns",
corrections_1b.csv,4,accenture,2018Q2,Q3FY18,gR_usd,total,yoy,replace,18.7435,15.1258,1,"ASC 606 basis mix: tidy rev_usd for FY18 quarters is the restated post-ASC 606 vintage (incl. reimbursements, from FY19 releases) while the FY17 base is net revenues; gR_usd = log(gross_FY18/net_FY17) overstates USD growth by ~3.5-4pp. Replaced by the like-for-like log change of net revenues printed in the same FY18 release (current and prior-year columns). Applied at yoy level because no single level series is consistent across FY18 (FY19 growth needs the gross FY18 level).","https://www.sec.gov/Archives/edgar/data/1467373/000146737318000225/fy18q3earnings8-kexhibit.htm | Summary of Revenues (three months), current and prior-year columns",
corrections_1b.csv,5,accenture,2018Q3,Q4FY18,gR_usd,total,yoy,replace,13.8006,10.3703,1,"ASC 606 basis mix: tidy rev_usd for FY18 quarters is the restated post-ASC 606 vintage (incl. reimbursements, from FY19 releases) while the FY17 base is net revenues; gR_usd = log(gross_FY18/net_FY17) overstates USD growth by ~3.5-4pp. Replaced by the like-for-like log change of net revenues printed in the same FY18 release (current and prior-year columns). Applied at yoy level because no single level series is consistent across FY18 (FY19 growth needs the gross FY18 level).","https://www.sec.gov/Archives/edgar/data/1467373/000146737318000288/acn-83120188xkexhibit.htm | Summary of Revenues (three months), current and prior-year columns",
corrections_1b.csv,7,hcltech,2024Q3,Q2FY25,gR,total,yoy,flag_only,6.0154,,1,"Reported cc YoY includes the revenue effect of the Q1/Q2FY25 divestiture (base not adjusted), while gL has the D10 base adjustment: gR and gL are on different perimeters for these 4 quarters, so gRPE/resid are biased down by the (unquantified) divested revenue share.","https://www.hcltech.com/sites/default/files/documents/investor-reports/HCLTech_Q4_FY25_Investor_Release.pdf | p15, footnote to vertical mix table",no change
corrections_1b.csv,8,hcltech,2024Q4,Q3FY25,gR,total,yoy,flag_only,4.0182,,1,"Reported cc YoY includes the revenue effect of the Q1/Q2FY25 divestiture (base not adjusted), while gL has the D10 base adjustment: gR and gL are on different perimeters for these 4 quarters, so gRPE/resid are biased down by the (unquantified) divested revenue share.","https://www.hcltech.com/sites/default/files/documents/investor-reports/HCLTech_Q4_FY25_Investor_Release.pdf | p15, footnote to vertical mix table",no change
corrections_1b.csv,9,hcltech,2025Q1,Q4FY25,gR,total,yoy,flag_only,2.8587,,1,"Reported cc YoY includes the revenue effect of the Q1/Q2FY25 divestiture (base not adjusted), while gL has the D10 base adjustment: gR and gL are on different perimeters for these 4 quarters, so gRPE/resid are biased down by the (unquantified) divested revenue share.","https://www.hcltech.com/sites/default/files/documents/investor-reports/HCLTech_Q4_FY25_Investor_Release.pdf | p15, footnote to vertical mix table",no change
corrections_1b.csv,10,hcltech,2025Q2,Q1FY26,gR,total,yoy,flag_only,3.6332,,1,"Reported cc YoY includes the revenue effect of the Q1/Q2FY25 divestiture (base not adjusted), while gL has the D10 base adjustment: gR and gL are on different perimeters for these 4 quarters, so gRPE/resid are biased down by the (unquantified) divested revenue share.","https://www.hcltech.com/sites/default/files/documents/investor-reports/HCLTech_Q4_FY25_Investor_Release.pdf | p15, footnote to vertical mix table",no change
corrections_1b.csv,11,cognizant,2024Q4,2024Q4,gR,total,yoy,flag_only,6.4851,,1,"Inorganic: Belcan (and Thirdera) add ~4pp to YoY revenue growth (D12, not adjusted). Comparator growth gap vs Indian firms is biased.",https://www.sec.gov/Archives/edgar/data/1058290/000105829025000007/exhibit99212312024.htm | earnings supplement (Ex.99.2) revenue footnote,no change
corrections_1b.csv,12,cognizant,2025Q1,2025Q1,gR,total,yoy,flag_only,7.8811,,1,"Inorganic: Belcan (and Thirdera) add ~4pp to YoY revenue growth (D12, not adjusted). Comparator growth gap vs Indian firms is biased.",https://www.sec.gov/Archives/edgar/data/1058290/000105829025000124/exhibit9923312025.htm | earnings supplement (Ex.99.2) revenue footnote,no change
corrections_1b.csv,13,cognizant,2025Q2,2025Q2,gR,total,yoy,flag_only,6.9526,,1,"Inorganic: Belcan (and Thirdera) add ~4pp to YoY revenue growth (D12, not adjusted). Comparator growth gap vs Indian firms is biased.",https://www.sec.gov/Archives/edgar/data/1058290/000105829025000266/exhibit9926302025.htm | earnings supplement (Ex.99.2) footnote 1,no change
