firm,cal_q,gR,gR_usd,gL,du,util_level,tcv_ttm,gTCV,dsub,subcon_share,attrition,gRPE,resid
accenture,2007Q1,9.531017980432486,,,,,,,,,17.0,,
accenture,2007Q2,8.617769624105232,,,,,,,,,18.0,,
accenture,2007Q3,20.70141693843261,,,,,,,,,18.0,,
accenture,2007Q4,11.332868530700317,,,,,,,,,17.0,,
accenture,2008Q1,10.436001532424278,16.667440450544245,,,83.0,,,,,15.0,,
accenture,2008Q2,11.332868530700317,18.295993854761576,,,85.0,,,,,16.0,,
accenture,2008Q3,9.531017980432486,16.046295687098873,8.994823666293957,,84.0,,,,,15.0,0.5361943141385286,
accenture,2008Q4,8.617769624105232,5.912469784179271,,,83.0,,,,,13.0,,
accenture,2009Q1,2.95588022415444,-6.345233075027229,,0.0,83.0,,,,,9.0,,
accenture,2009Q2,-4.082199452025513,-17.05828102843334,,-2.3810648693718557,83.0,26020.0,,,,8.0,,
accenture,2009Q3,-7.257069283483545,-15.347152236959438,-4.959694113937206,2.3530497410194036,86.0,23890.0,,,,10.0,-2.2973751695463385,-4.650424910565742
accenture,2009Q4,-12.783337150988489,-11.184480558109298,-6.062462181643485,5.8496206681608625,88.0,23620.0,,,,12.0,-6.720874969345004,-12.570495637505866
accenture,2010Q1,-8.338160893905105,-1.7215411009335921,0.0,5.8496206681608625,88.0,24160.0,,,,15.0,-8.338160893905105,-14.187781562065968
accenture,2010Q2,3.9220713153281297,7.953417762640901,7.087433958665709,5.8496206681608625,88.0,24020.0,-7.9978656432521795,,,17.0,-3.1653626433375797,-9.014983311498442
accenture,2010Q3,7.696104113612832,5.19957283404124,14.197026127038729,0.0,86.0,24980.0,4.46155433597134,,,17.0,-6.500922013425897,-6.500922013425897
accenture,2010Q4,13.102826240640411,11.618010973641285,18.13741384379148,-1.1428695823622743,87.0,25760.0,8.67290904669366,,,15.0,-5.034587603151071,-3.8917180207887965
accenture,2011Q1,16.551443847757337,15.653943045470509,17.2140996861837,-2.298951822469872,86.0,26220.0,8.18241052689396,,,14.0,-0.6626558384263639,1.636295984043508
accenture,2011Q2,13.976194237515868,18.75276449330631,16.01476992996327,-3.4685557987889983,85.0,26890.0,11.286765362893583,,,15.0,-2.0385756924474006,1.4299801063415978
accenture,2011Q3,13.102826240640411,21.00595365986445,14.571181118139378,-1.16960397631913,85.0,,,,,14.0,-1.4683548774989674,-0.2987509011798375
accenture,2011Q4,13.102826240640411,15.71573404276672,14.531009181713534,0.0,87.0,,,,,12.0,-1.428182941073123,-1.428182941073123
accenture,2012Q1,12.221763272424921,11.586151321853007,13.469350780469991,1.1560822401076005,87.0,,,,,12.0,-1.2475875080450702,-2.4036697481526708
accenture,2014Q4,9.531017980432486,,,,91.0,,,,,13.0,,
accenture,2015Q1,11.332868530700317,,,,91.0,,,,,14.0,,
accenture,2015Q2,9.531017980432486,,,,90.0,,,,,15.0,,
accenture,2015Q3,11.332868530700317,,,,90.0,34400.0,,,,14.0,,
accenture,2015Q4,9.531017980432486,1.4765357278535185,15.600560816606587,-1.1049836186584936,90.0,34400.0,,,,13.0,-6.069542836174101,-4.964559217515607
accenture,2016Q1,11.332868530700317,5.860075330292496,14.193646170702626,-1.1049836186584936,90.0,34500.0,,,,13.0,-2.8607776400023095,-1.755794021343816
accenture,2016Q2,9.531017980432486,8.20415804268585,11.084690768309118,1.1049836186584936,91.0,35100.0,,,,15.0,-1.553672787876632,-2.6586564065351257
accenture,2016Q3,8.617769624105232,7.339260709583622,6.802912896601478,2.197890671877517,92.0,35300.0,2.582639955989846,,,16.0,1.8148567275037548,-0.38303394437376204
accenture,2016Q4,6.765864847381481,6.08044641209611,5.630571742137367,2.197890671877517,92.0,35900.0,4.26807311148806,,,12.0,1.1352931052441138,-1.062597566633403
accenture,2017Q1,5.826890812397577,4.576837639305496,7.340509376598716,1.1049836186584936,91.0,35600.0,3.138631382067066,,,12.0,-1.5136185642011384,-2.618602182859632
accenture,2017Q2,6.765864847381481,4.99796733402774,9.13851814364489,0.0,91.0,36300.0,3.3616610798985063,,,15.0,-2.372653296263408,-2.372653296263408
accenture,2017Q3,7.696104113612832,7.495004546789172,10.213695873484637,-1.0929070532190317,91.0,37400.0,5.7787740481235215,,,15.0,-2.517591759871805,-1.4246847066527732
accenture,2017Q4,9.531017980432486,11.1843,9.962550962714444,0.0,92.0,39100.0,8.538517149708689,,,13.0,-0.4315329822819578,-0.4315329822819578
accenture,2018Q1,9.531017980432486,14.1863,9.653218922014467,0.0,91.0,40200.0,12.15213577669906,,,13.0,-0.12220094158198158,-0.12220094158198158
accenture,2018Q2,10.436001532424278,15.1258,8.679097827774594,0.0,91.0,42100.0,14.822999941753068,,,17.0,1.7569037046496838,1.7569037046496838
accenture,2018Q3,10.436001532424278,10.3703,7.734876552558189,0.0,91.0,42800.0,13.486739816726478,,,18.0,2.701124979866089,2.701124979866089
accenture,2018Q4,9.075436326846415,7.042811687372444,7.417687731956948,0.0,92.0,43000.0,9.507764870224237,,,15.0,1.6577485948894664,1.6577485948894664
accenture,2019Q1,8.617769624105232,5.352956663154611,7.616948306039611,0.0,91.0,44500.0,10.162219354721906,,,15.0,1.0008213180656211,1.0008213180656211
accenture,2019Q2,7.696104113612832,3.7141031287386155,7.061660488880558,0.0,91.0,43400.0,3.041170041802354,,,18.0,0.634443624732274,0.634443624732274
accenture,2019Q3,6.952606264861025,5.118671012944005,6.963410192820913,0.0,91.0,45500.0,6.11742233691536,,,19.0,-0.010803927959887716,-0.010803927959887716
accenture,2019Q4,8.617769624105232,6.862961189401945,7.327922510074273,-1.0929070532190317,91.0,45600.0,5.870760082677791,,,14.0,1.2898471140309598,2.3827541672499915
accenture,2020Q1,7.696104113612832,6.368030412854714,6.505093646848027,0.0,91.0,48000.0,7.571182173569638,,,14.0,1.191010466764805,1.191010466764805
accenture,2020Q2,0.9950330853168083,-0.9812494136146077,6.3697535034779085,-3.3522692038643562,88.0,48400.0,10.90403726162269,,,11.0,-5.3747204181611,-2.022451214296744
accenture,2020Q3,-1.0050335853501442,-2.0134963293180945,2.693682565932441,-1.1049836186584936,90.0,49500.0,8.426034361773981,,,7.0,-3.698716151282585,-2.593732532624091
accenture,2020Q4,1.9802627296179713,3.488304079778749,1.9140260765269261,2.173998663640582,93.0,52100.0,13.32572322389809,,,9.0,0.0662366530910452,-2.107762010549537
accenture,2021Q1,4.879016416943201,8.154624163346528,5.374490476199247,3.2435275753153956,94.0,53900.0,11.592946700706044,,,12.0,-0.49547405925604604,-3.7390016345714416
accenture,2021Q2,14.842000511827328,18.793363722659663,10.267839055812164,5.526267867504952,93.0,58300.0,18.61022796338607,,,17.0,4.5741614560151636,-0.9521064114897886
accenture,2021Q3,19.06203596086497,21.388613070380416,21.05709013081632,2.197890671877517,92.0,59300.0,18.06366364290351,,,19.0,-1.9950541699513487,-4.192944841828865
accenture,2021Q4,23.901690047049993,24.08346405764095,27.092877071549022,-1.0810916104215618,92.0,63200.0,19.313935239349046,,,17.0,-3.1911870244990297,-2.1100954140774677
accenture,2022Q1,24.68600779315258,21.893466707965775,26.358920208989773,-2.150620522096362,92.0,66800.0,21.457260262764862,,,18.0,-1.6729124158371924,0.4777081062591697
accenture,2022Q2,23.901690047049993,19.742683566173064,22.24727058214882,-2.1739986636405875,91.0,68400.0,15.97707312720581,,,20.0,1.6544194649011743,3.8284181285417618
accenture,2022Q3,19.88508587451652,13.920965779888213,14.458489463627236,-1.0929070532190317,91.0,71800.0,19.127517005049878,,,20.0,5.4265964108892835,6.519503464108315
accenture,2022Q4,13.976194237515868,5.0976434869241745,8.985080274689764,-1.0929070532190317,91.0,71200.0,11.918851726511836,,,13.0,4.991113962826104,6.084021016045135
accenture,2023Q1,8.617769624105232,4.974738191539397,5.519666753022596,-1.0929070532190317,91.0,73700.0,9.829971865269089,,,12.0,3.098102871082636,4.191009924301667
accenture,2023Q2,4.879016416943201,2.4802004048495188,2.9726934122926276,0.0,91.0,73900.0,7.734000332565137,,,13.0,1.9063230046505732,1.9063230046505732
accenture,2023Q3,3.9220713153281297,3.576085944836829,1.5734082989427645,0.0,91.0,72100.0,0.4169568236724831,,,14.0,2.3486630163853652,2.3486630163853652
accenture,2023Q4,0.9950330853168083,2.9809503292576727,0.7188231605289113,0.0,91.0,74300.0,4.261813330578336,,,11.0,0.2762099247878971,0.2762099247878971
accenture,2024Q1,0.0,-0.09264346797417278,0.5640150017694223,1.092907053219023,92.0,73800.0,0.1355932411135997,,,13.0,-0.5640150017694223,-1.6569220549884454
accenture,2024Q2,0.9950330853168083,-0.5919049567194916,2.4739667816353017,1.092907053219023,92.0,77700.0,5.014242941944556,,,14.0,-1.4789336963184934,-2.5718407495375164
accenture,2024Q3,4.879016416943201,2.5972794807351223,5.506452888103751,1.092907053219023,92.0,81200.0,11.886120287672883,,,14.0,-0.62743647116055,-1.720343524379573
accenture,2024Q4,7.696104113612832,8.646348382484474,7.2335590689125535,0.0,91.0,81500.0,9.249206852310362,,,12.0,0.4625450447002786,0.4625450447002786
accenture,2025Q1,8.157998699242288,5.298949900960575,7.620681215123414,-1.0929070532190317,91.0,80810.0,9.074198863892939,,,13.0,0.5373174841188746,1.6302245373379063
accenture,2025Q2,6.765864847381481,7.379010086522827,5.256867376060978,0.0,92.0,79410.0,2.176904753351777,,,16.0,1.5089974713205034,1.5089974713205034
accenture,2025Q3,4.401688541677432,7.005029049215024,0.6398163919271135,1.0810916104215675,93.0,80620.0,-0.7168489478612516,,,15.0,3.7618721497503183,2.680780539328751
accenture,2025Q4,4.879016416943201,5.7799877096990535,-1.9072005573600468,2.173998663640582,93.0,82860.0,1.6549416402438677,,,13.0,6.786216974303247,4.612218310662666
accenture,2026Q1,3.9220713153281297,7.9848198189246595,-1.84782751716938,2.173998663640582,93.0,84060.0,3.9430109331614274,,,13.0,5.76989883249751,3.5959001688569274
accenture,2026Q2,2.95588022415444,5.4355286921230945,1.0452434357877811,1.0810916104215675,93.0,83680.0,5.23756954094932,,,14.0,1.9106367883666588,0.8295451779450913
cognizant,2007Q1,,,,,,,,,,15.0,,
cognizant,2007Q2,,,,,,,,,,17.0,,
cognizant,2007Q3,,,,,,,,,,16.6,,
cognizant,2007Q4,,,,,,,,,,,,
cognizant,2008Q1,,33.449628909275745,,,,,,,,12.3,,
cognizant,2008Q2,,28.29396080095184,,,,,,,,15.0,,
cognizant,2008Q3,,27.363980208900735,,,,,,,,17.6,,
cognizant,2008Q4,,22.726866777666125,10.770433715810405,,,,,,,,,
cognizant,2009Q1,,14.823103359042195,9.374155203169824,,,,,,,8.3,,
cognizant,2009Q2,,12.48731142113178,8.13456394539524,,,,,,,11.3,,
cognizant,2009Q3,,14.983384178764766,13.353139262452258,,,,,,,12.3,,
cognizant,2009Q4,,18.12885486057684,23.953999644501998,,,,,,,,,
cognizant,2010Q1,,25.21009787557647,29.43318133645969,,,,,,,16.4,,
cognizant,2010Q2,,35.2824854825989,32.6376805955862,,,,,,,20.7,,
cognizant,2010Q3,,35.474112078672576,34.06651148812488,,,,,,,21.8,,
cognizant,2010Q4,,37.28283170466272,28.256697178501046,,,,,,,,,
cognizant,2011Q1,,35.6838624119694,26.101382536961964,,,,,,,15.1,,
cognizant,2011Q2,,29.5593030165662,28.54247351501309,,,,,,,15.2,,
cognizant,2011Q3,,27.428237737304055,30.736163039822678,,,,,,,13.4,,
cognizant,2011Q4,,23.856167152332713,28.068650659323644,,,,,,,10.0,,
cognizant,2012Q1,,22.155702800439734,23.567728746146628,,,,,,,10.6,,
cognizant,2013Q4,,,,,,,,,,,,
cognizant,2014Q1,,,,,,,,,,,,
cognizant,2014Q2,,,,,,,,,,,,
cognizant,2014Q3,,,,,,,,,,,,
cognizant,2014Q4,,15.202353331643865,21.02249923226533,,,,,,,,,
cognizant,2015Q1,,18.38967474322344,19.796929979810304,,,,,,,,,
cognizant,2015Q2,,20.347901024014448,15.124969298476728,,,,,,,,,
cognizant,2015Q3,,21.08996276842675,9.362441500207295,,,,,,,,,
cognizant,2015Q4,,16.448437366223,4.710011813593319,,,,,,,,,
cognizant,2016Q1,,9.514154942609942,6.792048532519883,,,,,,,,,
cognizant,2016Q2,,8.829899859063804,11.390191547460569,,,,,,,,,
cognizant,2016Q3,,8.022130194403122,15.395523372089976,,,,,,,,,
cognizant,2016Q4,,6.8590625090142066,16.01254494561392,,,,,,,,,
cognizant,2017Q1,11.154137473290742,10.204459307749326,11.424794383657549,,79.0,,,,,,-0.2706569103668066,
cognizant,2017Q2,9.44006754214843,8.530859173298268,4.990059355211122,,80.0,,,,,,4.450008186937308,
cognizant,2017Q3,8.157998699242288,8.671209285573012,0.11721040607372475,,82.0,,,,,,8.040788293168564,
cognizant,2017Q4,8.984070399978947,10.049601683669032,-0.07689350628771678,,83.0,,,,,,9.060963906266664,
cognizant,2018Q1,7.881118042428977,9.822854452055479,0.07654037878455251,4.939275532957647,83.0,,,,,,7.804577663644424,2.8653021306867767
cognizant,2018Q2,7.881118042428977,8.760157517714763,4.604199145901297,3.68139731227164,83.0,,,,,,3.27691889652768,-0.40447841574396026
cognizant,2018Q3,8.617769624105232,7.959324191730269,6.828977392273443,1.212136053234482,83.0,,,,,,1.7887922318317893,0.5766561785973072
cognizant,2018Q4,8.434114843375088,7.5692773313245425,7.980599326835957,0.0,83.0,,,,,,0.4535155165391309,0.4535155165391309
cognizant,2019Q1,6.57877405380031,4.937427633557237,8.924046430564541,0.0,83.0,,,,,16.0,-2.345272376764231,-2.345272376764231
cognizant,2019Q2,4.59289318883998,3.3144067319803585,6.931512029060268,0.0,83.0,,,,,19.0,-2.3386188402202874,-2.3386188402202874
cognizant,2019Q3,4.9742091894814076,4.08416117873742,5.567826879939575,1.197619104671562,84.0,,,,,18.0,-0.5936176904581671,-1.7912367951297292
cognizant,2019Q4,4.114194333117518,3.685190568154907,3.7977042388023947,2.3810648693718606,85.0,,,,,16.0,0.3164900943151232,-2.0645747750567374
cognizant,2020Q1,3.44014267173324,2.7596232300993844,2.0433611377908734,0.0,83.0,,,,,17.0,1.3967815339423666,1.3967815339423666
cognizant,2020Q2,-2.5317807984289877,-3.4642943443539616,-2.4588523628911823,-3.6813973122716317,80.0,,,,,15.0,-0.07292843553780548,3.608468876733826
cognizant,2020Q3,-0.702461493696446,-0.11777177194498918,-2.3735843809755885,1.1834457647002798,85.0,,,,,13.0,1.6711228872791426,0.48767712257886275
cognizant,2020Q4,-3.045920748470855,-2.3619425822880586,-1.0309369658861212,2.3256862164267185,87.0,19800.0,,,,12.0,-2.014983782584734,-4.340669999011452
cognizant,2021Q1,2.3716526617316043,4.081252701981717,1.6321341564104328,2.3810648693718606,85.0,20000.0,,,,13.0,0.7395185053211715,-1.641546364050689
cognizant,2021Q2,11.332868530700317,13.649574458853756,6.8708335989228635,4.879016416943205,84.0,20500.0,,,,18.0,4.4620349317774535,-0.41698148516575184
cognizant,2021Q3,10.436001532424278,11.161009547523644,11.7508261852374,-1.1834457647002796,84.0,21700.0,,,,24.0,-1.3148246528131224,-0.13137888811284282
cognizant,2021Q4,13.540463700620295,13.254500764520309,13.27538883738738,-4.706751085798586,83.0,23100.0,15.415067982725835,,,28.0,0.26507486323291474,4.9718259490315
cognizant,2022Q1,10.345870836822998,9.218617937388554,13.807417826143894,-3.593200922606333,82.0,23400.0,15.70037488096647,,,29.8,-3.4615469893208957,0.1316539332854374
cognizant,2022Q2,9.075436326846415,6.766884012786941,12.498735998692293,-1.197619104671565,83.0,23200.0,12.372739252790169,,,31.1,-3.4232996718458786,-2.2256805671743134
cognizant,2022Q3,5.448818528406973,2.354030166818344,9.29089437297283,-1.197619104671565,83.0,23100.0,6.252035698133393,,,29.2,-3.8420758445658567,-2.6444567398942915
cognizant,2022Q4,4.018178963283183,1.289535340335668,7.205331764005757,-2.4391453124159126,81.0,24100.0,4.237922296886154,,,25.6,-3.187152800722574,-0.7480074883066612
cognizant,2023Q1,1.4888612493750655,-0.29051690904075,3.2088314551500448,-3.7271394797231654,79.0,25600.0,8.985632912186114,,,23.1,-1.7199702057749793,2.007169273948186
cognizant,2023Q2,-0.10005003335835334,-0.40849730007488866,1.252018101723909,-3.6813973122716317,80.0,26400.0,12.921173148000625,,,19.9,-1.3520681350822623,2.3293291771893694
cognizant,2023Q3,-0.20020026706730776,0.8201809356572528,-0.804602041845048,-3.6813973122716317,80.0,26900.0,15.229366908004554,,,16.2,0.6044017747777403,4.285799087049372
cognizant,2023Q4,-2.4292692569044565,-1.688067593041556,-2.162246401316566,-2.500130220541727,79.0,26300.0,8.735709868710947,,,13.8,-0.26702285558789063,2.2331073649538364
cognizant,2024Q1,-1.2072581234269237,-1.0865129869103765,-2.040593869714391,-2.409755157906053,,25900.0,1.1650617219975274,,,13.1,0.8333357462874673,3.2430909041935205
cognizant,2024Q2,-0.5012541823544282,-0.7395267886156882,-2.7278418183676623,-1.197619104671565,,26200.0,-0.7604599385219304,,,13.6,2.226587636013234,3.4242067406847987
cognizant,2024Q3,2.664193094642118,2.9576645382492828,-1.8931685268355976,0.0,,26200.0,-2.6366875840742225,,,14.6,4.557361621477716,4.557361621477716
cognizant,2024Q4,6.485097231961631,6.587747301720634,-3.18507566456441,1.22700925918144,,27100.0,2.9964788701936387,,,15.9,9.67017289652604,8.4431636373446
cognizant,2025Q1,7.881118042428977,7.1929731160261134,-2.380015380735179,3.593200922606337,,26700.0,3.042059670071172,,,12.0,10.261133423164155,6.667932500557818
cognizant,2025Q2,6.952606264861025,7.82965368988686,2.2056474202524927,2.3810648693718606,,27800.0,5.9276609929540305,,,12.6,4.746958844608532,2.365893975236671
cognizant,2025Q3,6.297479916138844,7.097346235028078,2.8121870571351986,1.1834457647002798,,27500.0,4.842659390547446,,,12.6,3.4852928590036454,2.3018470943033655
cognizant,2025Q4,3.7295784743696894,4.820904672049279,4.30048834428503,1.212136053234482,,28400.0,4.685541728150516,,,12.3,-0.570909869915341,-1.783045923149823
cognizant,2026Q1,3.8258712117090337,5.662606841125111,6.141142455313512,0.0,,29600.0,10.311079592381088,,,12.3,-2.315271243604478,-2.315271243604478
cognizant,2026Q2,4.018178963283183,4.401232421571875,3.6834999416096936,0.0,,29100.0,4.570215348085538,,,13.0,0.3346790216734892,0.3346790216734892
hcltech,2007Q1,,,,,,,,,,17.4,,
hcltech,2007Q2,,,,,,,,,,17.2,,
hcltech,2007Q3,,,,,,,,,,16.4,,
hcltech,2007Q4,27.535642276114398,,,,,,,,,15.5,,
hcltech,2008Q1,24.294617861038947,27.58155857519608,21.54576103844135,,,,,,,15.5,2.748856822597599,
hcltech,2008Q2,21.752781252857407,23.73459830988287,18.865996399971124,,,,,,,14.8,2.886784852886283,
hcltech,2008Q3,17.22712209404532,15.494956143555408,14.405272967310559,,,,,,,14.2,2.8218491267347616,
hcltech,2008Q4,20.212418409013434,11.063409412876318,13.741818633812716,,,,,,,13.4,6.470599775200718,
hcltech,2009Q1,24.294617861038947,16.7199060057874,8.141026830397974,,,,,,,13.2,16.153591030640975,
hcltech,2009Q2,25.15366258154277,19.0855894591213,6.624180553997255,,,,,,,13.0,18.529482027545512,
hcltech,2009Q3,25.54171118645055,22.947205658443877,3.22732078879402,,,,,,,12.8,22.314390397656528,
hcltech,2009Q4,20.538682972495074,25.107332974715163,1.2104279448659165,,,,,,,12.8,19.328255027629158,
hcltech,2010Q1,15.01426584297195,19.3947546471306,7.319926657328588,,,,,,,13.9,7.694339185643362,
hcltech,2010Q2,19.556678354397526,19.454344616096385,17.457248664670484,,,,,,,15.7,2.0994296897270424,
hcltech,2010Q3,25.07587183471831,24.347194506709087,25.445040561641914,,,,,,,16.7,-0.36916872692360414,
hcltech,2010Q4,28.818194749343196,28.210416950901884,26.060290956650384,,,,,,,17.2,2.7579037926928116,
hcltech,2011Q1,26.926348692776287,28.86667013809555,23.353169932466187,,,,,,,17.0,3.5731787603100997,
hcltech,2011Q2,22.07406666978994,26.65478920038541,17.685409159667522,,,,,,,16.5,4.3886575101224174,
hcltech,2011Q3,19.803085049913445,22.060238051052362,13.690091235090648,,,,,,,15.9,6.112993814822797,
hcltech,2011Q4,17.1429115627531,16.773041577080964,13.93882580510196,,,,,,,15.7,3.2040857576511392,
hcltech,2012Q1,14.32341680859078,13.61659726499756,11.616545640126626,,,,,,,15.0,2.706871168464154,
hcltech,2013Q3,13.976194237515868,,,,84.9,,,,,16.1,,
hcltech,2013Q4,14.06311297397456,,,,84.1,,,,,16.6,,
hcltech,2014Q1,13.714983814723364,,,,84.2,,,,,16.9,,
hcltech,2014Q2,12.31021971339834,,,,84.5,,,,,16.9,,
hcltech,2014Q3,11.955923505763925,12.086591329400962,9.119812914537652,-2.6254491287656077,82.7,,,,,16.6,2.836110591226273,5.461559719991881
hcltech,2014Q4,15.01426584297195,12.069678818493223,12.646486772324359,-1.43715048376529,82.9,,,,,16.4,2.3677790706475914,3.8049295544128814
hcltech,2015Q1,14.32341680859078,9.074497049137534,14.424001048778537,-2.7695930389257284,81.9,,,,,16.2,-0.10058424018775725,2.669008798737971
hcltech,2015Q2,14.842000511827328,8.876901829750535,14.60237906213742,-1.1904902506318313,83.5,,,,,16.5,0.23962144968990806,1.4301117003217394
hcltech,2015Q3,12.663265093336602,7.458122703521178,10.002712489618458,1.0823918061010294,83.6,,,,,16.3,2.660552603718143,1.5781607976171137
hcltech,2015Q4,8.892620919440152,4.927556386728491,3.389623109754731,2.1480539516759327,84.7,,,,,16.7,5.502997809685421,3.354943858009488
hcltech,2016Q1,7.788653865707122,6.28598234124822,0.6810816455962371,4.418629228867252,85.6,,,,15.744344737334082,17.3,7.107572220110885,2.688942991243633
hcltech,2016Q2,10.616019582839062,9.498492366224779,1.7386867985036758,2.7172374637106858,85.8,,,,17.58997882851094,17.8,8.877332784335387,6.160095320624701
hcltech,2016Q3,12.044615307586716,10.90184336915169,3.9231278353225143,2.0130934406977623,85.3,,,,19.19437451167636,18.6,8.121487472264201,6.108394031566439
hcltech,2016Q4,12.927233570413918,10.833800815840284,6.889514516686103,-0.11813350458312055,84.6,,,,19.646182495344508,17.9,6.037719053727815,6.155852558310936
hcltech,2017Q1,14.928170271575445,13.510525426074027,10.038802227181867,0.11675424560378682,85.7,,,2.0105710512662682,17.75491578860035,16.9,4.889368044393578,4.772613798789791
hcltech,2017Q2,11.511280710050457,10.83606832716467,8.699208096271976,0.2328289759591168,86.0,,,-0.39514797823519743,17.194830850275743,16.2,2.812072613778481,2.5792436378193644
hcltech,2017Q3,10.074990310014305,11.276452912033756,8.084458038682705,0.8172841755874386,86.0,,,-2.3293270611375156,16.865047450538846,15.7,1.9905322713316007,1.173248095744162
hcltech,2017Q4,10.616019582839062,12.995110689769602,7.1207199338846365,1.4084739881739023,85.8,,,-1.7823473922839206,17.863835103060588,15.2,3.4952996489544255,2.086825660780523
hcltech,2018Q1,7.881118042428977,11.489222299132146,3.480910967882661,0.23310033864756083,85.9,,,-1.471434492599137,16.283481296001213,15.5,4.400207074546316,4.167106735898755
hcltech,2018Q2,8.157998699242288,8.652918170889699,5.242992838080538,-0.583092031079321,85.5,,,-1.3424025464855713,15.852428303790171,16.3,2.9150058611617498,3.498097892241071
hcltech,2018Q3,9.984533496971613,8.478725955331964,7.159365318700882,0.8106587532988494,86.7,,,-0.8028712847357369,16.06217616580311,17.1,2.825168178270731,2.014509424971882
hcltech,2018Q4,12.221763272424921,10.226137866732161,10.371780274885243,0.9280809074472783,86.6,,,-1.6080226309286054,16.255812472131982,17.8,1.8499829975396782,0.9219020900923999
hcltech,2019Q1,14.236724128692197,11.124113005758073,13.88335147289891,-0.5837728195685528,85.4,,,0.11426729686933257,16.397748592870546,17.7,0.3533726557932866,0.9371454753618393
hcltech,2019Q2,15.700374880966475,14.015337114805506,14.7861717626294,,,,,0.6224575409586866,16.474885844748858,17.3,0.9142031183370758,
hcltech,2019Q3,18.64795669426183,16.924362335502703,14.021574733349986,,,,,0.037778192937192756,16.099954358740302,16.9,4.626381960911843,
hcltech,2019Q4,15.186234930924606,14.436282239083804,11.982301730611935,,,,,-1.5053299797140056,14.750482492417976,16.8,3.2039332003126706,
hcltech,2020Q1,12.663265093336602,11.029170374639577,8.645129555473815,,,,,-2.9657959301486514,13.431952662721894,16.3,4.018135537862786,
hcltech,2020Q2,0.9950330853168083,-0.34328613314237383,4.342818544550473,,,,,-2.888203483894646,13.586682360854212,14.6,-3.3477854592336644,
hcltech,2020Q3,-0.40080213975388185,0.8413174098584124,3.9724351078845115,,,,,-2.7945870359480036,13.305367322792298,12.2,-4.373237247638393,
hcltech,2020Q4,1.0939940038334366,2.8373996490129145,6.807763128877695,,,,,-1.1974828032665936,13.552999689151383,10.2,-5.713769125044259,
hcltech,2021Q1,2.5667746748577795,5.823033176949592,11.631128563105959,,,,,0.029683710171543254,13.461636372893437,9.9,-9.06435388824818,
hcltech,2021Q2,11.064652008706364,14.373179151220869,16.076841129609477,,,,,0.7944218847108662,14.381104245565078,11.8,-5.012189120903113,
hcltech,2021Q3,9.984533496971613,10.736520722618488,20.349993414038092,,,,,1.6111177897712459,14.916485112563544,15.7,-10.36545991706648,
hcltech,2021Q4,13.976194237515868,12.920825715267945,21.39557958230928,,,9144.0,,1.394830681185816,14.947830370337199,19.8,-7.4193853447934135,
hcltech,2022Q1,12.486898204586927,10.45775392314289,21.19829509876478,,,8304.0,,0.7437891260666021,14.20542549896004,21.9,-8.711396894177854,
hcltech,2022Q2,14.496577025018572,10.639322241497483,17.838177241635435,,,8694.0,,0.9317153930302169,15.312819638595295,23.8,-3.341600216616863,
hcltech,2022Q3,14.66943791508035,9.931872241341468,15.60613911899311,,,8833.0,,0.09607261246278753,15.012557725026332,23.8,-0.9367012039127598,
hcltech,2022Q4,12.31021971339834,8.572311400584839,11.675272573876615,,,9045.0,-1.0885807645251055,-0.47217493962558876,14.47565543071161,21.7,0.6349471395217243,
hcltech,2023Q1,9.984533496971613,7.759563309810689,7.854161898279976,,,8859.0,6.469656500636257,0.024447462026204292,14.229872960986244,19.5,2.130371598691637,
hcltech,2023Q2,6.109509935981087,5.627277672053849,5.743698759678476,,,8370.0,-3.797924806521633,-1.5160444636637465,13.796775174931549,16.3,0.3658111763026115,
hcltech,2023Q3,3.343477608623739,4.5228739830106,0.8236815067335392,,,9955.0,11.95802297531645,-1.8601881989315512,13.15236952609478,14.2,2.5197961018901998,
hcltech,2023Q4,4.210117601863539,5.137035676958692,1.1122510227968565,,,9535.0,5.27571202051239,-1.3560604085643835,13.119595022147227,12.8,3.0978665790666824,
hcltech,2024Q1,5.826890812397577,5.862583353035598,0.6779537462548698,,,9751.0,9.593595242308666,-1.2118723293851357,13.018000631601108,12.4,5.148937066142707,
hcltech,2024Q2,5.448818528406973,4.997993230502078,1.543752999119362,,,10146.0,19.242565464311433,-1.1760388168034517,12.620736358128097,12.8,3.9050655292876106,
hcltech,2024Q3,6.015392281974709,6.608398180063156,2.2574635334889397,,,8395.0,-17.043864698665555,-0.16643646532283185,12.985933060771949,12.9,3.757928748485769,
hcltech,2024Q4,4.018178963283183,3.396987535425481,1.5507725533416858,,,8563.0,-10.751864300832734,-0.15873854841019153,12.960856473737035,13.2,2.467406409941497,
hcltech,2025Q1,2.858745685191255,1.9660270362513401,1.5048660212528846,,,9268.0,-5.080223728285214,0.2035823876411058,13.221583019242214,13.0,1.3538796639383706,
hcltech,2025Q2,3.633192924739028,5.240741787338916,1.6947566639965623,,,9120.0,-10.660973505825826,1.0139797774941641,13.634716135622261,12.8,1.9384362607424659,
hcltech,2025Q3,4.497336564273115,5.615807493209,3.6023218520111437,,,9471.0,12.059820771446008,1.0238346431914849,14.009767703963433,12.6,0.8950147122619714,
hcltech,2025Q4,4.688358589885042,7.100989432975378,2.515709655897549,,,10382.0,19.262294136098237,1.1363329452521,14.097189418989135,12.4,2.1726489339874933,
hcltech,2026Q1,2.3716526617316043,5.126470621447581,1.6693648446818046,,,9323.0,0.5916858744426888,1.5925778353530013,14.814160854595215,12.5,0.7022878170497997,
hcltech,2026Q2,2.5667746748577795,2.918900761030927,0.33017209665068203,,,9918.0,8.388148398070202,1.1372552921229016,14.771971427745163,12.7,2.2366025782070977,
infosys,2007Q1,,,,,73.0,,,,,,,
infosys,2007Q2,32.135859881116474,,,,73.9,,,,,,,
infosys,2007Q3,29.34156042995415,,,,77.8,,,,,,,
infosys,2007Q4,25.77381960787088,,,,76.3,,,,,,,
infosys,2008Q1,25.851069515150105,28.012169913252766,23.290459130097407,3.234783386551934,75.4,,,,,,2.560610385052698,-0.6741730014992364
infosys,2008Q2,20.04888607494036,21.88238901696934,21.696690225777708,-2.3272782055375534,72.2,,,,,,-1.6478041508373487,0.6794740547002047
infosys,2008Q3,17.64711431157791,17.380529176246252,21.995590700948846,-5.41386319890549,73.7,,,,,,-4.348476389370937,1.0653868095345533
infosys,2008Q4,13.62776182925478,7.72001815981259,15.134283896098022,-2.3873812904897473,74.5,,,,,,-1.5065220668432424,0.8808592236465049
infosys,2009Q1,5.732506661926941,-1.8559967143795562,13.961841428763378,-1.2008149628396607,74.5,,,,,,-8.229334766836438,-7.028519803996777
infosys,2009Q2,2.5667746748577795,-2.8987536873252298,9.615842936570985,-1.8169612360698668,70.9,,,,,,-7.049068261713206,-5.232107025643339
infosys,2009Q3,-3.2523191705560035,-5.233261545806745,5.00398423051403,-0.6807378228025014,73.2,,,,,,-8.256303401070033,-7.575565578267532
infosys,2009Q4,1.882175424058776,5.078078049574784,6.392107954594185,2.2562337307086793,76.2,,,,,,-4.509932530535409,-6.766166261244089
infosys,2010Q1,11.154137473290742,14.506145384006006,8.18766143416618,3.4304155183769796,77.1,,,,,,2.9664760391245615,-0.4639394792524181
infosys,2010Q2,18.813794211539445,19.09002220359999,9.990608301330479,10.437272188527578,78.7,,,,1.936108422071636,15.8,8.823185910208966,-1.6140862783186112
infosys,2010Q3,26.313319953036824,25.956071146637765,14.95844153476878,10.371982620036631,81.2,,,,2.562257089391104,17.1,11.354878418268045,0.9828957982314144
infosys,2010Q4,25.386672395705034,25.194554221791588,15.089514645674262,5.7377112583302425,80.7,,,,2.2234731213059384,17.5,10.297157750030772,4.5594464917005295
infosys,2011Q1,20.13068567050353,21.197025071608458,13.941496084347602,-2.4952049613489575,75.2,,,,2.027586206896552,17.0,6.18918958615593,8.684394547504887
infosys,2011Q2,17.311261770864476,20.740922047675234,15.116771191947082,-4.9489264900183665,74.9,,,0.2415802886832068,2.177688710754843,15.8,2.194490578917394,7.143417068935761
infosys,2011Q3,13.190507087993858,15.453257786512486,14.672297878978997,-4.922129157425601,77.3,,,-0.5620101453239355,2.0002469440671686,15.6,-1.4817907909851389,3.4403383664404625
infosys,2011Q4,12.927233570413918,13.053004766554979,12.703824569234259,-4.175179468022159,77.4,,,0.09960711100208464,2.323080232308023,15.4,0.22340900117965923,4.398588469201818
infosys,2012Q1,9.984533496971613,10.029151015452895,13.677296076316765,-2.969178980740304,73.0,,,0.6384779593935521,2.666064166290104,14.7,-3.6927625793451515,-0.7235835986048476
infosys,2012Q2,6.57877405380031,4.733574290094306,12.372852207255415,-4.505881655657406,71.6,,,0.8277189431553071,3.00540765391015,14.9,-5.7940781534551045,-1.2881964977976983
infosys,2012Q3,4.114194333117518,2.8791150384011424,8.082669868315758,-5.313334670077049,73.3,,,1.4690165982335008,3.4692635423006695,15.0,-3.96847553519824,1.344859134878809
infosys,2012Q4,5.638033343610763,5.65122102633424,7.013451481484164,-5.579135962841554,73.2,,,1.5717777876459293,3.8948580199539524,15.1,-1.3754181378734014,4.203717824968153
infosys,2013Q1,9.44006754214843,9.011215466787803,4.366127368220424,1.2253386805764968,73.9,,,1.3897996179073324,4.055863784197436,16.3,5.073940173928007,3.84860149335151
infosys,2013Q2,13.190507087993858,12.78790325678595,3.964022592169135,3.7015877757113658,74.3,,,1.219319425170351,4.224727079080501,16.9,9.226484495824723,5.524896720113357
infosys,2013Q3,14.928170271575445,13.949576289602481,4.1192110916071725,5.571732746669549,77.5,,,0.5955262764420994,4.064789818742769,17.3,10.808959179968273,5.237226433298724
infosys,2013Q4,10.436001532424278,9.431067947124141,1.7673761886832882,4.931045554433252,76.9,,,0.18928139352677853,4.084139413480731,18.1,8.66862534374099,3.7375797893077376
infosys,2014Q1,8.434114843375088,7.646403273410208,2.344530003796212,3.718888041905429,76.7,,,-0.824795823032388,3.2310679611650484,18.7,6.089584839578876,2.370696797673447
infosys,2014Q2,6.39133257436528,6.889241440715418,2.5247223093052007,7.5164902350600045,80.1,,,-0.7165046828393105,3.5082223962411905,19.5,3.8666102650600793,-3.649879969999925
infosys,2014Q3,6.109509935981087,6.329743184687779,3.184172606061147,6.0093171323722885,82.3,,,-0.25726471006341045,3.8075251086793584,20.1,2.9253373299199406,-3.083979802452348
infosys,2014Q4,7.60346862759976,5.466854419879792,6.851802327790566,7.271372551804739,82.7,,,0.15622011101912392,4.240359524499855,20.4,0.7516662998091936,-6.5197062519955455
infosys,2015Q1,7.510747248680541,3.152460532999377,9.38440639681288,2.4469991061950145,78.6,,,1.4591117420636444,4.690179703228693,18.9,-1.8736591481323384,-4.320658254327353
infosys,2015Q2,10.345870836822998,5.606389414659905,10.713654726189587,0.12476607981552772,80.2,,,1.7098352880280028,5.218057684269193,19.2,-0.36778388936658857,-0.4925499691821163
infosys,2015Q3,13.278111123381848,8.321803354406065,12.788100928674762,-1.2225091129259267,81.3,,,1.680162771077597,5.4876878797569555,19.9,0.49001019470708584,1.7125193076330125
infosys,2015Q4,11.778303565638346,8.177526987275964,13.100592356716648,-2.5720952517063176,80.6,,,2.0355806088167094,6.275940133316564,18.1,-1.3222887910783019,1.2498064606280157
infosys,2016Q1,13.976194237515868,12.480888573231033,9.653900648634304,1.8904154639152653,80.1,2790.0,,0.8989441638407936,5.589123867069486,17.3,4.322293588881564,2.431878124966299
infosys,2016Q2,11.422114409002287,10.309731825966955,9.315417021636577,0.37336695520488095,80.5,2911.0,,0.2461301360144441,5.464187820283637,21.0,2.1066973873657098,1.733330432160829
infosys,2016Q3,8.525984395082343,7.83690671155068,6.1147705720756775,1.4652276786870415,82.5,3137.0,,-0.05730082025377836,5.430387059503177,20.0,2.4112138230066655,0.945986144319624
infosys,2016Q4,7.045846364856141,5.810428035873938,3.2458985448563684,1.6000341346441338,81.9,3439.0,,-0.6312924172278711,5.644647716088693,18.4,3.7999478199997725,2.1999136853556385
infosys,2017Q1,5.164323315183845,4.906268086276595,3.2050774883947857,2.3443393189939634,82.0,3488.0,22.328691021345893,0.25199762825761685,5.841121495327103,17.1,1.9592458267890591,-0.3850934922049043
infosys,2017Q2,6.109509935981087,5.824627541140641,0.7598563366295101,4.25596144187959,84.0,3336.0,13.62758197330142,0.7484834526991477,6.212671272982785,21.0,5.349653599351577,1.0936921574719873
infosys,2017Q3,4.497336564273115,5.3069836777323625,-0.6975213394212735,2.6317308317373356,84.7,2858.0,-9.314484970086546,0.7744287883934469,6.204815847896624,21.4,5.1948579036943885,2.563127071957053
infosys,2017Q4,5.638033343610763,7.693200344520341,0.9605159360410388,3.597510245827798,84.9,2973.0,-14.560918743416847,0.2056388973765202,5.850286613465213,18.7,4.677517407569725,1.0800071617419267
infosys,2018Q1,6.203539091945264,8.788682084691311,1.8508653786130973,3.239635439375563,84.7,3072.0,-12.69996907613074,0.27512027871481504,6.116241774041918,19.5,4.352673713332167,1.113038273956604
infosys,2018Q2,5.826890812397577,6.569307882287396,5.559898040264659,2.003602676042042,85.7,3515.0,5.226704076612791,0.536596815683045,6.74926808866583,23.0,0.2669927721329186,-1.7366099039091232
infosys,2018Q3,7.788653865707122,6.835728342438829,9.281031037622371,1.0569681489687641,85.6,4814.0,52.140625985320455,1.185159405633387,7.389975253530011,22.2,-1.4923771719152494,-2.5493453208840133
infosys,2018Q4,9.621885774054292,8.085209662909497,11.158777028191599,-1.3041085829264367,83.8,5605.0,63.40875125081625,1.7151339472824505,7.565420560747664,19.9,-1.5368912541373074,-0.2327826712108707
infosys,2019Q1,11.064652008706364,8.70113769896297,11.124059103408564,-2.8744493974984664,82.3,6270.0,71.34475393594036,1.302858462737877,7.419100236779795,20.4,-0.05940709470220007,2.8150423027962663
infosys,2019Q2,11.689375147149933,10.072243621450617,8.719358568101216,-3.080812374233173,83.1,7870.0,80.60185371666837,0.7726325672072152,7.521900655873045,23.4,2.9700165790487176,6.05082895328189
infosys,2019Q3,10.795714150509228,9.434491373632056,8.259191175339083,-0.8211189830394604,84.9,8640.0,58.4874243455084,-0.09402757577138221,7.295947677758629,21.7,2.5365229751701452,3.3576419582096055
infosys,2019Q4,9.075436326846415,8.222928809120814,7.660341944956814,0.7134394113874111,84.4,8870.0,45.90157397973649,-0.12128406325935615,7.444136497488308,19.6,1.4150943818896007,0.7016549705021896
infosys,2020Q1,6.203539091945264,4.379795411341505,6.058465289935389,1.447552417378568,83.5,8950.0,35.587717764193464,-0.10831672364961076,7.310783513130184,20.7,0.1450738020098754,-1.3024786153686927
infosys,2020Q2,1.4888612493750655,-0.3198979055626309,4.358933933614365,-2.312945469377008,81.2,7990.0,1.513269734887146,-0.6552199037073994,6.866680752165646,15.6,-2.8700726842392994,-0.5571272148622914
infosys,2020Q3,2.1761491781512694,3.12812993810887,1.5616205107486483,-1.5430573226645805,83.6,8340.0,-3.533936644530885,-0.6455610273719783,6.6503866503866504,12.8,0.6145286674026211,2.1575859900672016
infosys,2020Q4,6.39133257436528,8.082515249774964,2.377711117617887,2.2262196487470702,86.3,13670.0,43.25288544143701,-0.3511446357225809,7.092991861765727,11.0,4.0136214567473925,1.7874018080003222
infosys,2021Q1,9.16671885258238,12.232558208779869,6.874556159966392,4.907526752132756,87.7,14120.0,45.593869977833194,0.2335895627696294,7.544373075899814,10.9,2.292162692615987,-2.615364059516769
infosys,2021Q2,15.614868248993135,19.20995069476233,11.337361956975181,8.608730484625148,88.5,14980.0,62.85252183108901,1.9302793854884985,8.796960137654144,13.9,4.277506292017954,-4.331224192607195
infosys,2021Q3,17.73090149704103,18.8241999555195,15.191559498588362,6.483751949530787,89.2,13980.0,51.65645204350088,3.6664838313375565,10.316870481724207,20.1,2.53934199845267,-3.944409951078117
infosys,2021Q4,19.474407679251176,18.959500311339486,15.827810385453198,2.5172953924501598,88.5,9380.0,-37.6623887717725,3.92467531744788,11.017667179213607,25.5,3.646597293797978,1.129301901347818
infosys,2022Q1,18.73090983049937,16.941455742820217,19.02255837938521,-0.8013780723553656,87.0,9580.0,-38.79146400823268,3.572246083847367,11.11661915974718,27.7,-0.29164854888583847,0.5097295234695272
infosys,2022Q2,19.39206926373065,16.13019015411178,22.38740096290525,-4.388695035587503,84.7,8670.0,-54.68471872966231,2.543335771832366,11.34029590948651,28.4,-2.9953316991745993,1.3933633364129037
infosys,2022Q3,17.22712209404532,13.043129463371328,21.0755291878826,-6.483751949530784,83.6,9220.0,-41.62526992371618,-0.20958491601179752,10.10728556571241,27.1,-3.848407093837281,2.6353448556935026
infosys,2022Q4,12.839321476839896,9.188184989833417,17.18947662710611,-7.994855014792657,81.7,9990.0,6.300482964232877,-2.2933078702726384,8.724359308940969,24.3,-4.350155150266215,3.6446998645264426
infosys,2023Q1,8.434114843375088,6.205295804784244,8.897167483809763,-8.388148398070213,80.0,9790.0,2.1683864559649884,-2.7968627429848087,8.319756416762372,20.9,-0.4630526404346753,7.925095757635537
infosys,2023Q2,4.114194333117518,3.81902717474684,0.3300175747950613,-4.343264053664154,81.1,10400.0,18.19370153548765,-3.1073588889503014,8.232937020536209,17.3,3.784176758322457,8.12744081198661
infosys,2023Q3,2.46926125903715,3.515945027356166,-4.883593339809229,-2.1766276481954514,81.8,15400.0,51.29924718510811,-2.2240214738008337,7.883264091911576,14.6,7.352854598846379,9.52948224704183
infosys,2023Q4,-1.0050335853501442,0.08581849915241874,-7.226955936650353,1.2165600163688373,82.7,15300.0,42.626823573792755,-0.8317238796630004,7.892635429277968,12.9,6.221922351300209,5.005362334931371
infosys,2024Q1,0.0,0.21934643582814414,-7.875384509088544,4.2819997182928144,83.5,17700.0,59.220318303736455,-0.49864521775385473,7.821111199008517,12.6,7.875384509088544,3.5933847907957297
infosys,2024Q2,2.46926125903715,2.0791660989087486,-6.435972532884559,5.049149337626633,85.3,19500.0,62.86086594223741,-0.17494388814399287,8.057993132392216,12.7,8.90523379192171,3.8560844542950763
infosys,2024Q3,3.2467190137501496,3.662498403499659,-3.3955674344093127,4.890658538150846,85.9,14200.0,-8.112554481236845,-0.10011862760669121,7.7831454643048845,12.9,6.642286448159462,1.751627910008616
infosys,2024Q4,5.921185963184608,5.750386373230396,0.2216575062161721,3.9127694223861975,86.0,13500.0,-12.516314295400605,0.00890656861495387,7.901541997892922,13.7,5.6995284569684355,1.786759034582238
infosys,2025Q1,4.688358589885042,3.572577050401243,1.978161249124883,1.6627461460491832,84.9,11600.0,-42.255954146746454,0.18377578938488437,8.004886988393402,14.1,2.710197340760159,1.047451194710976
infosys,2025Q2,3.7295784743696894,4.703093534967364,2.646292859825288,-0.11730206623632877,85.2,11300.0,-54.56117398514061,0.21325263974052078,8.271245772132737,14.4,1.0832856145444012,1.20058768078073
infosys,2025Q3,2.858745685191255,3.6513584831661263,4.3723366322840205,-0.935679341088138,85.1,12000.0,-16.833531481921476,0.9356677521482508,8.718813216453135,14.3,-1.5135909470927653,-0.5779116060046273
infosys,2025Q4,1.68571170664229,3.188156051453083,4.135880550130343,-2.234072927460538,84.1,14300.0,5.756985182147791,1.0960173151966366,8.997559313089559,12.3,-2.4501688434880533,-0.21609591602751532
infosys,2026Q1,4.018178963283183,6.348087957943573,1.5382748448295689,-2.2633485520703758,83.0,14900.0,25.035611483909452,0.5119872842672599,8.516874272660662,12.6,2.479904118453614,4.74325267052399
infosys,2026Q2,2.3716526617316043,2.813714503435929,1.3113634268256285,-0.3527340517968411,84.9,14700.0,26.304476806639578,0.40104893239527506,8.672294704528012,13.0,1.0602892349059758,1.413023286702817
lti,2015Q2,,,,,75.2,,,,,20.1,,
lti,2015Q3,,,,,75.5,,,,,19.7,,
lti,2015Q4,,,,,76.5,,,,,18.5,,
lti,2016Q1,,,,,77.1,,,,,18.4,,
lti,2016Q2,11.422114409002287,10.243197471366305,-5.245631261536011,3.6557595733797514,78.0,,,,,19.5,16.6677456705383,13.011986097158548
lti,2016Q3,6.952606264861025,6.818861783562936,-6.942819771008223,6.536599325760354,80.6,,,,,18.5,13.895426035869248,7.358826710108894
lti,2016Q4,9.803374027136542,8.55658883296467,-2.2458835424295134,5.096644359202757,80.5,,,,,18.1,12.049257569566056,6.952613210363299
lti,2017Q1,9.712671073072274,10.095378063106589,4.629126741886757,2.8134848071518612,79.3,,,,,16.9,5.083544331185517,2.270059524033656
lti,2017Q2,11.154137473290742,11.474944719778463,14.583743717014986,0.25608208616736505,78.2,,,,,14.7,-3.429606243724244,-3.685688329891609
lti,2017Q3,11.064652008706364,12.12535742963492,13.270831083337518,0.12399257633205735,80.7,,,,,15.0,-2.2061790746311534,-2.330171650963211
lti,2017Q4,15.186234930924606,18.021134873408432,12.694581443773467,1.2345835822299362,81.5,,,,,14.6,2.4916534871511384,1.2570699049212022
lti,2018Q1,17.1429115627531,19.56133865716271,13.821171330764429,2.244483248056491,81.1,,,,,14.8,3.32174023198867,1.077256983932179
lti,2018Q2,20.620083058389778,21.040848247735276,11.932995716887303,3.764559961636697,81.2,,,,,15.1,8.687087341502474,4.922527379865777
lti,2018Q3,20.620083058389778,19.389512218797748,15.798173881151675,1.9632532407121004,82.3,,,,,15.3,4.821909177238103,2.8586559365260027
lti,2018Q4,18.73090983049937,16.715891470755288,16.217904101640155,1.8237587549780794,83.0,,,,,16.5,2.5130057288592162,0.6892469738811369
lti,2019Q1,16.126814759612227,13.539050482793948,15.439329271000895,0.0,81.1,,,,,17.5,0.6874854886113315,0.6874854886113315
lti,2019Q2,12.133228516752496,10.832579289887843,15.433242985331717,0.12307693861326667,81.3,,,,,18.3,-3.3000144685792208,-3.4230914071924876
lti,2019Q3,11.24354293297882,10.20674281593568,15.941538295652919,-2.0872458170441552,80.6,,,,,18.4,-4.697995362674099,-2.610749545629944
lti,2019Q4,13.278111123381848,12.832906875277631,13.275418521420148,-2.0694591242833096,81.3,,,,,17.7,0.0026926019616997365,2.0721517262450093
lti,2020Q1,16.041672140590467,14.718144578460683,10.976346066027237,-0.6184311608784657,80.6,,,,,16.5,5.065326074563231,5.683757235441696
lti,2020Q2,10.074990310014305,9.058143433221874,7.006679400664953,-2.113192370342763,79.6,,,,,15.2,3.0683109093493526,5.181503279692116
lti,2020Q3,9.984533496971613,10.60474704145244,4.6544958907290095,1.7220597751670557,82.0,,,,,13.5,5.330037606242604,3.607977831075548
lti,2020Q4,7.138999608667296,8.1290173919825,7.844759411536072,3.3860550425137443,84.1,,,,,12.4,-0.7057598028687755,-4.09181484538252
lti,2021Q1,6.859279146561172,8.753982154573745,13.528336403998642,1.9656652549551807,82.2,,,,,12.3,-6.66905725743747,-8.634722512392651
lti,2021Q2,16.381808522939497,18.624246191939974,19.614055509626027,5.499247412856514,84.1,,,,,15.2,-3.2322469866865298,-8.731494399543044
lti,2021Q3,22.713557258374724,22.97962800519764,26.686922931294234,2.051973023117654,83.7,,,,,19.6,-3.9733656729195097,-6.0253386960371635
lti,2021Q4,26.313319953036824,25.670220487402958,26.28643895091734,-3.2631293970407627,81.4,,,,,22.5,0.02688100211948452,3.290010399160247
lti,2022Q1,25.464221837358075,24.288482004405704,25.936114671895417,-0.8552281815317253,81.5,,,,,24.0,-0.47189283453734276,0.38333534699438254
lti,2022Q2,23.586232372198445,21.02147355813346,24.163567322256473,-2.772932337020093,81.8,,,,,23.8,-0.5773349500580274,2.1955973869620657
lti,2022Q3,19.556678354397526,16.614691798468485,18.472927049271725,-1.9300961037047208,82.1,,,,,24.3,1.0837513051258014,3.0138474088305225
ltim,2021Q2,,,,,86.1,,,,,14.5,,
ltim,2021Q3,,,,,85.2,,,,,18.6,,
ltim,2021Q4,,,,,84.0,,,,,22.1,,
ltim,2022Q1,,,,,83.2,,,,,23.8,,
ltim,2022Q2,,22.736377626188,27.705211168216543,-3.066277957687529,83.5,,,,,24.0,,
ltim,2022Q3,,17.44652298939892,21.477877642811116,-2.015480197846026,83.5,,,,,24.1,,
ltim,2022Q4,15.100287353652739,13.076461129553621,15.330480850532858,-1.3181736702064277,82.9,,,,,22.3,-0.23019349688011914,1.0879801733263086
ltim,2023Q1,12.663265093336602,11.27954941453443,6.035705181608759,-1.8193345961205702,81.7,,,,,20.2,6.627559911727842,8.446894507848413
ltim,2023Q2,7.881118042428977,7.775478196473867,-1.5494889304401842,1.5448910941047558,84.8,,,,,17.8,9.43060697286916,7.885715878764405
ltim,2023Q3,4.305948946044698,5.112203008962147,-3.994242378602079,3.645318371157955,86.6,5310.0,,,,15.2,8.300191324646777,4.654872953488821
ltim,2023Q4,3.0529205034822873,3.4738754068111333,-4.725829466295655,5.286022052024058,87.4,5560.0,,,,14.2,7.778749969777942,2.492727917753884
ltim,2024Q1,1.1928570865273802,1.1190111594198324,-3.4853945524548653,6.170403040538919,86.9,5640.0,,,,14.4,4.678251638982245,-1.492151401556674
ltim,2024Q2,3.633192924739028,3.480791326268201,-0.9764943508501792,4.044456481205703,88.3,5630.0,,,,14.4,4.6096872755892075,0.5652307943835044
ltim,2024Q3,4.305948946044698,4.641857775282878,1.0787745267955868,1.2622083809747981,87.7,5630.0,5.851760689775151,,,14.5,3.2271744192491107,1.9649660382743126
ltim,2024Q4,5.448818528406973,4.9506148887609775,5.11599052731172,-2.3149181866965636,85.4,5810.0,4.39824626013288,,,14.3,0.3328280010952529,2.6477461877918165
ltim,2025Q1,6.109509935981087,5.600445360148925,3.2023078917401913,-1.2739025777429827,85.8,5980.0,5.853650245257287,,,14.4,2.907202044240896,4.181104621983879
ltim,2025Q2,4.305948946044698,5.077774461987696,2.35804512880161,-0.22675746677805458,88.1,6210.0,9.805145379378832,,,14.4,1.9479038172430876,2.174661284021142
ltim,2025Q3,4.305948946044698,4.639493317108944,2.3513972144715347,0.4550633563996289,88.1,6500.0,14.369273474999241,,,14.2,1.9545517315731629,1.499488375173534
ltim,2025Q4,5.069311431551812,5.907883867820087,1.325280615374903,1.7411931476822085,86.9,6510.0,11.375888535665796,,,13.8,3.7440308161769087,2.0028376684947
ltim,2026Q1,6.765864847381481,7.771394229613561,4.2303572849691236,-0.11661808901823965,85.7,6600.0,9.864908106983943,,,13.3,2.5355075624123575,2.6521256514305973
ltim,2026Q2,6.203539091945264,5.908820565083333,4.654602369088969,-1.9484857132123803,86.4,6650.0,6.8455958722375465,,,13.3,1.5489367228562951,3.4974224360686756
mindtree,2015Q2,12.486898204586927,,,,,,,,,18.4,,
mindtree,2015Q3,,,,,71.4,,,,,17.1,,
mindtree,2015Q4,,,,,68.5,,,,,16.0,,
mindtree,2016Q1,,,,,69.4,,,,,15.7,,
mindtree,2016Q2,,25.052507730166944,11.033874622524781,,71.4,898.0,,,,16.5,,
mindtree,2016Q3,,7.140139511537219,4.006699259688616,0.0,71.4,888.0,,,,16.4,,
mindtree,2016Q4,,4.577701834980194,-0.8904888477101507,4.006258215207051,71.3,998.0,,,,16.1,,
mindtree,2017Q1,,0.30721990369700586,-0.9246734363773306,2.138356602532304,70.9,926.0,,,,15.1,,
mindtree,2017Q2,,0.5512416865195365,2.761033641847083,2.4897551621727088,73.2,968.0,7.5062018974377365,,,14.0,,
mindtree,2017Q3,,6.615638267797386,4.172176840493652,2.4897551621727088,73.2,992.0,11.075136429270266,,,13.0,,
mindtree,2017Q4,,10.88404059433394,6.6152225559250075,2.0819627782390002,72.8,922.0,-7.9208052754870115,,,12.6,,
mindtree,2018Q1,,14.53478060813031,7.332268688345366,4.008829806834494,73.8,1011.0,8.782098437429196,,,12.5,,
mindtree,2018Q2,,18.805223150293962,13.686199121684057,2.9611854046644654,75.4,1055.0,8.60639586335898,,,12.2,,
mindtree,2018Q3,,17.810966007650524,13.747099062860288,1.7603704418247812,74.5,1119.0,12.046760102705237,,,13.0,,
mindtree,2018Q4,,16.00660870602625,14.621227717690033,2.4424552007074793,74.6,1131.0,20.431225255952658,,,13.4,,
mindtree,2019Q1,,14.692494007907687,13.101737353280358,2.0121403199421026,75.3,1075.0,6.13807215412918,,,14.2,,
mindtree,2019Q2,,8.983691899559744,9.750987464691212,2.359218201681998,77.2,1093.0,3.5385442266371623,,,15.1,,
mindtree,2019Q3,,9.51625892203361,9.178042200189838,3.3006296468170078,77.0,1129.0,0.8896855837736717,,,16.5,,
mindtree,2019Q4,,9.005511651939473,7.97644661581076,1.7276177191869195,75.9,1080.0,-4.614115599785512,,,17.2,,
mindtree,2020Q1,,6.071442469916768,8.475267414290458,1.5810606026642244,76.5,1231.0,13.550618562269042,,,17.4,,
mindtree,2020Q2,,-4.252670181820379,4.757250454257403,-2.2266800775751547,75.5,1298.0,17.189840908749673,,,16.6,,
mindtree,2020Q3,,-3.759841355700755,2.599116001595036,2.3107575010149493,78.8,1294.0,13.64059109111838,,,13.8,,
mindtree,2020Q4,,-0.4005102750448356,2.8980911131583214,9.062801745981817,83.1,1399.0,25.87966545472157,,,12.5,,
mindtree,2021Q1,,3.459575510515707,7.964036428027259,9.70911241753195,84.3,1381.0,11.49810272248386,,7.931541269615512,12.1,,
mindtree,2021Q2,,20.400421110351243,21.627877634498464,9.711469157218383,83.2,1494.0,14.063246842872731,,11.29292664833966,13.7,,
mindtree,2021Q3,,29.369842063792667,30.90761713061065,5.072206527741603,82.9,1551.0,18.1161688115693,,10.621761658031089,17.7,,
mindtree,2021Q4,,29.02326294912349,36.45867930111716,-1.9441681614585384,81.5,1597.0,13.236917354953134,,9.778181818181817,21.9,,
mindtree,2022Q1,,28.646690000817788,38.71009351163475,-1.433716314640733,83.1,1612.0,15.466776965728144,1.6080459465092884,9.5395872161248,23.8,,
mindtree,2022Q2,,25.15291126956422,31.786653204118082,-2.433210065953067,81.2,1678.0,11.614552133438885,-1.6969508705690028,9.595975777770658,24.5,,
mindtree,2022Q3,,18.702342482783312,25.296485862615608,-2.68964868653462,80.7,1836.0,16.868940800389694,-0.5700030413977508,10.051758616633338,24.1,,
tcs,2007Q1,,,,,79.64,,,,,10.6,,
tcs,2007Q2,,,,,79.1,,,,,11.0,,
tcs,2007Q3,,,,,78.9,,,,,10.9,,
tcs,2007Q4,,,,,77.7,,,,,11.5,,
tcs,2008Q1,,,21.985697458101548,-0.6803604422387411,79.1,,,,,12.0,,
tcs,2008Q2,,18.92966459403536,20.339706456768102,-1.0165271776850724,78.3,,,,,12.1,,
tcs,2008Q3,,13.735062069151807,15.309731928402442,2.750173326953862,81.1,,,,,12.4,,
tcs,2008Q4,,-0.06740815893937023,18.592008468284185,2.7920595398627315,79.9,,,,,11.2,,
tcs,2009Q1,,-5.6964551520360365,25.49620363451302,0.755671102256124,79.7,,,,,10.5,,
tcs,2009Q2,,-2.9952322283351216,19.706090267192327,1.142869582362285,79.2,,,,,10.7,,
tcs,2009Q3,,-2.3137278911759283,15.47402131617729,-1.992593946108095,79.5,,,,,10.8,,
tcs,2009Q4,,9.757574119342166,13.815652561106651,1.490710834913816,81.1,,,,,10.8,,
tcs,2010Q1,,16.258871073362897,10.969927860646074,2.600765781253195,81.8,,,,,11.0,,
tcs,2010Q2,,19.240567586058063,14.473273692807822,4.20333817065521,82.6,,,,,12.3,,
tcs,2010Q3,,26.46623121391662,20.588956763383816,5.267598582775113,83.8,,,,,13.07,,
tcs,2010Q4,,27.103043885933882,22.232265504730922,3.2750046366670067,83.8,,,,,13.21,,
tcs,2011Q1,,28.634666161455396,21.351176548529256,0.7308193306724843,82.4,,,,4.409799554565701,13.13,,
tcs,2011Q2,,29.60085152283346,21.117236500212023,0.7237667300230604,83.2,,,,4.601990049751244,13.56,,
tcs,2011Q3,,23.10958795047048,20.811870428768415,-0.8388305626634855,83.1,,,,5.02970297029703,12.51,,
tcs,2011Q4,,18.743903714111028,19.320388110563446,-2.171376022378425,82.0,,,,4.833720030935808,11.7,,
tcs,2012Q1,,16.50991168805442,18.335401559256265,-2.208678740284351,80.6,,,1.2170886629569573,5.626888217522659,11.05,,
tcs,2012Q2,,12.311246111627662,18.60938809972393,-2.310133127339809,81.3,,,1.1897988065537417,5.7917888563049855,10.9,,
tcs,2012Q3,,12.21300095040397,16.806574678559628,-1.8215439891341216,81.6,,,0.8938862340492726,5.923589204346302,10.2,,
tcs,2012Q4,,13.101469397742443,15.072065783753416,-0.3665245398295917,81.7,,,1.2381931305295923,6.0719131614654005,9.8,,
tcs,2013Q1,,13.805287734336854,14.63935004378231,1.7220597751670557,82.0,,,0.6560065193194466,6.282894736842105,9.4,,
tcs,2013Q2,,14.858431561492383,13.082906470779355,1.6831718259802817,82.68,,,0.7484955038845875,6.540284360189573,9.55,,
tcs,2013Q3,,15.670112753787398,11.573255388038554,2.181904739463989,83.4,,,0.7590598816590921,6.682649086005394,9.9,,
tcs,2013Q4,,15.37629326335673,9.776336924079459,3.1327863141852594,84.3,,,0.4435027780343086,6.515415939499709,10.3,,
tcs,2014Q1,,14.176222879721937,8.421718785476012,2.171376022378426,83.8,,,0.2543590456300615,6.537253782472167,10.4,,
tcs,2014Q2,,15.455682618090863,9.559309877023095,3.1196719684065877,85.3,,,0.010879689620930222,6.551164049810503,,,
tcs,2014Q3,,16.33127408070857,9.52528122118995,3.3021868304946347,86.2,,,0.6220085877029282,7.304657673708323,,,
tcs,2014Q4,,13.400393947906583,9.16783364890999,2.807201877868652,86.7,,,0.7346476575493881,7.250063597049097,,,
tcs,2015Q1,,10.73568089202509,6.191747110098865,1.8913093306486994,85.4,,,0.4114641662457821,6.948717948717949,13.8,,
tcs,2015Q2,14.66943791508035,8.85442207143143,6.190126847259727,1.1655143591748731,86.3,,,0.6341679620824596,7.185332011892963,15.1,8.479311067820623,7.31379670864575
tcs,2015Q3,11.332868530700317,5.616813266065821,6.736076661893111,-0.23228814161397496,86.0,,,0.6356695640202625,7.940327237728585,15.5,4.596791868807206,4.8290800104211815
tcs,2015Q4,9.44006754214843,5.300894214753501,7.863350082510268,-2.0979790469194524,84.9,,,0.44595570331278456,7.696019300361882,15.3,1.5767174596381626,3.674696506557615
tcs,2016Q1,9.893994785490358,7.577325147278316,10.16078943656109,,,,,1.1568204396823365,8.105538388400285,14.7,-0.2667946510707324,
tcs,2016Q2,9.621885774054292,7.767656528807477,10.82372577337508,,,,,0.6551081531689356,7.8404401650618984,12.5,-1.2018399993207876,
tcs,2016Q3,6.765864847381481,5.112484901759511,10.162043928775505,,,,,-0.25857140782460686,7.681755829903978,11.9,-3.396179081394024,
tcs,2016Q4,8.250122151174368,5.674283359681865,9.355978330093219,,,,,-0.1737945454040517,7.52222475495783,11.3,-1.1058561789188506,
tcs,2017Q1,7.2320661579626115,5.660362880491451,9.014744253225897,,,,,-1.1423757648603035,6.963162623539982,10.5,-1.782678095263286,
tcs,2017Q2,6.109509935981087,5.116719748764777,6.34800082880105,,,,,-0.6960271831407487,7.14441298192115,11.6,-0.2384908928199625,
tcs,2017Q3,6.859279146561172,8.014822073087512,4.652674474319859,,,,,-0.359535952292668,7.32221987761131,11.3,2.206604672241313,
tcs,2017Q4,6.015392281974709,8.725828822629515,3.2192460687116,,,,,-0.2943158349661861,7.227908919991644,11.1,2.7961462132631087,
tcs,2018Q1,6.952606264861025,11.046874023516631,1.987994713245523,,,,,0.5388486395332279,7.50201126307321,11.0,4.964611551615502,
tcs,2018Q2,8.892620919440152,9.548837821883044,3.830722966448726,,,,,0.2798594393815623,7.424272421302712,10.9,5.061897952991425,
tcs,2018Q3,10.88544049120821,9.571294546728446,5.471460728438065,,,,,0.17538319046155681,7.497603068072867,10.9,5.413979762770144,
tcs,2018Q4,11.422114409002287,9.232416619316037,6.691095412875383,,,,,0.7149482228654991,7.942857142857143,11.2,4.731018996126904,
tcs,2019Q1,11.955923505763925,8.202106998804114,7.1524697641167245,,,21900.0,,0.5580220887889356,8.060033351862145,11.3,4.803453741647201,
tcs,2019Q2,10.074990310014305,8.243085024127812,8.546168916028314,,,22700.0,,0.9440046981138792,8.368277119416591,11.5,1.5288213939859912,
tcs,2019Q3,8.065790301745448,5.629514583755791,9.204488054452414,,,24200.0,,0.9127648855251023,8.41036795359797,11.6,-1.1386977527069657,
tcs,2019Q4,6.57877405380031,6.203539091945269,6.651969918104675,,,24300.0,,0.25621195846759726,8.19906910132474,12.2,-0.07319586430436509,
tcs,2020Q1,2.95588022415444,0.8670841152713864,5.542301148037803,,,27000.0,20.935022918187396,-0.05121630557265178,8.008817046289494,12.1,-2.5864209238833626,
tcs,2020Q2,-6.507199674371486,-8.084825841739454,1.5983219146554366,,,28200.0,21.695705345671097,-0.38250918108885834,7.985767938327733,11.1,-8.105521589026923,
tcs,2020Q3,-3.2523191705560035,-1.7000683652199315,0.6197229099266275,,,30400.0,22.808997524953533,-0.8329343252793855,7.577433628318584,8.9,-3.8720420804826308,
tcs,2020Q4,0.39920212695374535,2.0553522967495277,4.932785603486285,,,31200.0,24.994174446893382,-0.5000161374524152,7.699052963872325,7.6,-4.53358347653254,
tcs,2021Q1,5.732506661926941,9.541036849310572,8.58160296095237,,,31500.0,15.415067982725835,0.8407404758343997,8.849557522123893,7.2,-2.8490962990254296,
tcs,2021Q2,15.186234930924606,19.593344159005106,13.74673926581312,,,32700.0,14.805309995913976,0.6102671607947894,8.596035099122522,8.6,1.439495665111485,
tcs,2021Q3,14.410034397375687,15.494050689619874,15.342847931528356,,,31700.0,4.187407247105901,1.3598788618124757,8.93731249013106,11.9,-0.9328135341526682,
tcs,2021Q4,14.32341680859078,13.46706942682872,17.138098810739944,,,32500.0,4.08219945202552,1.5437428669063378,9.242795830778663,15.3,-2.814682002149164,
tcs,2022Q1,13.36563848126736,11.158587990484877,19.21915322100652,,,34600.0,9.386613623209128,0.6486503631807654,9.498207885304659,17.4,-5.853514739739158,
tcs,2022Q2,14.410034397375687,9.68748250524542,17.486408259604097,,,34700.0,5.936460904960573,1.41871416341435,10.014749262536872,19.7,-3.07637386222841,
tcs,2022Q3,14.32341680859078,8.240845280340574,15.301257456566336,,,35200.0,10.472940172081646,1.0379674284380833,9.975279918569143,21.5,-0.9778406479755564,
tcs,2022Q4,12.663265093336602,8.107975877053377,9.741247701218986,,,35400.0,8.547173080403695,0.17063173105879237,9.413427561837455,21.3,2.922017392117615,
tcs,2023Q1,10.165365372649983,7.1876007152157,3.7452906366981864,,,34100.0,-1.4556297774207487,-0.9367068429141092,8.56150104239055,20.1,6.420074735951797,
tcs,2023Q2,6.765864847381481,6.370853077314428,1.4713165766653384,,,36100.0,3.9553178386021766,-2.292634676320432,7.72211458621644,17.8,5.294548270716143,
tcs,2023Q3,2.7615167032973362,4.728644095915867,-1.173088554839895,,,39200.0,10.763066419236536,-2.776944273631556,7.198335644937587,14.9,3.934605258137231,
tcs,2023Q4,1.68571170664229,2.8700771883272718,-1.7529708810605709,,,39500.0,10.958885176734741,-2.862129663197159,6.551297898640296,13.3,3.4386825877028606,
tcs,2024Q1,2.1761491781512694,2.308111804724873,-2.178587093667524,,,42700.0,22.490153594510776,-3.6993524616490037,4.862148580741546,12.5,4.354736271818793,
tcs,2024Q2,4.305948946044698,3.7883832359976757,-1.3613711179827979,,,40800.0,12.238921607128086,-3.471614919327699,4.250499666888741,12.1,5.667320064027495,
tcs,2024Q3,5.354076692802981,6.184766408230709,0.6120952982738468,,,38200.0,-2.584123118388733,-2.5438376006090344,4.654498044328553,12.3,4.741981394529135,
tcs,2024Q4,4.401688541677432,3.4821331816990693,0.6688943949824956,,,40300.0,2.005079704556122,-1.9087723647498596,4.642525533890437,13.0,3.7327941466949364,
tcs,2025Q1,2.46926125903715,1.3757972604573863,1.063733392737644,,,39300.0,-8.297440135936329,-0.10662279373551797,4.755525787006028,13.3,1.4055278662995059,
tcs,2025Q2,-3.149066709137082,-1.1255646097428738,0.9951994615075094,,,40400.0,-0.9852296443011594,0.8566287524617504,5.1071284193504916,13.8,-4.144266170644591,
tcs,2025Q3,-3.3556783528842726,-2.6957234886772774,-3.2190820029947482,,,41800.0,9.006082391818113,0.6361529066492135,5.290650950977766,13.3,-0.1365963498895244,
tcs,2025Q4,-2.6343975339601955,-0.3987246111817935,-4.236133986486722,,,40900.0,1.4778594096118682,0.9374451679340403,5.579970701824477,13.5,1.6017364525265267,
tcs,2026Q1,-0.6018072325563016,2.0682163692826734,-3.9351055096440506,,,40700.0,3.5003573573333737,1.227940949642706,5.983466736648734,13.7,3.333298277087749,
tcs,2026Q2,3.149866705937099,2.698734736390455,-3.19382965896619,,,40800.0,0.985229644301164,,,13.6,6.343696364903289,
techm,2007Q1,,,,,67.0,,,,,,,
techm,2007Q2,,,,,67.0,,,,,18.0,,
techm,2007Q3,,,,,63.0,,,,,31.0,,
techm,2007Q4,,,,,69.0,,,,,20.0,,
techm,2008Q1,,26.543336032851585,14.733511925243297,8.57668217574251,73.0,,,,,18.0,,
techm,2008Q2,,25.4050264153696,14.186107042659179,9.937247381320377,74.0,,,,,,,
techm,2008Q3,,19.96820646352118,8.442867961679063,9.097177820572679,69.0,,,,,,,
techm,2008Q4,,-5.57679598005703,9.367951509461495,-2.941388520629334,67.0,,,,,,,
techm,2009Q1,,-19.79590920187544,8.731722079321544,-4.196419909903219,70.0,,,,,11.0,,
techm,2009Q2,,-17.740537856873104,4.4660487822262525,-4.138521616285437,71.0,,,,,,,
techm,2009Q3,,-13.099117110616437,5.344931344455473,8.3381608939051,75.0,,,,,,,
techm,2009Q4,,9.024031101880126,17.868392367646386,8.57668217574251,73.0,,,,,,,
techm,2010Q1,,20.10574678514246,29.450640303716202,4.196419909903221,73.0,,,,,22.0,,
techm,2010Q2,,9.782229309384546,32.49753619480734,-2.8573372444056,69.0,,,,,27.0,,
techm,2010Q3,,32.76749707240029,24.885577518914616,0.0,75.0,,,,,30.0,,
techm,2010Q4,,5.779300799453162,11.788535613884061,4.02738991379399,76.0,,,,,,,
techm,2011Q1,,7.41355930295816,13.40495437684993,1.3605652055778679,74.0,,,,,25.0,,
techm,2011Q2,,14.333976372304269,19.475796253652618,2.8573372444055947,71.0,,,,,,,
techm,2011Q3,,-10.258827682229219,24.979725020215003,-4.082199452025517,72.0,,,,,,,
techm,2011Q4,,7.104852339407043,22.28160889109842,-4.027389913793996,73.0,,,,,20.0,,
techm,2012Q1,,1.1069564916548704,6.146366321106914,0.0,74.0,,,,,19.0,,
techm,2015Q2,,,,,74.0,,,,14.515237217579205,19.0,,
techm,2015Q3,,,,,77.0,,,,13.682865996523317,20.0,,
techm,2015Q4,,,,,77.0,,,,13.646117801554968,20.0,,
techm,2016Q1,,,,,77.0,,,,12.195132580737475,21.0,,
techm,2016Q2,,4.194480948410932,3.360377633821856,5.264373348542188,78.0,,,-1.9169376239116431,12.598299593667562,20.693,,
techm,2016Q3,7.2320661579626115,5.894053740987078,7.018251533244787,1.801850550267843,78.4,,,-1.4837592062043594,12.199106790318957,19.037,0.2138146247178243,-1.5880359255500187
techm,2016Q4,11.332868530700317,9.523850356586308,8.887718182971376,0.0,77.0,,,-1.808345457964764,11.837772343590204,17.742,2.4451503477289407,2.4451503477289407
techm,2017Q1,11.422114409002287,10.089525119228092,11.001334391899658,-0.17547854891211928,76.865,,,0.7501746469934609,12.945307227730936,16.516,0.42078001710262924,0.5962585660147486
techm,2017Q2,,9.84103817367822,7.857227121747955,-1.2903404835907841,77.0,,,-0.2083410025792709,12.389958591088291,16.517,,
techm,2017Q3,,9.492184312681145,3.7716705052066923,2.7947637764965383,80.622,,,0.12194361873497073,12.321050409053928,16.407,,
techm,2017Q4,,8.00613164215094,-1.5959983422615323,7.5035185942914095,83.0,,,0.7381733021927719,12.575945645782976,16.914,,
techm,2018Q1,,9.53616140151584,-4.240114538447714,8.66448665014839,83.822,,,0.26347117815735643,13.208778405888292,18.085,,
techm,2018Q2,,7.277785151200615,-2.1156880665667392,5.434059470008102,81.3,,,-0.6648797905599864,11.725078800528305,19.0,,
techm,2018Q3,,3.256382997883394,0.9897541071568181,0.5911396000039505,81.1,,,0.6038570835337165,12.924907492587645,20.021,,
techm,2018Q4,,4.181395968442503,5.569953570143721,-0.6503026628125173,82.462,,,-0.38861496861686895,12.187330677166107,20.835,,
techm,2019Q1,,1.8456966580213496,7.078960814561472,-2.4418259257345185,81.8,1666.8999999999999,,-0.0074590161650789355,13.201319389723214,20.8,,
techm,2019Q2,3.633192924739028,1.8663690525732628,10.221781305707612,-1.61193818798833,80.0,1877.2,,2.370563315082311,14.095642115610616,20.794,-6.588588380968584,-4.976650192980254
techm,2019Q3,7.045846364856141,5.511870362247291,10.518143195768122,0.9816029737656634,81.9,2815.9,,2.165690118010769,15.090597610598413,20.857,-3.472296830911981,-4.453899804677644
techm,2019Q4,,7.060278513869761,7.124243629568689,1.995431965295887,84.124,3606.9,,4.142713963744333,16.33004464091044,19.7,,
techm,2020Q1,,2.110090896383508,3.373195524869357,1.650124432083589,83.161,3712.0,80.0605200957049,0.24206890892316402,13.443388298646378,19.1,,
techm,2020Q2,-1.8163970627671167,-3.2309631506829737,-1.8917932130064787,2.102736719207558,81.7,3527.0,63.066634631578935,0.35691181132541416,14.45255392693603,16.6,0.07539615023936208,-2.027340568968196
techm,2020Q3,-3.045920748470855,-1.711238184954448,-5.681408878296386,3.7152265631292583,85.0,2455.2,-13.707370197822694,-2.0535558944123995,13.037041716186014,13.5,2.6354881298255313,-1.079738433303727
techm,2020Q4,-4.709160753385053,-3.331349561709617,-7.075831981929742,3.3616217833151953,87.0,1679.69,-76.4239425087805,-3.89413410151513,12.43591053939531,12.4,2.366671228544689,-0.9949505547705062
techm,2021Q1,-0.5012541823544282,2.669243727234926,-3.3963230235682755,4.971679473195241,87.4,2209.69,-51.87185807264713,-0.7330986269617821,12.710289671684595,13.3,2.895068841213847,-2.076610631981394
techm,2021Q2,10.255658832509209,13.61615365654179,2.2806270441783347,7.421462846958154,87.994,2734.6899999999996,-25.442956732508325,0.3470517437880414,14.799605670724072,17.2,7.975031788330874,0.5535689413727196
techm,2021Q3,14.410034397375687,15.164349211285543,12.776769953750023,2.1749980261358766,86.869,3063.49,22.134656461460704,2.28461614380517,15.321657859991184,21.2,1.6332644436256647,-0.5417335825102119
techm,2021Q4,16.126814759612227,15.854359093017619,17.398646476607603,-3.5091319811270063,84.0,3312.0,67.89429839439822,3.931519131395964,16.367429670791275,23.5,-1.2718317169953757,2.2373002641316306
techm,2022Q1,20.375683751401965,19.022264995588355,22.21881493363523,-5.045058080008739,83.1,3280.0,39.499118819856946,3.0247431057133447,15.73503277739794,23.5,-1.8431311822332646,3.2019268977754747
techm,2022Q2,19.22718876471227,16.53931557471668,22.444949433117863,-6.036966534407743,82.839,3267.0,17.785404869010154,1.4555757322845029,16.255181403008574,22.2,-3.2177606684055924,2.81920586600215
techm,2022Q3,15.529288440603533,10.654548742435384,14.920194968546232,-2.2974258796346088,84.896,3233.0,5.385570980529954,0.09861659438884196,15.420274454380026,19.6,0.6090934720573014,2.90651935169191
techm,2022Q4,11.955923505763925,8.425948730929415,7.948312793248158,2.7939368689241433,86.38,3324.0,0.36166404701885146,-1.9941999767369811,14.373229694054293,17.3,4.007610712515767,1.2136738435916237
techm,2023Q1,6.109509935981087,3.6331221660871273,0.8083766881460666,3.9880034769947663,86.481,2905.0,-12.141003209217786,-1.6238427524157828,14.111190024982157,14.8,5.301133247835021,1.3131297708402547
techm,2023Q2,-0.9040744652149064,-1.9615931502466983,-6.359950780833174,5.084654508495766,87.16,2462.185,-28.28229655188572,-2.253333083036587,14.001848319971987,12.8,5.4558763156182675,0.3712218071225015
techm,2023Q3,-6.081213939675742,-5.198944786254075,-8.46758230068599,1.4546901670635275,86.14,2386.185,-30.371464244882674,-3.0437953461892633,12.376479108190763,11.4,2.3863683610102484,0.9316781939467209
techm,2023Q4,-5.551270993025878,-5.880181118228873,-7.136134648561673,1.3568105122107126,87.56,1972.185,-52.202681182553476,-2.852268131123731,11.520961562930562,10.3,1.584863655535795,0.2280531433250823
techm,2024Q1,-6.6139802504545,-7.432294665054763,-4.6641882827926695,-0.07056061275629703,86.42,1880.185,-43.50632140480787,-0.5546949301896351,13.556495094792522,10.0,-1.949791967661831,-1.879231354905534
techm,2024Q2,-1.2072581234269237,-2.6472748512071607,-0.457561533236241,-1.1887727275336912,86.13,2055.0,-18.077331915187784,-2.4182643614019277,11.58358395857006,10.1,-0.7496965901906827,0.43907613734300854
techm,2024Q3,1.1928570865273802,2.13566565723247,2.406988482182954,0.1392111593732576,86.26,2018.0,-16.758893436305204,-0.968271538302723,11.40820756988804,10.6,-1.214131395655574,-1.3533425550288316
techm,2024Q4,1.291622526654633,-0.35344839676710466,2.856586067875359,-2.2522173900267903,85.61,2382.0,18.87984057654414,-0.5429126177678931,10.97804894516267,11.2,-1.5649635412207261,0.6872538488060642
techm,2025Q1,0.2995508979798479,0.036810410657974746,2.227254475037211,-0.08103259110995904,86.35,2680.0,35.444661826696944,-3.44068592831084,10.115809166481682,11.8,-1.9277035770573634,-1.8466709859474044
techm,2025Q2,-1.0050335853501442,0.351548229233901,0.6058025463206921,-1.3559529785632252,84.97,2955.0,36.322280290986356,-1.765739869649213,9.817844088920847,12.6,-1.6108361316708364,-0.2548831531076112
techm,2025Q3,-0.3004509020298722,-0.17639799952409504,-1.015686919927601,-2.144320253828849,84.43,3167.7,45.08988505670241,-1.093021323469701,10.315186246418339,12.8,0.7152360178977288,2.8595562717265777
techm,2025Q4,1.291622526654633,2.6684364107885465,-0.5811335097628526,1.092018286782392,86.55,3518.24,39.002039363521504,-0.2674355999718845,10.710613345190785,12.3,1.8727560364174858,0.7807377496350938
techm,2026Q1,2.3716526617316043,4.7850107475327475,-0.7477578590050825,-0.26671320965252554,86.12,3793.62,34.75039138294566,1.848160295116477,11.96396946159816,12.1,3.119410520736687,3.3861237303892127
techm,2026Q2,6.39133257436528,5.954978109090296,-1.1900830318031803,2.406953009218267,87.04,4062.62,31.832943482308107,1.5805227540453135,11.39836684296616,11.8,7.58141560616846,5.1744625969501925
wipro,2007Q1,,,,,,,,,,,,
wipro,2007Q2,,,,,74.0,,,,,,,
wipro,2007Q3,,,,,79.3,,,,,,,
wipro,2007Q4,,,,,,,,,,,,
wipro,2008Q1,,,,,,,,,,,,
wipro,2008Q2,,,14.737116939681439,,,,,,,,,
wipro,2008Q3,,,9.55654608686236,,,,,,,,,
wipro,2008Q4,,,5.521720875632263,,,,,,,,,
wipro,2009Q1,,,2.31992491207544,,,,,,,,,
wipro,2009Q2,,,2.9312692112362972,,,,,,,,,
wipro,2009Q3,,,0.3469045603764448,,,,,,,,,
wipro,2009Q4,,,5.790983452998032,,,,,,,,,
wipro,2010Q1,,,9.976159723163635,,,,,,,,,
wipro,2010Q2,,,13.645415811653889,,,,,,,,,
wipro,2010Q3,,,16.887313557648124,,,,,,,,,
wipro,2010Q4,,,15.09811315496224,,,,,,,,,
wipro,2011Q1,,,12.438339501483544,,,,,,,,,
wipro,2011Q2,,,11.343937211878256,,,,,,,,,
wipro,2011Q3,,,12.802662289602981,,,,,,,,,
wipro,2011Q4,,,13.479637790088233,,,,,,,,,
wipro,2012Q1,,,10.489466381480337,,,,,,,,,
wipro,2013Q2,,,,,73.3,,,,,13.2,,
wipro,2013Q3,,,,,74.3,,,,,13.5,,
wipro,2013Q4,,,,,74.3,,,,,14.3,,
wipro,2014Q1,,,,,76.5,,,,,15.1,,
wipro,2014Q2,7.788653865707122,9.133578729081469,,6.08653439840969,77.9,,,,10.487796117027964,16.1,,
wipro,2014Q3,7.973496801885356,8.257201148554207,,6.63874165293767,79.4,,,,11.19669970386347,16.5,,
wipro,2014Q4,9.257918129309319,6.738687968055535,,5.880204514011997,78.8,,,,11.787807786273545,16.5,,
wipro,2015Q1,8.065790301745448,3.1078129969172066,,5.096644359202757,80.5,,,,11.031131609290068,16.5,,
wipro,2015Q2,7.788653865707122,3.0503454293414625,,5.007303798232114,81.9,,,1.4107787669362128,11.898574883964177,16.4,,
wipro,2015Q3,8.065790301745448,3.352703428588686,,3.5872739429934013,82.3,,,1.4935947780960142,12.690294481959484,16.3,,
wipro,2015Q4,6.109509935981087,2.3613393166237935,,-1.0204170174241622,78.0,,,1.749768513248247,13.537576299521792,16.3,,
wipro,2016Q1,7.510747248680541,5.881634805877381,,-3.797924806521633,77.5,,,3.5796485908214315,14.610780200111499,16.1,,
wipro,2016Q2,9.075436326846415,7.343092136099905,,-2.72294050628544,79.7,,,3.072894025971703,14.97146890993588,16.5,,
wipro,2016Q3,6.952606264861025,4.504256388303603,,0.6056953708189903,82.8,,,1.7797288368692001,14.470023318828684,16.6,,
wipro,2016Q4,6.015392281974709,3.4485254069300417,,4.879016416943205,81.9,,,1.9682025692518614,15.505778868773653,16.3,,
wipro,2017Q1,5.069311431551812,3.7850527759410286,5.368759214423563,9.001760643855611,84.8,,,0.5770660912200469,15.187846291331546,16.3,-0.2994477828717512,-9.301208426727364
wipro,2017Q2,3.343477608623739,0.134568624416725,1.9812290435428932,2.9668430662212986,82.1,,,-0.11248504808252413,14.858983861853355,16.1,1.3622485650808458,-1.6045945011404528
wipro,2017Q3,2.7615167032973362,2.748500339719939,-0.3077494429617467,-0.3629768050578724,82.5,,,1.5490180566797562,16.01904137550844,16.0,3.069266146259083,3.4322429513169554
wipro,2017Q4,2.95588022415444,3.6228741464489005,-3.2884238156111136,0.0,81.9,,,0.25470104928911574,15.760479918062769,16.1,6.244304039765554,6.244304039765554
wipro,2018Q1,2.46926125903715,3.2466298651593055,-3.41639352054198,-1.6647233433156168,83.4,,,0.16883485272086318,15.35668114405241,16.8,5.88565477957913,7.550378122894747
wipro,2018Q2,2.3716526617316043,2.825133072594164,-0.36799768478935996,3.7063417376887555,85.2,,,1.1973057995358563,16.05628966138921,17.1,2.739650346520964,-0.9666913911677915
wipro,2018Q3,4.9742091894814076,2.000468801760685,7.350829458017466,3.5718082602079244,85.5,,,0.7047052719023306,16.72374664741077,17.5,-2.3766202685360582,-5.948428528743983
wipro,2018Q4,6.765864847381481,3.657578990984231,8.164075610166147,1.5748356968139112,83.2,,,0.19622515182666866,15.956705069889438,17.9,-1.3982107627846663,-2.9730464595985775
wipro,2019Q1,6.672363204290818,2.7550220936765046,6.94534037745487,2.369779142982318,85.4,,,0.5926201494043397,15.949301293456749,17.6,-0.272977173164052,-2.64275631614637
wipro,2019Q2,5.732506661926941,2.482995770943997,8.34810780228985,-0.23501773449536267,85.0,,,-0.7241024650532264,15.332187196335985,17.6,-2.6156011403629087,-2.380583405867546
wipro,2019Q3,3.7295784743696894,1.9417128863897626,5.669915550652297,-4.057835948433208,82.1,,,-1.899210761231048,14.824535886179723,17.0,-1.9403370762826073,2.117498872150601
wipro,2019Q4,3.2467190137501496,2.3327066472875013,8.311216627643212,-4.423325497682565,79.6,,,-1.2422485235593257,14.714456546330112,15.7,-5.064497613893062,-0.6411721162104973
wipro,2020Q1,2.5667746748577795,-0.13017382451931428,6.471715473683867,-3.3336420267591946,82.6,,,-1.4556344358410662,14.493666857615683,14.7,-3.9049407988260874,-0.5712987720668927
wipro,2020Q2,-4.499736593073577,-5.951551569733001,3.9000720192168687,-0.589972212718827,84.5,,,-1.1044277097101318,14.227759486625853,13.0,-8.399808612290446,-7.809836399571619
wipro,2020Q3,-3.4591444769619053,-2.7963121554025197,2.0671809684928744,5.682001581296394,86.9,,,-1.4334213934740418,13.39111449270568,11.0,-5.52632544545478,-11.208327026751174
wipro,2020Q4,-2.020270731751945,-1.1523077377586335,1.5836104962628348,8.081550523904498,86.3,,,-1.5319421876830148,13.182514358647097,11.0,-3.60388122801478,-11.685431751919278
wipro,2021Q1,0.49875415110390736,3.7683148367364256,7.794841845456768,4.033761572657533,86.0,,,-1.2628445940826207,13.230822263533062,12.1,-7.2960876943528605,-11.329849267010394
wipro,2021Q2,19.309662996191307,22.86463425450399,14.365440025597106,2.6855087303176326,86.8,,,-0.7396702490461369,13.488089237579716,15.5,4.9442229705942005,2.258714240276568
wipro,2021Q3,25.30906276821619,25.84494567165347,17.814444617598777,2.61230073146172,89.2,3895.0,,0.47802936972656696,13.869143862432248,20.5,7.494618150617413,4.882317419155693
wipro,2021Q4,25.07587183471831,24.27302682918782,19.667444945325254,-0.5810591595465631,85.8,,,0.6948879727958772,13.877402331442974,22.7,5.408426889393056,5.989486048939619
wipro,2022Q1,25.07587183471831,23.467318644362038,20.677662726636665,-0.9345862418237658,85.2,,,0.43312788028285354,13.663950143815915,23.8,4.398209108081645,5.33279534990541
wipro,2022Q2,15.871169115482086,13.23244106319338,22.19479252177331,-3.517361417826715,83.8,,,0.19324628818600864,13.681335525765725,23.0,-6.323623406291222,-2.8062619884645073
wipro,2022Q3,12.133228516752496,8.80250749105435,17.091804400491224,-11.13575351302007,79.8,,,-0.9448369728108243,12.924306889621423,22.9,-4.958575883738728,6.177177629281342
wipro,2022Q4,9.893994785490358,6.656794132077734,12.344218602102341,-7.374942069774722,79.7,,,-1.6142829548017072,12.263119376641267,21.2,-2.4502238166119827,4.924718253162739
wipro,2023Q1,6.297479916138844,4.237129525860223,6.157839669921614,-4.194743196931283,81.7,3897.0,,-1.514042639385183,12.149907504430733,19.4,0.1396402462172297,4.334383443148512
wipro,2023Q2,1.0939940038334366,0.8094576774445592,-4.803906012757734,-0.11940299926076894,83.7,3972.0,,-2.12468010112379,11.556655424641935,17.3,5.897900016591171,6.01730301585194
wipro,2023Q3,-4.919024419077174,-3.764886758547649,-7.066939037217414,5.72280299073651,84.5,4534.0,,-1.133972059567995,11.790334830053428,15.5,2.1479146181402395,-3.574888372596271
wipro,2023Q4,-7.149600170506999,-6.03743341504341,-8.956005863109551,5.2547213047144306,84.0,4465.0,,-0.6531739136620409,11.609945462979226,14.2,1.806405692602552,-3.4483156121118785
wipro,2024Q1,-6.827884075329443,-6.627977916027973,-10.578602288819853,6.170403040538919,86.9,4573.0,15.99624183193459,-1.1999473543967358,10.949960150033997,14.2,3.7507182134904102,-2.419684827048509
wipro,2024Q2,-5.0241216436746745,-5.648751931347389,-6.983604270165284,4.668292188270766,87.7,4529.0,13.123141839115066,-0.2803735426360898,11.276281882005845,14.1,1.9594826264906091,-2.708809561780157
wipro,2024Q3,-2.326862693935431,-1.9801890186658944,-4.521493265682311,2.223614144688193,86.4,4743.0,4.506529481010737,-0.767807298396507,11.022527531656921,14.5,2.19463057174688,-0.02898357294131282
wipro,2024Q4,-0.702461493696446,-1.0217299206954618,-2.9312812178702954,-0.5970166986503797,83.5,4795.0,7.130449400693925,-0.004034750933776365,11.60591071204545,15.3,2.2288197241738494,2.825836422824229
wipro,2025Q1,-1.2072581234269237,-2.3183816872833862,0.31419031769456257,-2.682376565916884,84.6,5367.0,16.009964851877363,0.11286367840691724,11.062823828440914,15.0,-1.5214484411214864,1.1609281247953978
wipro,2025Q2,-2.326862693935431,-1.477018392270046,0.13772599856294268,-3.127064288782091,85.0,6879.0,41.79721279698003,0.2793821010794595,11.555663983085305,15.1,-2.4645886924983738,0.6624755962837172
wipro,2025Q3,-2.6343975339601955,-2.11997909881989,0.6830298763929158,0.0,86.4,8243.0,55.269450843564584,0.6519888205083149,11.674516352165236,14.9,-3.3174274103531114,-3.3174274103531114
wipro,2025Q4,-1.2072581234269237,0.23933908281386002,3.9136922282355004,-0.4801929995407306,83.1,8153.0,53.08122493453722,0.1393919310403291,11.745302643085779,14.2,-5.120950351662424,-4.640757352121693
wipro,2026Q1,-0.20020026706730776,2.077254300465183,3.7059815956249693,-1.308763475536776,83.5,7830.0,37.769341680802,0.4591494100484592,11.521973238489373,13.8,-3.906181862692277,-2.5974183871555008
wipro,2026Q2,0.8959741371471905,1.0419364144383712,4.120883057655284,-1.6607736399660635,83.6,6790.0,-1.30223509732723,0.2044039946585201,11.760067977743825,13.9,-3.224908920508094,-1.5641352805420303
