firms,ocid,release_id,date,tag,buyer,title,award_title,award_date,value,currency,n_suppliers,suppliers,contract_start,contract_end,description,ocds_release_url
HCL,ocds-h6vhtk-04c9ad,069184-2025,2025-10-28T19:24:24Z,award;contract,Warrender Group of Primary Schools Catering,Warrender Group of Primary Schools,Warrender Group of schools catering tender,,,,2,Cleverchefs; HCL,,,"Five primary schools in Hillingdon are collectively tendering their catering services, aiming to commence the contract on 1st August 2025 in Lot one, 1st September 2025 in Lot 2. Of these, two Schools have in-house services and three are delivered in from the production kitchen based at Whiteheath Junior School. As the Schools are in close proximity to each other they are pooling resources for this procurement to optimise and develop their catering provisions. The initial contract duration is se",https://www.find-tender.service.gov.uk/api/1.0/ocdsReleasePackages/069184-2025
Accenture,ocds-h6vhtk-04a370,066780-2025,2025-10-20T15:03:38+01:00,award;contract,"The Police, Fire and Crime Commissioner for Northamptonshire",ICT Framework,,,,,27,Accenture UK Limited; Actica Consulting Ltd; Apira Limited; Asset Lifecycle Solutions Ltd; Astralis Technology Ltd; Baringa Partners LLP; Bearingpoint Limited; Boxxe Ltd; CCL Forensics Ltd; CDW Limited; Chorus Intelligence Ltd; Deloitte LLP; Evisa Solutions Ltd T/A Malikshaw Interim & Executive; Gooding & Co Ltd T/A Data Privacy Advisory Service; I2 Group Ltd; Insight Direct (UK) Ltd; Issured Ltd;,,,"The Police, Fire and Crime Commissioner for Northamptonshire, in collaboration with BlueLight Commercial, has established a multi Contractor framework agreement for the provision of ICT Goods and Services",https://www.find-tender.service.gov.uk/api/1.0/ocdsReleasePackages/066780-2025
Accenture,ocds-h6vhtk-04a370,066780-2025,2025-10-20T15:03:38+01:00,award;contract,"The Police, Fire and Crime Commissioner for Northamptonshire",ICT Framework,,,,,27,Accenture UK Limited; Actica Consulting Ltd; Apira Limited; Asset Lifecycle Solutions Ltd; Astralis Technology Ltd; Baringa Partners LLP; Bearingpoint Limited; Boxxe Ltd; CCL Forensics Ltd; CDW Limited; Chorus Intelligence Ltd; Deloitte LLP; Evisa Solutions Ltd T/A Malikshaw Interim & Executive; Gooding & Co Ltd T/A Data Privacy Advisory Service; I2 Group Ltd; Insight Direct (UK) Ltd; Issured Ltd;,,,"The Police, Fire and Crime Commissioner for Northamptonshire, in collaboration with BlueLight Commercial, has established a multi Contractor framework agreement for the provision of ICT Goods and Services",https://www.find-tender.service.gov.uk/api/1.0/ocdsReleasePackages/066780-2025
Accenture,ocds-h6vhtk-04a370,066780-2025,2025-10-20T15:03:38+01:00,award;contract,"The Police, Fire and Crime Commissioner for Northamptonshire",ICT Framework,,,,,27,Accenture UK Limited; Actica Consulting Ltd; Apira Limited; Asset Lifecycle Solutions Ltd; Astralis Technology Ltd; Baringa Partners LLP; Bearingpoint Limited; Boxxe Ltd; CCL Forensics Ltd; CDW Limited; Chorus Intelligence Ltd; Deloitte LLP; Evisa Solutions Ltd T/A Malikshaw Interim & Executive; Gooding & Co Ltd T/A Data Privacy Advisory Service; I2 Group Ltd; Insight Direct (UK) Ltd; Issured Ltd;,,,"The Police, Fire and Crime Commissioner for Northamptonshire, in collaboration with BlueLight Commercial, has established a multi Contractor framework agreement for the provision of ICT Goods and Services",https://www.find-tender.service.gov.uk/api/1.0/ocdsReleasePackages/066780-2025
Accenture,ocds-h6vhtk-04a370,066780-2025,2025-10-20T15:03:38+01:00,award;contract,"The Police, Fire and Crime Commissioner for Northamptonshire",ICT Framework,,,,,27,Accenture UK Limited; Actica Consulting Ltd; Apira Limited; Asset Lifecycle Solutions Ltd; Astralis Technology Ltd; Baringa Partners LLP; Bearingpoint Limited; Boxxe Ltd; CCL Forensics Ltd; CDW Limited; Chorus Intelligence Ltd; Deloitte LLP; Evisa Solutions Ltd T/A Malikshaw Interim & Executive; Gooding & Co Ltd T/A Data Privacy Advisory Service; I2 Group Ltd; Insight Direct (UK) Ltd; Issured Ltd;,,,"The Police, Fire and Crime Commissioner for Northamptonshire, in collaboration with BlueLight Commercial, has established a multi Contractor framework agreement for the provision of ICT Goods and Services",https://www.find-tender.service.gov.uk/api/1.0/ocdsReleasePackages/066780-2025
Accenture,ocds-h6vhtk-04a370,066780-2025,2025-10-20T15:03:38+01:00,award;contract,"The Police, Fire and Crime Commissioner for Northamptonshire",ICT Framework,,,,,27,Accenture UK Limited; Actica Consulting Ltd; Apira Limited; Asset Lifecycle Solutions Ltd; Astralis Technology Ltd; Baringa Partners LLP; Bearingpoint Limited; Boxxe Ltd; CCL Forensics Ltd; CDW Limited; Chorus Intelligence Ltd; Deloitte LLP; Evisa Solutions Ltd T/A Malikshaw Interim & Executive; Gooding & Co Ltd T/A Data Privacy Advisory Service; I2 Group Ltd; Insight Direct (UK) Ltd; Issured Ltd;,,,"The Police, Fire and Crime Commissioner for Northamptonshire, in collaboration with BlueLight Commercial, has established a multi Contractor framework agreement for the provision of ICT Goods and Services",https://www.find-tender.service.gov.uk/api/1.0/ocdsReleasePackages/066780-2025
Accenture,ocds-h6vhtk-04a370,066780-2025,2025-10-20T15:03:38+01:00,award;contract,"The Police, Fire and Crime Commissioner for Northamptonshire",ICT Framework,,,,,27,Accenture UK Limited; Actica Consulting Ltd; Apira Limited; Asset Lifecycle Solutions Ltd; Astralis Technology Ltd; Baringa Partners LLP; Bearingpoint Limited; Boxxe Ltd; CCL Forensics Ltd; CDW Limited; Chorus Intelligence Ltd; Deloitte LLP; Evisa Solutions Ltd T/A Malikshaw Interim & Executive; Gooding & Co Ltd T/A Data Privacy Advisory Service; I2 Group Ltd; Insight Direct (UK) Ltd; Issured Ltd;,,,"The Police, Fire and Crime Commissioner for Northamptonshire, in collaboration with BlueLight Commercial, has established a multi Contractor framework agreement for the provision of ICT Goods and Services",https://www.find-tender.service.gov.uk/api/1.0/ocdsReleasePackages/066780-2025
Accenture,ocds-h6vhtk-04a370,066780-2025,2025-10-20T15:03:38+01:00,award;contract,"The Police, Fire and Crime Commissioner for Northamptonshire",ICT Framework,,,,,27,Accenture UK Limited; Actica Consulting Ltd; Apira Limited; Asset Lifecycle Solutions Ltd; Astralis Technology Ltd; Baringa Partners LLP; Bearingpoint Limited; Boxxe Ltd; CCL Forensics Ltd; CDW Limited; Chorus Intelligence Ltd; Deloitte LLP; Evisa Solutions Ltd T/A Malikshaw Interim & Executive; Gooding & Co Ltd T/A Data Privacy Advisory Service; I2 Group Ltd; Insight Direct (UK) Ltd; Issured Ltd;,,,"The Police, Fire and Crime Commissioner for Northamptonshire, in collaboration with BlueLight Commercial, has established a multi Contractor framework agreement for the provision of ICT Goods and Services",https://www.find-tender.service.gov.uk/api/1.0/ocdsReleasePackages/066780-2025
Accenture,ocds-h6vhtk-04a370,066780-2025,2025-10-20T15:03:38+01:00,award;contract,"The Police, Fire and Crime Commissioner for Northamptonshire",ICT Framework,,,,,27,Accenture UK Limited; Actica Consulting Ltd; Apira Limited; Asset Lifecycle Solutions Ltd; Astralis Technology Ltd; Baringa Partners LLP; Bearingpoint Limited; Boxxe Ltd; CCL Forensics Ltd; CDW Limited; Chorus Intelligence Ltd; Deloitte LLP; Evisa Solutions Ltd T/A Malikshaw Interim & Executive; Gooding & Co Ltd T/A Data Privacy Advisory Service; I2 Group Ltd; Insight Direct (UK) Ltd; Issured Ltd;,,,"The Police, Fire and Crime Commissioner for Northamptonshire, in collaboration with BlueLight Commercial, has established a multi Contractor framework agreement for the provision of ICT Goods and Services",https://www.find-tender.service.gov.uk/api/1.0/ocdsReleasePackages/066780-2025
Accenture,ocds-h6vhtk-04a370,066780-2025,2025-10-20T15:03:38+01:00,award;contract,"The Police, Fire and Crime Commissioner for Northamptonshire",ICT Framework,,,,,27,Accenture UK Limited; Actica Consulting Ltd; Apira Limited; Asset Lifecycle Solutions Ltd; Astralis Technology Ltd; Baringa Partners LLP; Bearingpoint Limited; Boxxe Ltd; CCL Forensics Ltd; CDW Limited; Chorus Intelligence Ltd; Deloitte LLP; Evisa Solutions Ltd T/A Malikshaw Interim & Executive; Gooding & Co Ltd T/A Data Privacy Advisory Service; I2 Group Ltd; Insight Direct (UK) Ltd; Issured Ltd;,,,"The Police, Fire and Crime Commissioner for Northamptonshire, in collaboration with BlueLight Commercial, has established a multi Contractor framework agreement for the provision of ICT Goods and Services",https://www.find-tender.service.gov.uk/api/1.0/ocdsReleasePackages/066780-2025
Accenture,ocds-h6vhtk-04a370,066780-2025,2025-10-20T15:03:38+01:00,award;contract,"The Police, Fire and Crime Commissioner for Northamptonshire",ICT Framework,,,,,27,Accenture UK Limited; Actica Consulting Ltd; Apira Limited; Asset Lifecycle Solutions Ltd; Astralis Technology Ltd; Baringa Partners LLP; Bearingpoint Limited; Boxxe Ltd; CCL Forensics Ltd; CDW Limited; Chorus Intelligence Ltd; Deloitte LLP; Evisa Solutions Ltd T/A Malikshaw Interim & Executive; Gooding & Co Ltd T/A Data Privacy Advisory Service; I2 Group Ltd; Insight Direct (UK) Ltd; Issured Ltd;,,,"The Police, Fire and Crime Commissioner for Northamptonshire, in collaboration with BlueLight Commercial, has established a multi Contractor framework agreement for the provision of ICT Goods and Services",https://www.find-tender.service.gov.uk/api/1.0/ocdsReleasePackages/066780-2025
Accenture,ocds-h6vhtk-04a370,066780-2025,2025-10-20T15:03:38+01:00,award;contract,"The Police, Fire and Crime Commissioner for Northamptonshire",ICT Framework,,,,,27,Accenture UK Limited; Actica Consulting Ltd; Apira Limited; Asset Lifecycle Solutions Ltd; Astralis Technology Ltd; Baringa Partners LLP; Bearingpoint Limited; Boxxe Ltd; CCL Forensics Ltd; CDW Limited; Chorus Intelligence Ltd; Deloitte LLP; Evisa Solutions Ltd T/A Malikshaw Interim & Executive; Gooding & Co Ltd T/A Data Privacy Advisory Service; I2 Group Ltd; Insight Direct (UK) Ltd; Issured Ltd;,,,"The Police, Fire and Crime Commissioner for Northamptonshire, in collaboration with BlueLight Commercial, has established a multi Contractor framework agreement for the provision of ICT Goods and Services",https://www.find-tender.service.gov.uk/api/1.0/ocdsReleasePackages/066780-2025
Accenture,ocds-h6vhtk-04a370,066780-2025,2025-10-20T15:03:38+01:00,award;contract,"The Police, Fire and Crime Commissioner for Northamptonshire",ICT Framework,,,,,27,Accenture UK Limited; Actica Consulting Ltd; Apira Limited; Asset Lifecycle Solutions Ltd; Astralis Technology Ltd; Baringa Partners LLP; Bearingpoint Limited; Boxxe Ltd; CCL Forensics Ltd; CDW Limited; Chorus Intelligence Ltd; Deloitte LLP; Evisa Solutions Ltd T/A Malikshaw Interim & Executive; Gooding & Co Ltd T/A Data Privacy Advisory Service; I2 Group Ltd; Insight Direct (UK) Ltd; Issured Ltd;,,,"The Police, Fire and Crime Commissioner for Northamptonshire, in collaboration with BlueLight Commercial, has established a multi Contractor framework agreement for the provision of ICT Goods and Services",https://www.find-tender.service.gov.uk/api/1.0/ocdsReleasePackages/066780-2025
Accenture,ocds-h6vhtk-04a370,066780-2025,2025-10-20T15:03:38+01:00,award;contract,"The Police, Fire and Crime Commissioner for Northamptonshire",ICT Framework,,,,,27,Accenture UK Limited; Actica Consulting Ltd; Apira Limited; Asset Lifecycle Solutions Ltd; Astralis Technology Ltd; Baringa Partners LLP; Bearingpoint Limited; Boxxe Ltd; CCL Forensics Ltd; CDW Limited; Chorus Intelligence Ltd; Deloitte LLP; Evisa Solutions Ltd T/A Malikshaw Interim & Executive; Gooding & Co Ltd T/A Data Privacy Advisory Service; I2 Group Ltd; Insight Direct (UK) Ltd; Issured Ltd;,,,"The Police, Fire and Crime Commissioner for Northamptonshire, in collaboration with BlueLight Commercial, has established a multi Contractor framework agreement for the provision of ICT Goods and Services",https://www.find-tender.service.gov.uk/api/1.0/ocdsReleasePackages/066780-2025
Accenture,ocds-h6vhtk-04a370,066780-2025,2025-10-20T15:03:38+01:00,award;contract,"The Police, Fire and Crime Commissioner for Northamptonshire",ICT Framework,,,,,27,Accenture UK Limited; Actica Consulting Ltd; Apira Limited; Asset Lifecycle Solutions Ltd; Astralis Technology Ltd; Baringa Partners LLP; Bearingpoint Limited; Boxxe Ltd; CCL Forensics Ltd; CDW Limited; Chorus Intelligence Ltd; Deloitte LLP; Evisa Solutions Ltd T/A Malikshaw Interim & Executive; Gooding & Co Ltd T/A Data Privacy Advisory Service; I2 Group Ltd; Insight Direct (UK) Ltd; Issured Ltd;,,,"The Police, Fire and Crime Commissioner for Northamptonshire, in collaboration with BlueLight Commercial, has established a multi Contractor framework agreement for the provision of ICT Goods and Services",https://www.find-tender.service.gov.uk/api/1.0/ocdsReleasePackages/066780-2025
Accenture,ocds-h6vhtk-04a370,066780-2025,2025-10-20T15:03:38+01:00,award;contract,"The Police, Fire and Crime Commissioner for Northamptonshire",ICT Framework,,,,,27,Accenture UK Limited; Actica Consulting Ltd; Apira Limited; Asset Lifecycle Solutions Ltd; Astralis Technology Ltd; Baringa Partners LLP; Bearingpoint Limited; Boxxe Ltd; CCL Forensics Ltd; CDW Limited; Chorus Intelligence Ltd; Deloitte LLP; Evisa Solutions Ltd T/A Malikshaw Interim & Executive; Gooding & Co Ltd T/A Data Privacy Advisory Service; I2 Group Ltd; Insight Direct (UK) Ltd; Issured Ltd;,,,"The Police, Fire and Crime Commissioner for Northamptonshire, in collaboration with BlueLight Commercial, has established a multi Contractor framework agreement for the provision of ICT Goods and Services",https://www.find-tender.service.gov.uk/api/1.0/ocdsReleasePackages/066780-2025
Accenture,ocds-h6vhtk-04a370,066780-2025,2025-10-20T15:03:38+01:00,award;contract,"The Police, Fire and Crime Commissioner for Northamptonshire",ICT Framework,,,,,27,Accenture UK Limited; Actica Consulting Ltd; Apira Limited; Asset Lifecycle Solutions Ltd; Astralis Technology Ltd; Baringa Partners LLP; Bearingpoint Limited; Boxxe Ltd; CCL Forensics Ltd; CDW Limited; Chorus Intelligence Ltd; Deloitte LLP; Evisa Solutions Ltd T/A Malikshaw Interim & Executive; Gooding & Co Ltd T/A Data Privacy Advisory Service; I2 Group Ltd; Insight Direct (UK) Ltd; Issured Ltd;,,,"The Police, Fire and Crime Commissioner for Northamptonshire, in collaboration with BlueLight Commercial, has established a multi Contractor framework agreement for the provision of ICT Goods and Services",https://www.find-tender.service.gov.uk/api/1.0/ocdsReleasePackages/066780-2025
Accenture,ocds-h6vhtk-04a370,066780-2025,2025-10-20T15:03:38+01:00,award;contract,"The Police, Fire and Crime Commissioner for Northamptonshire",ICT Framework,,,,,27,Accenture UK Limited; Actica Consulting Ltd; Apira Limited; Asset Lifecycle Solutions Ltd; Astralis Technology Ltd; Baringa Partners LLP; Bearingpoint Limited; Boxxe Ltd; CCL Forensics Ltd; CDW Limited; Chorus Intelligence Ltd; Deloitte LLP; Evisa Solutions Ltd T/A Malikshaw Interim & Executive; Gooding & Co Ltd T/A Data Privacy Advisory Service; I2 Group Ltd; Insight Direct (UK) Ltd; Issured Ltd;,,,"The Police, Fire and Crime Commissioner for Northamptonshire, in collaboration with BlueLight Commercial, has established a multi Contractor framework agreement for the provision of ICT Goods and Services",https://www.find-tender.service.gov.uk/api/1.0/ocdsReleasePackages/066780-2025
Accenture,ocds-h6vhtk-04a370,066780-2025,2025-10-20T15:03:38+01:00,award;contract,"The Police, Fire and Crime Commissioner for Northamptonshire",ICT Framework,,,,,27,Accenture UK Limited; Actica Consulting Ltd; Apira Limited; Asset Lifecycle Solutions Ltd; Astralis Technology Ltd; Baringa Partners LLP; Bearingpoint Limited; Boxxe Ltd; CCL Forensics Ltd; CDW Limited; Chorus Intelligence Ltd; Deloitte LLP; Evisa Solutions Ltd T/A Malikshaw Interim & Executive; Gooding & Co Ltd T/A Data Privacy Advisory Service; I2 Group Ltd; Insight Direct (UK) Ltd; Issured Ltd;,,,"The Police, Fire and Crime Commissioner for Northamptonshire, in collaboration with BlueLight Commercial, has established a multi Contractor framework agreement for the provision of ICT Goods and Services",https://www.find-tender.service.gov.uk/api/1.0/ocdsReleasePackages/066780-2025
Accenture,ocds-h6vhtk-04a370,066780-2025,2025-10-20T15:03:38+01:00,award;contract,"The Police, Fire and Crime Commissioner for Northamptonshire",ICT Framework,,,,,27,Accenture UK Limited; Actica Consulting Ltd; Apira Limited; Asset Lifecycle Solutions Ltd; Astralis Technology Ltd; Baringa Partners LLP; Bearingpoint Limited; Boxxe Ltd; CCL Forensics Ltd; CDW Limited; Chorus Intelligence Ltd; Deloitte LLP; Evisa Solutions Ltd T/A Malikshaw Interim & Executive; Gooding & Co Ltd T/A Data Privacy Advisory Service; I2 Group Ltd; Insight Direct (UK) Ltd; Issured Ltd;,,,"The Police, Fire and Crime Commissioner for Northamptonshire, in collaboration with BlueLight Commercial, has established a multi Contractor framework agreement for the provision of ICT Goods and Services",https://www.find-tender.service.gov.uk/api/1.0/ocdsReleasePackages/066780-2025
Accenture,ocds-h6vhtk-04a370,066780-2025,2025-10-20T15:03:38+01:00,award;contract,"The Police, Fire and Crime Commissioner for Northamptonshire",ICT Framework,,,,,27,Accenture UK Limited; Actica Consulting Ltd; Apira Limited; Asset Lifecycle Solutions Ltd; Astralis Technology Ltd; Baringa Partners LLP; Bearingpoint Limited; Boxxe Ltd; CCL Forensics Ltd; CDW Limited; Chorus Intelligence Ltd; Deloitte LLP; Evisa Solutions Ltd T/A Malikshaw Interim & Executive; Gooding & Co Ltd T/A Data Privacy Advisory Service; I2 Group Ltd; Insight Direct (UK) Ltd; Issured Ltd;,,,"The Police, Fire and Crime Commissioner for Northamptonshire, in collaboration with BlueLight Commercial, has established a multi Contractor framework agreement for the provision of ICT Goods and Services",https://www.find-tender.service.gov.uk/api/1.0/ocdsReleasePackages/066780-2025
Accenture,ocds-h6vhtk-04a370,066780-2025,2025-10-20T15:03:38+01:00,award;contract,"The Police, Fire and Crime Commissioner for Northamptonshire",ICT Framework,,,,,27,Accenture UK Limited; Actica Consulting Ltd; Apira Limited; Asset Lifecycle Solutions Ltd; Astralis Technology Ltd; Baringa Partners LLP; Bearingpoint Limited; Boxxe Ltd; CCL Forensics Ltd; CDW Limited; Chorus Intelligence Ltd; Deloitte LLP; Evisa Solutions Ltd T/A Malikshaw Interim & Executive; Gooding & Co Ltd T/A Data Privacy Advisory Service; I2 Group Ltd; Insight Direct (UK) Ltd; Issured Ltd;,,,"The Police, Fire and Crime Commissioner for Northamptonshire, in collaboration with BlueLight Commercial, has established a multi Contractor framework agreement for the provision of ICT Goods and Services",https://www.find-tender.service.gov.uk/api/1.0/ocdsReleasePackages/066780-2025
Accenture,ocds-h6vhtk-04a370,066780-2025,2025-10-20T15:03:38+01:00,award;contract,"The Police, Fire and Crime Commissioner for Northamptonshire",ICT Framework,,,,,27,Accenture UK Limited; Actica Consulting Ltd; Apira Limited; Asset Lifecycle Solutions Ltd; Astralis Technology Ltd; Baringa Partners LLP; Bearingpoint Limited; Boxxe Ltd; CCL Forensics Ltd; CDW Limited; Chorus Intelligence Ltd; Deloitte LLP; Evisa Solutions Ltd T/A Malikshaw Interim & Executive; Gooding & Co Ltd T/A Data Privacy Advisory Service; I2 Group Ltd; Insight Direct (UK) Ltd; Issured Ltd;,,,"The Police, Fire and Crime Commissioner for Northamptonshire, in collaboration with BlueLight Commercial, has established a multi Contractor framework agreement for the provision of ICT Goods and Services",https://www.find-tender.service.gov.uk/api/1.0/ocdsReleasePackages/066780-2025
Accenture,ocds-h6vhtk-04a370,066780-2025,2025-10-20T15:03:38+01:00,award;contract,"The Police, Fire and Crime Commissioner for Northamptonshire",ICT Framework,,,,,27,Accenture UK Limited; Actica Consulting Ltd; Apira Limited; Asset Lifecycle Solutions Ltd; Astralis Technology Ltd; Baringa Partners LLP; Bearingpoint Limited; Boxxe Ltd; CCL Forensics Ltd; CDW Limited; Chorus Intelligence Ltd; Deloitte LLP; Evisa Solutions Ltd T/A Malikshaw Interim & Executive; Gooding & Co Ltd T/A Data Privacy Advisory Service; I2 Group Ltd; Insight Direct (UK) Ltd; Issured Ltd;,,,"The Police, Fire and Crime Commissioner for Northamptonshire, in collaboration with BlueLight Commercial, has established a multi Contractor framework agreement for the provision of ICT Goods and Services",https://www.find-tender.service.gov.uk/api/1.0/ocdsReleasePackages/066780-2025
Accenture,ocds-h6vhtk-04a370,066780-2025,2025-10-20T15:03:38+01:00,award;contract,"The Police, Fire and Crime Commissioner for Northamptonshire",ICT Framework,,,,,27,Accenture UK Limited; Actica Consulting Ltd; Apira Limited; Asset Lifecycle Solutions Ltd; Astralis Technology Ltd; Baringa Partners LLP; Bearingpoint Limited; Boxxe Ltd; CCL Forensics Ltd; CDW Limited; Chorus Intelligence Ltd; Deloitte LLP; Evisa Solutions Ltd T/A Malikshaw Interim & Executive; Gooding & Co Ltd T/A Data Privacy Advisory Service; I2 Group Ltd; Insight Direct (UK) Ltd; Issured Ltd;,,,"The Police, Fire and Crime Commissioner for Northamptonshire, in collaboration with BlueLight Commercial, has established a multi Contractor framework agreement for the provision of ICT Goods and Services",https://www.find-tender.service.gov.uk/api/1.0/ocdsReleasePackages/066780-2025
Accenture,ocds-h6vhtk-04a370,066780-2025,2025-10-20T15:03:38+01:00,award;contract,"The Police, Fire and Crime Commissioner for Northamptonshire",ICT Framework,,,,,27,Accenture UK Limited; Actica Consulting Ltd; Apira Limited; Asset Lifecycle Solutions Ltd; Astralis Technology Ltd; Baringa Partners LLP; Bearingpoint Limited; Boxxe Ltd; CCL Forensics Ltd; CDW Limited; Chorus Intelligence Ltd; Deloitte LLP; Evisa Solutions Ltd T/A Malikshaw Interim & Executive; Gooding & Co Ltd T/A Data Privacy Advisory Service; I2 Group Ltd; Insight Direct (UK) Ltd; Issured Ltd;,,,"The Police, Fire and Crime Commissioner for Northamptonshire, in collaboration with BlueLight Commercial, has established a multi Contractor framework agreement for the provision of ICT Goods and Services",https://www.find-tender.service.gov.uk/api/1.0/ocdsReleasePackages/066780-2025
Accenture,ocds-h6vhtk-04a370,066780-2025,2025-10-20T15:03:38+01:00,award;contract,"The Police, Fire and Crime Commissioner for Northamptonshire",ICT Framework,,,,,27,Accenture UK Limited; Actica Consulting Ltd; Apira Limited; Asset Lifecycle Solutions Ltd; Astralis Technology Ltd; Baringa Partners LLP; Bearingpoint Limited; Boxxe Ltd; CCL Forensics Ltd; CDW Limited; Chorus Intelligence Ltd; Deloitte LLP; Evisa Solutions Ltd T/A Malikshaw Interim & Executive; Gooding & Co Ltd T/A Data Privacy Advisory Service; I2 Group Ltd; Insight Direct (UK) Ltd; Issured Ltd;,,,"The Police, Fire and Crime Commissioner for Northamptonshire, in collaboration with BlueLight Commercial, has established a multi Contractor framework agreement for the provision of ICT Goods and Services",https://www.find-tender.service.gov.uk/api/1.0/ocdsReleasePackages/066780-2025
Accenture,ocds-h6vhtk-04a370,066780-2025,2025-10-20T15:03:38+01:00,award;contract,"The Police, Fire and Crime Commissioner for Northamptonshire",ICT Framework,,,,,27,Accenture UK Limited; Actica Consulting Ltd; Apira Limited; Asset Lifecycle Solutions Ltd; Astralis Technology Ltd; Baringa Partners LLP; Bearingpoint Limited; Boxxe Ltd; CCL Forensics Ltd; CDW Limited; Chorus Intelligence Ltd; Deloitte LLP; Evisa Solutions Ltd T/A Malikshaw Interim & Executive; Gooding & Co Ltd T/A Data Privacy Advisory Service; I2 Group Ltd; Insight Direct (UK) Ltd; Issured Ltd;,,,"The Police, Fire and Crime Commissioner for Northamptonshire, in collaboration with BlueLight Commercial, has established a multi Contractor framework agreement for the provision of ICT Goods and Services",https://www.find-tender.service.gov.uk/api/1.0/ocdsReleasePackages/066780-2025
