term,name,uei,subaward_usd_2018_2026
Infosys,"INFOSYS PUBLIC SERVICES, INC.",U3ECNCGEU6S6,6545867
Infosys,,,895847
HCL America,"HCL AMERICA, INC.",DXMYWCBFQQY1,2423458
Wipro,,,5970083
Wipro,WIPRO GIVON USA INC,K8GDEZN9JLW8,2040793
Tech Mahindra,,,3323617
Cognizant,"COGNIZANT GOVERNMENT SOLUTIONS, INC.",QGLKHDNEX3R5,86091209
Cognizant,,,33122896
Accenture,ACCENTURE FEDERAL SERVICES LLC,C47BNA8GM833,4162778191
Accenture,ACCENTURE FEDERAL SERVICES LLC,S71BLA1TM5A6,123120711
Accenture,,,26640186
Accenture,ACCENTURE LLP,NKF4GENK83K4,14341521
