,statements,statements,statements,statements,statements,per_transcript,per_transcript,per_transcript,per_transcript,per_transcript,share_of_transcripts_with_any,share_of_transcripts_with_any,share_of_transcripts_with_any,share_of_transcripts_with_any,share_of_transcripts_with_any,n_transcripts
c1_primary,A,B,C,D,E,A,B,C,D,E,A,B,C,D,E,
half_year,,,,,,,,,,,,,,,,
2021H1,22,9,3,1,99,1.375,0.562,0.188,0.062,6.188,0.75,0.375,0.188,0.062,1.0,16
2021H2,7,4,3,2,129,0.438,0.25,0.188,0.125,8.062,0.438,0.25,0.188,0.125,1.0,16
2022H1,7,4,3,0,127,0.438,0.25,0.188,0.0,7.938,0.375,0.25,0.125,0.0,1.0,16
2022H2,48,2,3,0,120,3.0,0.125,0.188,0.0,7.5,0.812,0.125,0.188,0.0,1.0,16
2023H1,113,7,4,4,61,7.533,0.467,0.267,0.267,4.067,1.0,0.467,0.267,0.267,1.0,15
2023H2,126,4,4,4,44,7.875,0.25,0.25,0.25,2.75,1.0,0.25,0.188,0.25,0.938,16
2024H1,102,6,6,2,49,6.375,0.375,0.375,0.125,3.062,1.0,0.375,0.188,0.062,1.0,16
2024H2,75,2,8,10,89,4.688,0.125,0.5,0.625,5.562,0.938,0.125,0.375,0.375,1.0,16
2025H1,91,3,5,23,86,5.688,0.188,0.312,1.438,5.375,1.0,0.188,0.25,0.688,1.0,16
2025H2,78,3,12,21,103,4.875,0.188,0.75,1.312,6.438,0.938,0.188,0.438,0.75,1.0,16
2026H1,80,1,14,26,96,5.0,0.062,0.875,1.625,6.0,1.0,0.062,0.625,0.625,1.0,16
2026H2,47,2,7,24,52,5.875,0.25,0.875,3.0,6.5,1.0,0.25,0.5,1.0,1.0,8
