firm,country_listing,latest_doc_period,service_lines_reported,utilization,headcount_quarterly,cc_growth,onsite_offshore,deal_tcv,pricing_model_split,other_metrics,consistent_quarterly_from_rough,ai_exposure_mapping,source_url
Persistent Systems,India NSE/BSE,Q1 FY27 (Jun-2026),no (only industry segments BFSI/HLS/Software-HiTech; pre-FY23 sheets split Services vs IP-Led),Y (incl. trainees; pre-FY23 'linear utilization' by GDC vs India),Y (technical/sales/others),Y (QoQ & YoY),Y (linear effort mix GDC vs India %),"Y (TCV & ACV quarterly, new vs total, TTM)",N (current); BUT through >=Q1FY22 reported billed person-months and revenue per billed person-month (GDC vs India) = price per unit of effort,client buckets; top-5/10/20/50/100 concentration; TTM attrition; DSO; hedges,rough FY2012 (fact sheet format long-running; effort/PM series to ~FY22),no - no service-line split; but historical person-month price series is valuable,https://www.persistent.com/wp-content/uploads/2026/08/analyst-presentation-and-factsheet-q1fy27.pdf ; historical: https://www.persistent.com/wp-content/uploads/2021/07/analyst-presentation-and-factsheet-q1fy22.pdf
Coforge,India NSE/BSE,Q1 FY27 (Jun-2026),AI-led Engineering; Intelligent Automation; Data and Integration; Cloud; Business Process Management (BPM),"Y (incl. trainees, excl. BPS)","Y (billable IT, billable BPS, S&M, others)",Y (organic CC QoQ/YoY),Y (IT revenue onsite/offshore %),Y (fresh order intake by geo; 12-month executable order book),Y (Fixed Price vs T&M % of revenue),IT revenue per billable headcount; client buckets; repeat business; LTM attrition; DSO,"rough FY2015 (as NIIT Tech; horizontals renamed several times, Encora acq. Q1FY27 breaks series)",partial - BPM and Cloud(infra mgmt) = high exposure; 'AI-led Engineering' is a relabelled catch-all (ADM+product eng),https://investors.coforge.com/hubfs/Investor-Presentation-Q1-FY27.pdf
Mphasis,India NSE/BSE,Q1 FY27 (Jun-2026),Application Services; Business Process Services; Infrastructure Services (also Direct vs DXC channel),Y (incl./excl. trainees),Y (billable onsite/offshore x Technology/BPO),"Y (by segment, geo, service type)",Y (revenue by delivery location),Y (new TCV wins; % AI-led),Y (Time & Material / Transaction-based (unit of output) / Fixed Price %),gross margin by vertical; client concentration & buckets (ex-DXC); billable headcount by BPO vs tech,rough FY2015 (Group Overview MD&A; URL pattern verified back to FY22),clean - BPS & Infrastructure (high) vs Application Services; plus output-based pricing share,https://www.mphasis.com/content/dam/mphasis-com/global/en/investors/financial-results/2027/q1-group-overview-mda.pdf
Hexaware,India NSE/BSE (relisted Feb-2025; delisted 2020-2025),Q2 CY26 (Jun-2026),IT Services; BPS; Others (2010-2020 era: ADM; Enterprise Solutions; Digital Assurance(testing); BI&A; BPS; IMS),"Y (IT, hours-based)",Y (IT vs BPS professionals),Y,Y (onshore/offshore IT revenue),N (not in fact sheet),N (current); rough: pre-2020 sheets had FP/T&M (unverified),client pyramid; top-5/10/20; voluntary IT attrition; DSO,rough 2008-2020 then gap to 2024/25 (DRHP restated),"clean for 2010-2020 (testing, IMS, BPS separated) ; partial now (IT vs BPS only)",https://cdn.hexaware.com/wp-content/uploads/2025/02/Fact-Sheet-Q2-2026.pdf ; historical: https://cdn.hexaware.com/wp-content/uploads/2019/11/Investor-Presentation-on-financial-results-for-the-quarter-and-year-ended-December-31-2020-1-2.pdf
Birlasoft,India NSE/BSE,Q1 FY27 (Jun-2026),Digital and Data; ERP; Infra,Y,Y (technical/sales & support),Y,Y (revenue onsite/offshore %),Y (TCV total and new),Y (T&M vs Fixed Price/Fixed Monthly %),active clients; $1m/5m/10m buckets; top-5/10/20; LTM attrition,rough FY2020 (entity formed Jan-2019 from KPIT IT biz),partial - Infra separable (high); ERP & Digital/Data mixed,https://www.birlasoft.com/sites/default/files/resources/downloads/investors/investor-update/q1-fy27-investor-update.pdf
L&T Technology Services (LTTS),India NSE/BSE,Q1 FY27 (Jun-2026),no service lines - segments are industry: Mobility; Sustainability; Tech (pre-FY25: Transportation; Industrial Products; Telecom & Hi-tech; Plant Engineering; Medical Devices),N (not in release),Y (billable/sales & support),Y,Y (revenue onsite/offshore %),N (qualitative large-deal counts only),Y (Fixed Price vs T&M %),active clients & $ buckets; top-5/10/20; LTM attrition; patents,rough FY2017 (IPO Sep-2016),no - all ER&D; lower/different exposure (useful as ER&D control),https://www.ltts.com/system/files/2026-07/LTTS-Q1FY27-Investor-Release.pdf
Cyient,India NSE/BSE,Q4 FY26 deck (Mar-2026); Q1 FY27 via press release,"segments DET; DLM; Semiconductors; DET BUs = Transportation & Mobility; Networks & Infrastructure; Strategic Units (industry, not service)",N (not in deck),N (not in deck/PR),Y (cc QoQ/YoY by BU),N,Y (order intake qualitative; DLM order book),N,DET vs DLM (manufacturing) split; FCF,rough FY2012 (as Infotech; segments redefined FY24-26),no - ER&D + electronics manufacturing; DLM is non-IT,https://www.cyient.com/hubfs/2026/Investors/Financial%20Information/Key%20Financials/Investor-Presentation-Q4FY26-and-FY26.pdf
Zensar,India NSE/BSE,Q1 FY27 (Jun-2026),"no (verticals BFSI/TMT/HLS/MCS only; rough: earlier DAS vs DFS split, unverified)",N,N (not in deck),Y (by vertical & geo),N,Y (order book $),N,client buckets; top-5/10/20; attrition,rough FY2019 (format changed often),no - thin disclosure,https://assets.ctfassets.net/bjl3f17nyta4/3Ji5CK1TdalZhjhvDv5q5x/85c403c5d7f9643f2556b270709bbcb9/Zensar-Analyst-Presentation-Q1FY27.pdf
Sonata Software,India NSE/BSE,Q1 FY27 (Jun-2026),International IT Services vs Domestic Products & Services; intl 'GTM' mix Cloud; Dynamics; Data; Others (chart),Y (chart only),Y (intl by function; chart),Y,N,N (AI-led order book only),N (domestic 'annuity' share only),top clients; geo; verticals,rough FY2016 (deck mostly images; hard to extract),no - domestic segment is reselling; service mix is platform-based not task-based,https://www.sonata-software.com/sites/default/files/financial-reports/2026-08/investorpresentation.pdf
EPAM,US NYSE,Q2 2026 (Jun-2026),no service lines (verticals: Financial Services; Consumer Goods Retail & Travel; Software & Hi-Tech; Life Sciences & Healthcare; Business Information & Media; Emerging; segments by geography),N in release (disclosed on calls),Y (total & delivery professionals),Y (organic CC),N (nearshore model; no split),N,Y (10-Q: Time-and-materials / Fixed-price / Licensing & other $ by segment),top clients (10-K); 10-Q has contract-type table,rough 2012 (IPO Feb-2012),no - no service lines; FP/T&M useful,https://www.sec.gov/Archives/edgar/data/1352010/000135201026000043/exhibit99_q2x2026.htm ; https://www.sec.gov/Archives/edgar/data/1352010/000135201026000046/epam-20260630.htm
Globant,US NYSE (6-K filer),Q2 2026 (Jun-2026),"no (release: geography, currency; verticals only in slides)",N (release),Y (total employees; IT professionals),Y (cc in text),N,N (qualitative),N quarterly (20-F annual T&M/FP; rough) - note subscription 'AI Pods' priced on output,top-1/5/10 customers; customers >$1M; LTM customers,rough 2014 (IPO Jul-2014),no,https://www.sec.gov/Archives/edgar/data/1557860/000110465926095916/tm2623064d1_ex99-1.htm
Capgemini,France Euronext Paris,H1 2026 (Jun-2026; Q1/Q3 revenue releases),"Strategy & Transformation; Applications & Technology; Operations & Engineering (O&E = Intelligent Business Ops/BPO + Infra & Cloud + ER&D) - growth rates & prior-year weights, not levels",N,Y-ish (period-end headcount in releases; rough),Y,"Y (onshore vs offshore headcount, 66% offshore)","Y (bookings, book-to-bill)",N,regions & sectors; operating margin by region (H1/FY),rough 2018 (business-line reporting began ~2018; before: Consulting/Tech&Eng/App Services/Other Managed Services),partial - O&E mixes BPO+infra (high) with ER&D (low); A&T large and mixed,https://www.capgemini.com/wp-content/uploads/2026/07/Capgemini_-_2026-07-30_-_2026_Half-year_Results.pdf
Endava,US NYSE (6-K filer; UK co.),"Q3 FY26 (Mar-2026) - Q4 FY26 delayed to <=2-Nov-2026 (audit committee investigation, CFO on leave)",no (industry verticals: Payments; BCM; Insurance; TMT; Mobility; Healthcare; Other),N,Y (closing & avg operational employees),Y,N (nearshore),N,N,top-10 %; clients >GBP1m; geography,rough FY2017 (IPO Jul-2018),no,https://www.sec.gov/Archives/edgar/data/1656081/000165608126000015/endavapressreleaseq3fy26.htm
DXC Technology,US NYSE,Q1 FY27 (Jun-2026),"segments: Consulting & Engineering Services (CES); Global Infrastructure Services (GIS); Insurance Software & Services (new structure; old GBS/GIS with Modern Workplace, Cloud Infra & ITO no longer in release)",N,N (annual),Y (organic),N,Y (bookings & book-to-bill by segment),N,segment profit margin,rough FY2018 (formed Apr-2017; segment defs changed FY24/FY27),"partial - GIS (infra/ITO, high) vs CES (consulting+apps+eng, mixed)",https://www.sec.gov/Archives/edgar/data/1688568/000168856826000067/dxcfy27q1pressrelease.htm
Kyndryl,US NYSE,Q1 FY27 (Jun-2026),no service-line segments (geographic: United States; Japan; Principal Markets; Strategic Markets); discloses Kyndryl Consult revenue & hyperscaler-related revenue,N,N,Y,N,Y (signings quarterly & TTM),N,Kyndryl Consult growth; hyperscaler run-rate,rough FY2023 (spun off Nov-2021),partial - whole firm is infra-managed-services (uniformly high exposure); Consult is the lower-exposure slice,https://www.sec.gov/Archives/edgar/data/1867072/000110465926090725/kd-20260805xex99d1.htm
IBM (Consulting segment),US NYSE,Q2 2026 (Jun-2026),Consulting: Strategy and Technology; Intelligent Operations (2026 structure; 2021-25: Business Transformation; Technology Consulting; Application Operations),N,N,Y,N,"Y-ish (Consulting signings/book-to-bill in earnings slides, not in 8-K ex99.1; rough)",N,segment pre-tax margin,rough 2021 (Kyndryl spin & new segments); older GBS 2000s-2020,"partial/clean - Intelligent Operations (app ops + BPO, high) vs Strategy & Technology (lower)",https://www.sec.gov/Archives/edgar/data/51143/000005114326000077/ibm-20260722xex991.htm
